mean_intensity,std_intensity,skew_intensity,kurt_intensity,laplacian_var,fft_mean,edge_density,contrast,homogeneity,energy,correlation,entropy,bone_area_ratio,cartilage_area_ratio,joint_space_width,osteophyte_score,sclerosis_index,mean_gradient,hist_peak_pos,hist_spread,kl_grade,class_name
127.45071229516849,25.433434047233796,0.1753135223903991,2.6001796021183257,778.0524270674192,39.598573800204946,47.78262446662747,52.206014195870054,0.6148140429463931,0.25056387078168,0.8068253197517533,5.743652618522497,0.3753510136067678,0.14007675311930842,4.387078536736308,0.20507580015199642,0.09452428058668676,32.311273020173644,71.59026815952066,53.59731675067757,0,KL-0
117.92603548243223,31.403749862277362,-0.4064178912869496,2.1564755670997977,964.9851702977821,43.84385063427586,56.76820872139398,82.31640396776596,0.6340355891347338,0.2568534329130488,0.8484398255530458,6.035964932605898,0.3471302317462982,0.1346951755904935,4.437847887956532,0.1186264727804161,0.10230204512647989,23.547730418861054,104.24524757069668,56.0081019521671,0,KL-0
129.71532807151038,35.0314621983091,-0.16155168922360663,2.597838002425827,722.4842985050558,38.66064063200031,49.533199154127345,54.19760029481489,0.6177831884640683,0.42298872574715557,0.8509008436022223,5.060358608794006,0.2802275747622464,0.1544836826898993,4.371674899467217,0.18784300781151414,0.0851921880463025,30.362708997863795,88.24839723660837,73.95889125298795,0,KL-0
142.84544784612038,35.281883562588455,-0.38491011548201715,2.9346384232291105,704.0969592019695,42.53630776288768,52.283448896739465,37.95134483789588,0.7023092650650714,0.30004096913744893,0.8736315172921703,5.674297559930491,0.3146044529662962,0.17312250628856363,5.082189721072969,0.09851930272406105,0.1969703363386789,32.143800810183855,101.9603242589896,79.23870033803178,0,KL-0
116.48769937914996,32.299607171124535,-0.3737984909729263,2.5390880562605633,742.0707773381561,29.851082664369713,71.73452090298537,48.85442903493112,0.5238146895408963,0.34692780009188756,0.7816570818359586,5.437412785808418,0.33686266261567477,0.22145140595197638,4.751255976076498,1.160966062018183,0.0008329589979977427,32.17154834676038,115.76889977829525,61.73766350022721,0,KL-0
116.4879456457623,38.737099594084995,-0.32366884938745577,2.532473352963106,685.6005670089545,46.706349658983505,68.40461051790348,28.685043998402577,0.5458403889233174,0.25254603709994683,0.8796283636923665,5.923441051942457,0.2702053015712943,0.1748170832297227,4.632350122642417,0.25307402892492514,0.1486272270988007,26.423772966927842,88.615015656784,56.28186220870618,0,KL-0
143.68819223261087,28.594277423704433,-0.1111464913465149,1.9384066497545955,814.7204379193755,45.00964380289779,42.004187630724026,49.03280300843887,0.5381872443783341,0.2532088232267017,0.7147804184198612,5.442387883723901,0.3130485670988383,0.1847951989916503,3.7374289673446306,0.14070376927066494,0.18810641319116403,15.18355426080513,112.73507510214542,50.582188660390315,0,KL-0
131.51152093729362,34.14572308987224,-0.3914994486653909,1.9696792659592413,994.9614150163472,38.463290951454475,63.29732417879175,40.003327315990894,0.6664153449490088,0.3649190885549965,0.8185057723818094,5.30752855579496,0.38261651690883397,0.13482101403036434,4.272852154072107,0.2974731741018936,0.15730720644323287,27.304124327019327,94.79932519976616,63.74832129236855,0,KL-0
112.95788421097572,35.72177379027139,0.3023024502294083,1.377915782560245,838.7695127739235,50.27396534745924,63.11396554491592,60.98468330672194,0.6720318870716051,0.21902542730690805,0.8255863078774227,5.770454259280495,0.4213652682144608,0.1192239568209157,5.039201496203504,0.1932256362120477,0.2859759131458734,30.241999439067705,121.03833762478702,74.26324480052115,0,KL-0
128.13840065378946,38.08663300435249,-0.5578429208878016,3.8996613945495517,769.7175797448455,52.500561101012465,43.51736711247382,43.40551670485358,0.6360980255454807,0.2750871739256837,0.8816663413035619,5.938084583595616,0.32902826236707244,0.1518699404885737,4.522617943874354,0.6821084436121039,0.057684258982024096,24.594664472822913,95.61816864162144,58.02127690379874,0,KL-0
113.04873460781306,39.26968926853334,-0.27474865766454365,1.504909411686972,764.9826477301347,32.13952108504821,63.18777643754861,48.59880901045704,0.6946794933511942,0.3020416446643339,0.8511315426338434,5.165827402576599,0.3878244177158049,0.15321509745778789,4.895718881753483,1.7740357579350032,0.1765843858074825,33.722919350376245,89.9140841739197,40.96803167397421,0,KL-0
113.01405369644614,28.252147448972785,-0.37589242330967,1.945675841763274,612.4171029564012,38.89820177147028,70.37931918412554,42.373305903147156,0.5057567306098896,0.3066823561104031,0.7797218473071856,5.469462164323812,0.2542969964706266,0.11764461775906208,5.55990708019658,0.2881566591220633,0.09151274917268638,29.299167807337287,108.24686140474346,65.36039737452418,0,KL-0
123.62943407349051,25.795314975586265,0.3787911537414932,1.925274187544642,905.973173257659,38.846861201701614,43.77455193755586,70.86621622223997,0.7333779289240909,0.2892544028990306,0.8007503437091492,4.970779683179174,0.38297256205568053,0.1447411641028796,5.12316364152529,0.9867608311476017,0.19867248610821356,27.84136688576392,94.77052324451637,67.8831976916004,0,KL-0
91.30079633013302,42.66606093139105,-0.12137808939537015,3.215939501555553,790.6595363584638,37.480775191129084,45.824971789857365,46.14508680658506,0.7218590897369807,0.3237491868657554,0.8599340004773703,4.25096949125353,0.3098025792636259,0.16197952805157392,4.555895002619845,0.41719764796521525,0.09938488034229044,30.43190355602919,89.9026058304519,47.31323487691322,0,KL-0
94.12623251230451,36.99388407187755,0.21273781578745396,2.2640402573663776,778.3424103691249,51.63579873545399,65.17661466843502,71.99068452175042,0.6588497597796598,0.3415713453490687,0.8460466329067722,5.600229815706864,0.3653672808353985,0.1608118018505424,4.193406497882564,0.08553395766753326,0.06896993745100244,26.666849256304392,94.2659217915545,61.41187346930362,0,KL-0
111.5656870613854,30.50908078066068,-0.7942241492147888,3.498193658138987,1183.1729081413832,43.44939088981757,57.71495310825648,59.7698211454192,0.7425439127016847,0.34407825272755976,0.8210437945182126,5.804452678127316,0.3376123790880145,0.16512863560152816,2.967870242366461,0.5865969236814392,0.20448577630973033,12.535947503023232,99.46472161380399,63.60980812908879,0,KL-0
104.80753319498365,44.30691185313514,-0.09317989365229647,1.9612075006049052,835.8503490038823,42.883881269515115,60.514762752395235,55.784800728024635,0.4674701433857781,0.2408517714799304,0.825958310524401,5.631033404543363,0.4160207004891917,0.1587289419041233,4.398969046516289,0.3601918726812375,0.06067504487848561,22.504305242648172,116.10616157493826,59.415141583928495,0,KL-0
124.71370998892911,35.69404780575715,0.15585231824937484,2.7231953297790414,709.7850739885779,28.969101084745972,58.40589216400497,54.42479776781023,0.5580441490989878,0.28295069412427215,0.8848083998579644,4.525219141122816,0.30627821758300405,0.13478974022189832,4.304392502509891,0.5257782756625534,-0.013018060712044473,30.98584013623927,76.79094705448507,53.67383264731717,0,KL-0
106.37963886718184,42.07578310438296,-0.16708640428983035,1.8317223573921941,748.8370884553348,50.083344241673814,58.90695920928144,54.72556757859502,0.5411757231454438,0.37168577171261624,0.8241153713565392,5.324575284961763,0.38138031487809154,0.1345829812005347,4.7342197166372255,1.1022186196516779,0.05865224934609374,20.96204329950852,100.27696790740505,68.12749778850845,0,KL-0
98.81544447997062,35.405110888460655,0.2261921500261405,4.2161193022187105,937.8134851036106,35.08593284117222,41.73527871688917,26.86792904785268,0.6577183459005874,0.35367883125443234,0.8455954377985463,4.390826119974459,0.3360246268351733,0.11403145806018372,4.407656863815188,0.29029740777011365,0.14952263572708258,23.882637473815304,107.49884313584852,56.77296203225054,0,KL-0
141.98473153382332,47.36448754929192,-0.4069153800401489,1.5499212647763898,813.5924492645318,45.47946104213062,65.47317706621449,46.653399270190924,0.5159887408318283,0.21762843291113615,0.9584968294040271,6.184850553827093,0.3420847260995168,0.20354325117555283,4.307768964337924,1.1572156071090116,0.21136310012696732,19.775818430484644,102.32138289990155,48.11851069840054,0,KL-0
116.61335549270197,45.53204505465923,0.363738976074232,2.747856568181622,627.406642601916,47.21901550366554,66.69589992427774,60.14189565421186,0.6605996119469988,0.3210887940211321,0.7788158681558038,4.956972708940957,0.3408073053420395,0.1504035109385788,3.432360641695668,0.6944870026441154,0.10889035002372098,33.91961297600885,115.7183820332024,43.604204114642556,0,KL-0
121.01292307031886,33.506215109125556,0.7195592494477001,3.007021504745679,910.3074721490244,55.88526876670921,52.70609255931972,49.413233798310735,0.709642891519737,0.18130648503751137,0.7574078634212671,6.1277018047299485,0.3077163447752943,0.14325440832615444,3.93601930250996,0.33530642415727346,0.205455765378722,33.40746228709008,99.10785604289771,70.08679615999448,0,KL-0
98.62877720679815,40.82942570572613,-0.3451354241758636,2.8310392779611986,719.8227097353207,34.529436807047105,54.56523050186138,33.1377218383571,0.6556162320067199,0.30281609412362215,0.8891794832399303,5.972934821842073,0.3492950517046664,0.12213623755642623,4.785990624480334,0.46218934527791006,-0.008653993718207445,20.580655524296354,97.78538269376867,64.93331181176895,0,KL-0
111.83425913212226,38.87225569751089,-0.37820100856030875,2.3517698728978336,1024.7957331461055,20.843902753433397,39.68892497444278,49.371146593070364,0.62270008189292,0.4138660210047586,0.8160678469352948,5.049704823731969,0.3468675888939089,0.23806973706983334,5.529544578679617,0.1969519479969872,0.06453892281456777,25.73649000194542,107.10795456416012,60.70378837703335,0,KL-0
121.66383884564799,43.21178934519409,0.3813537908470804,2.396143440213259,929.6057678857578,46.47079635802956,60.14254756017835,70.44926619506589,0.52097013272794,0.24312643696386083,0.834088123612869,4.933607524366128,0.3620620124203364,0.11780015903331313,4.441484769752626,2.0551546538152876,0.07691399062767192,21.59752976117976,101.1917657794162,56.47780290519357,0,KL-0
102.73509633866546,29.210459236519373,0.43182885829228496,2.5350491775832875,746.3213725209499,59.40408945208683,60.72057441714144,64.96270058641663,0.5322519227099708,0.24994061727050507,0.8109421810934443,5.675185108193169,0.3542252572846431,0.1371345622318178,4.696686644144474,0.5503339445594969,0.09083524580219839,28.074723195156892,95.31509514063434,55.76801268637498,0,KL-0
125.63547027518509,39.11630875999064,-0.40914401086130736,2.3823983986972093,953.7219634082135,54.9115708235155,54.37808983000689,49.25595188760762,0.6999695124237333,0.34584178689437156,0.8370099929616244,5.077837981408464,0.3898997274806118,0.16247510508858182,5.0714868941716835,0.022418591313766896,0.10672755106001576,27.548415386211644,106.19372847503655,51.39410681246711,0,KL-0
110.99041965121792,41.350546921097525,-0.368074726838343,3.2711032934359277,808.1426612632883,46.677275322197005,66.24353359870503,61.417391324697036,0.6623479203124266,0.20743190908742123,0.9299269056048171,5.551242321079104,0.3961754308023684,0.16800638897232834,4.01346363827985,0.1977241514263001,0.15527287659137542,29.058527858066327,92.16966048140026,56.54835484352092,0,KL-0
115.62459375310085,24.447563081461315,-0.31271384354420295,4.268418401273081,902.3328410146663,41.06691051494362,51.659227690200595,45.60191575558338,0.5968784384497965,0.2620346982068976,0.8901064229309059,5.258586204596541,0.2974688339086099,0.17873796165647052,4.720088425971265,0.4881722406708588,0.06441545294636078,26.659592238539435,92.66587417576808,43.03930227903861,0,KL-0
110.97440081655904,27.90044892400535,-0.7377802044137108,2.054006571993733,858.167938075337,51.45698077309848,60.646059258936006,29.553540958079374,0.5665672363387287,0.33578646825490516,0.8931111755943488,4.6094207927671835,0.3934386250295385,0.2042282552330779,4.055705936200705,0.028991111844539928,0.11112229495625005,39.67703103194234,93.66407173881264,54.111490772251884,0,KL-0
147.78417276763406,22.764606933439396,-0.5674607785936793,1.4041576163367375,698.4372014010952,37.21163040236425,44.80335661307885,38.90640814244535,0.4379353701510898,0.2619428491386358,0.7791886472103677,4.384765990437771,0.29068317864450727,0.16518472966382136,5.018894663094607,0.012087021586429013,0.09639016877407587,19.860381174946305,116.23682992199689,57.51249986919125,0,KL-0
119.79754162893099,33.383558993332656,-0.6016563067008271,2.429374361318996,722.7740201219045,48.81086215484975,54.76447849125762,68.75466522209837,0.5143318065052449,0.28584180076734167,0.7924423131723565,5.613342124247299,0.3793927944068867,0.11831907600099997,4.5908418287710395,0.2989405367977729,0.025928807688708012,16.44698322781743,61.34780372817144,64.87904037752335,0,KL-0
104.1343360656615,39.30525353477577,-0.5071190260416514,4.563767470123454,923.5952981097394,49.04376127333301,53.25645742097164,46.71208301804835,0.7529135269711779,0.34465114261890206,0.7080460670257286,5.219221126834688,0.38098693923514343,0.14229164624634655,4.679071088388864,0.20225042135026192,0.09090666487348517,23.034548996492692,104.74718601715531,59.68058829301309,0,KL-0
132.33817368154783,44.01414231257617,-0.21387395495471245,1.8570603456242154,759.8269601472151,53.48167925999104,57.25307922040941,47.07939224749978,0.49756355431980265,0.3252927650121937,0.8095309589458622,5.223455091542934,0.25443415541687475,0.15923497117541655,4.030440841548846,0.28839245065733043,0.08850723760823055,17.160058672198662,100.41126177040266,66.35938491100447,0,KL-0
101.68734525043466,35.44456868251865,-0.10631410698539191,3.811293444355254,751.5621844109604,67.07728031128862,51.304730711666416,46.40194164470143,0.6151583856976864,0.3160091037777241,0.8978351593192829,5.847931919546893,0.3546489623264705,0.2120467812451747,4.924219415766471,0.1523756701089296,0.08679355479975631,17.537688649970036,79.82955448914255,70.79308084090744,0,KL-0
123.13295392507133,44.77169327342775,0.4202001971256308,3.842160651261153,685.3852904780776,48.139327737430136,53.68527404328332,72.84963907487608,0.6805955178556159,0.2796526632437977,0.8758473257874185,6.086721138316222,0.3265751943319842,0.10806583564727108,5.750827752738609,0.08999279181827366,0.10254075652651606,19.993426729010164,103.71672134963202,68.46536075059281,0,KL-0
90.60494814180336,26.71939125071065,-0.5993416162955164,2.0571294066336043,850.8318878712154,40.92829099434001,63.26047171441506,69.51150698434476,0.4996061865598166,0.32220366691613733,0.8389243368523938,5.363727639319095,0.3120617371032312,0.1860772951567568,3.8952529827430764,0.5842117139979908,0.10605388324907089,20.389055472841864,105.70902390197838,63.76407877902845,0,KL-0
100.07720926652354,24.779705363869073,0.1937289593906335,2.95518646334822,1047.5029903091774,44.79540550246404,50.63235762761783,76.6253628013776,0.6147768379824866,0.2925760391940146,0.8488849858140973,5.329700646545069,0.41754261653495023,0.1553974310863925,4.296144595411485,0.3613612412246386,0.06541638567141358,20.2269094902497,107.0756707762888,60.094901433446275,0,KL-0
122.95291853803685,34.66671380662029,-0.28559553769020357,3.8027172985028304,671.8960502894872,30.847392760887054,38.93422899261321,48.091457475199384,0.6750332430008524,0.3274683365955471,0.8155557228712297,5.750071516556942,0.31731604296812904,0.17513491605688442,4.638964484500855,0.11166816697864898,0.2018171787177012,27.591094752227058,68.17806324346061,52.15369593269153,0,KL-0
131.07699869993115,37.30439269363584,-0.21978548386097319,2.1966978072100103,802.906334800731,39.442294951287536,72.4958390420542,53.54749386496514,0.60099994575258,0.2701840784929213,0.8602379441200891,4.821532215150213,0.3096811535440975,0.14694015850092204,4.97184372719749,0.19252943905249467,0.006441549663758672,22.46905469457332,116.39667294225326,65.91955241103453,0,KL-0
122.57052421784955,34.80383151143544,0.06992779686664141,2.3371357119181106,969.4664666498516,41.72574049509517,68.81454078690487,31.800289406950505,0.8294722444533414,0.2890458615372275,0.8882939139740307,5.611576527373849,0.35378474700025464,0.12472702109621021,4.164272228826318,0.44800870041284924,0.0423223913224083,24.1024271256376,91.14715954378191,73.43797905777224,0,KL-0
118.2652757641764,22.59534739976074,-0.6490888086249195,2.034655268841085,790.4430330505141,40.80729281652326,42.07737304894381,67.72321311341929,0.4665120592897444,0.24060253244687915,0.7692056606294764,5.775942985911077,0.3842794873149208,0.17252618338203995,2.8001818259143563,0.03748535963784158,0.32239708993788446,29.471163872504675,108.23881296103811,62.736848317203346,0,KL-0
115.48344456616067,34.46527976292327,-0.04703610152637976,1.6881946154457064,854.2846155499681,46.21883897626978,61.897078052451945,35.98664538478478,0.6846982823907103,0.2978995433996258,0.8649823843918674,5.840115104208815,0.34291757069949363,0.16963293081316863,5.315513696498415,0.0797634751240932,0.01696069160086161,21.16838737609287,108.89288536818744,75.33807318740898,0,KL-0
97.8221701444886,27.17318299697088,-0.1334191167147776,1.9805779639471943,672.5127766223744,38.420640540942394,49.97025229448657,52.60130676515155,0.5861758610082828,0.2513399481822693,0.8966217435477334,4.531623648748767,0.4083185272834626,0.17916170897219166,4.956303671750486,0.03803334681005056,-0.008300373976780687,23.67727050647639,89.47963497256849,47.79542633551133,0,KL-0
109.20233687407936,39.01803529298023,-0.0030194943967404744,1.5208477865901948,851.3968516649178,53.96824533859577,57.634872153310596,36.832369668405875,0.661753612386934,0.23315721299028042,0.8292449855518315,5.119322365095529,0.3765487830982045,0.14960086093864094,3.4542314817080007,0.8365013411483332,0.15875813960009744,26.828799930464577,107.9255194282186,50.76669292176367,0,KL-0
113.09041843560318,37.19958947658109,-0.08433254243687277,2.527266774607381,777.5426881994541,45.00165651934558,57.94224129013494,42.93359807913565,0.6353045721359396,0.31551966887132327,0.8850350306060292,5.060868373588267,0.24108943401342844,0.1320053393004045,4.135458724932266,0.6979890148535594,-0.06616958830190992,15.292160996898893,95.3740811090517,66.8416120619861,0,KL-0
135.85683339328372,29.36072128203587,0.7821200559643577,1.8840214151530867,918.2875994815836,44.92559743089099,52.65592199683678,39.952850827403594,0.5413475042312003,0.3127643865514596,0.9907327222236276,5.549943477204606,0.32352665182464957,0.10323639014928475,5.440909457716396,0.6998173381372962,0.08117808720220489,13.075472455247088,75.1434738479421,62.11432168122601,0,KL-0
125.15427434352692,31.91679849597984,-0.4550959937005264,2.687028729432598,942.4863261877701,42.376842267896656,47.16234334413603,42.70549687189018,0.6183197113967472,0.3469724240969143,0.8447828603506554,5.740372289883992,0.321907895032415,0.17458119804418218,5.36867785107472,0.6299636365570295,0.27166599400611907,26.730586643988612,114.01290310633335,70.51025741257446,0,KL-0
93.554397669559,28.644718868666292,-0.4123987820007271,1.255283483037098,1110.7476370422337,46.241525470871835,48.094589476837406,43.53052756221226,0.451367883888137,0.27413246582549405,0.8696653525002662,6.248355203722991,0.37396804767147107,0.16271668447331958,5.0631840136073665,0.5534010020172055,-0.023594873772272037,27.460071402834494,90.69946044380512,59.87622687418608,0,KL-0
124.86125954092192,34.62392541636097,-0.4492562105699058,2.7647041857715657,869.5559807856291,51.60078611734107,45.83808084518758,43.420774460899075,0.6482598000457115,0.32448317081020533,0.8130971458169304,5.2525172598159635,0.21875914718129436,0.12102652101408122,4.394332539624083,0.32407917843438244,-0.05855715885909706,35.321100674262055,89.74607844714335,53.056196619773345,0,KL-0
114.22376579375525,40.73085392300743,-0.42219084766410186,3.16682316928714,839.09555798986,38.0629582743128,46.681777917695555,60.00000694136369,0.623852677279242,0.3330478543364198,0.8590625581301025,5.251213750845393,0.47745048543588614,0.13384278980110126,4.549792451287506,0.5139997938168065,-0.019934496156615855,25.79047437933405,95.16320958355934,58.29125406235966,0,KL-0
109.84616999541062,29.085643721986738,-0.4549548509226071,0.9050114859428355,823.3261161892804,39.73506808739795,54.328217099506446,36.74164648324976,0.6510928134914482,0.32668642846989565,0.8730135812491152,6.074836009439373,0.3765513047447105,0.13599723564145677,4.421444516924324,0.019558367769317235,0.17186876546775887,29.098698586290475,103.26684070392865,47.73852823261013,0,KL-0
129.17514433261303,38.02427909310707,0.2756066124430207,2.799245255878058,757.6200448627174,42.57019176978668,47.842400108892484,52.6464971241664,0.684649466006972,0.25046077903187147,0.8597421170135069,5.648288469265153,0.35744384019588454,0.10551046704052745,5.176943869961303,0.48572260744959167,0.189982137598865,24.02263678207013,99.31275507013477,50.97127461522372,0,KL-0
135.46499283743927,31.818454289765356,0.368201699195942,3.482135193978634,840.6180612154029,34.23303261221428,61.820520657126195,64.6155098276667,0.6294095872167769,0.30896180893627134,0.7990152340145571,6.133825755593987,0.4090783858209573,0.12546952810184597,3.974494556102934,0.7522635864131529,0.05899289624171929,26.486136107925432,106.57680309648605,67.77955198334408,0,KL-0
133.96920178674299,30.242763006425935,-0.42829851749979053,1.5322871850470356,764.5518307833165,38.44593712222802,69.87246155335927,43.84164362583925,0.6118471535838621,0.32184841776327966,0.8603180885662726,5.644364001504918,0.4671827026406312,0.11598508929580938,4.016520207069477,0.34693207914792284,0.15465699232008553,33.33628420874767,83.92612760165609,66.98229931575688,0,KL-0
107.41173715166042,34.35781784027265,-0.5329422292416915,3.838057909470163,820.2153171523537,41.19023301164273,49.19946758629957,41.38497331102878,0.5295145330670966,0.3004307080144765,0.9231097969358818,4.9214416906433645,0.39353733222942017,0.1376256296433619,5.106164752101609,0.22120460353088345,0.21122042620095918,14.380035909371822,91.09136355483119,62.90403427844861,0,KL-0
115.36181436223178,28.788546065483757,-0.011433777445438366,2.835215207492836,958.1117042729552,51.99511344570182,57.39404500535377,47.23370449783699,0.5430223389080759,0.17481134049773492,0.8724317882257263,4.833435822611097,0.397440654823581,0.1278390750501131,4.473383126693063,0.16246822950847467,0.24298771315438605,27.0680812878584,98.6080351321416,46.23137983231624,0,KL-0
124.96895147105346,31.678104167916906,-0.42088921771238863,1.9359905153932728,679.2148921664431,47.1004906320154,59.99685110302934,64.15670250032852,0.6949387696141864,0.3096293774384088,0.898099359453592,4.724243875470536,0.3565345012232191,0.10118985237399754,5.327080413272284,0.5147325847658848,0.08029317750561216,35.677933650386834,122.77464751190446,57.13277139589689,0,KL-0
134.6331769068354,27.81273264446691,0.05317272710220444,2.4553847378738354,936.7854273354855,46.548719290940355,59.72002270919275,52.329291571440294,0.7149068324564782,0.43275186236383456,0.8381494014993686,5.831025917379237,0.3429237123316526,0.21067770691708443,4.097092675811672,0.5901300897531497,-0.08411773741359894,26.410171096046714,98.6342495390349,50.20000089071959,0,KL-0
112.81238643232065,46.78835079749834,-0.11883079165948013,2.9466615300173777,958.0538080807838,51.807183697343774,55.759552679160876,43.62542846470882,0.5809511650950356,0.27839764387458105,0.8874950119711855,6.094298411543504,0.3262102277997549,0.18757622193087692,4.467132983796705,1.0238458711502834,0.03432968620722506,33.25286481616424,113.02266716393957,69.41226603030212,0,KL-0
117.21511535004274,35.21158131183037,-0.8062976459988929,2.560804313129929,785.8317767610705,43.90102569280483,62.42682418359722,55.806519814256475,0.6036802197802619,0.2563153741286807,0.8639633919108263,6.4246810706931905,0.3086944004142729,0.12662941735440042,3.9465522090936282,0.2095291003485983,0.0658556644051794,21.853939252352788,100.46266202541182,55.330222931499186,0,KL-0
103.40497538990958,30.80164695204449,0.4190020805320247,2.9310047939570953,545.3774121189687,48.12371879943112,59.82248952680657,36.77249420196292,0.5276308500004987,0.32240091358268386,0.8024544635156384,5.92155266616162,0.3156492950150251,0.1581726418996083,4.5044176088541406,0.734343245932616,0.07928489627372876,24.83976252918143,94.19609635074917,51.3140183137476,0,KL-0
102.05690063878994,36.28387946440533,0.5183510692382087,1.763461125536507,727.0613615486681,44.17422597654003,42.62337577672702,58.17631412531537,0.6938205476213956,0.3187426926279943,0.8659260502399437,6.081419288767493,0.2824722017828508,0.16252395269463885,3.6128718378007205,0.4120333640138615,0.08497124791930244,25.16762351194294,97.03930691062672,60.238369320971394,0,KL-0
132.18788733591296,34.32603170185502,-0.4451154761937544,2.635488659228862,955.6393455873331,47.12289879519703,63.69156064389273,54.90328769242121,0.6532333458953423,0.37156410992498484,0.8004151668279844,5.209991833673158,0.3462064274657488,0.1857325756432043,4.207419947427022,1.0720924021142206,0.18951156783445355,13.912044603206146,97.97896345565343,54.878764345323106,0,KL-0
140.34360042856235,33.67418240280067,-0.35508062397439366,1.3690284024760158,797.2558325241341,40.33793073910734,63.87290837266742,46.30629834633339,0.7552973949170999,0.2245279106454667,0.8183559862557603,4.921792091628071,0.26576662113868066,0.12544184920019763,3.6382476810431292,0.3751891484813996,0.20195427413500652,19.159110860749,107.24374886752886,71.86995128162965,0,KL-0
118.91984817629499,38.68500020026055,-0.08565384371003795,2.4110191509210397,680.0837321246107,25.489462733788567,47.367138958214184,39.93697041863322,0.5297341538256208,0.34388281515449953,0.8594664153646187,5.925039666208777,0.3595458262071855,0.18276320351947278,4.916353939914755,0.36452173440501995,0.08626610768601733,19.51562460308007,116.49533521091865,54.121512819726476,0,KL-0
135.05299346838035,39.54504626028383,-0.06621728400518993,1.7768738868281682,739.4270094526139,43.92576670250957,55.37937835447602,39.35982893259851,0.5697593680785425,0.3354253236750878,0.8648622136690062,5.7088403761197,0.3481834695978829,0.13356284087379194,4.929953603855791,0.4312293655762136,0.1878787900841455,29.110330390162638,104.31617017223586,48.80617392620295,0,KL-0
125.42454037571451,31.816993114336835,0.06341770906913217,1.9115760459281868,900.8744031805463,56.381985088799524,61.833289928110695,56.41780803615092,0.6185156738020458,0.2914712077835672,0.7905383767461435,5.553722187170446,0.35734676491933437,0.1099241278749416,3.461842361709393,0.6917797623830128,0.12861290933048716,29.360765528420274,114.24493214490107,42.776691873939875,0,KL-0
110.32320368092313,31.54509055613192,0.6040818155065399,3.48887454016835,865.6080281841655,52.409723217932736,52.906861804206386,64.74776602986874,0.6517191630180617,0.32032123907530136,0.9026992885591438,5.693685740316495,0.32389342149900036,0.1717240967794349,5.300331447300343,1.6718013149189326,0.10516047782900574,26.620182213532665,88.42252314844377,59.75370798069268,0,KL-0
125.4209340826262,33.34968981709014,-0.27077889099761976,3.3730480964754155,771.3281480996367,52.72317987672937,65.72978047766011,42.35230703565446,0.5827465889961894,0.3617674488959014,0.8786003139150236,5.661592741229103,0.5038430185090251,0.18872275272367284,5.998449075851912,0.03820480787604074,0.1725235325687971,29.12051448427853,95.02443389423163,55.50455908913659,0,KL-0
143.07054849698955,21.188473011586492,-0.5193188978153815,2.987310496725742,755.9810705822374,54.88904577444974,78.6387249461936,55.500640442617815,0.530163112763704,0.35233892280170703,0.8147635782194558,6.14190842992678,0.41800579500901563,0.22763726920592053,4.527603832041804,0.027457608286933936,0.10578016385903327,24.17925293639113,91.308369589508,48.56876314790618,0,KL-0
119.46260941335073,25.90885362680869,-0.751727691205811,1.6261497882619367,752.9890221147414,45.7092607276915,47.140139673650175,24.955675776775173,0.6705126023138857,0.23141884127557627,0.7731207601775412,6.147492792408478,0.2877728749957638,0.1140082420472936,4.115331443865213,1.3866972226324168,0.264624894167821,31.009658347697716,103.77333509049824,69.51381169004628,0,KL-0
143.4696548372101,43.20124560466715,-0.49237201597676766,2.2468732402441582,689.3107778601797,46.57852565924477,41.18955396846225,42.984587232113604,0.6576908290036465,0.34920949120532907,0.8427547710459284,5.772110176170173,0.3616434043713449,0.17096759055242366,6.194598354601828,0.377378996364228,-0.01507289334356473,25.04394221316036,95.69249937784704,65.33796117943393,0,KL-0
80.70382343865383,44.869806281007705,-0.21325078914951884,3.470478159983347,993.845082736333,40.0587848365252,58.03818595604876,49.627292805549175,0.526698071954902,0.29611868369804895,0.8277028143069419,5.922901436281464,0.3195996928531338,0.137705962686194,3.7086189010184936,0.47713003310132657,0.05878632807263859,25.289320237133783,108.75727524441035,59.774256968502165,0,KL-0
132.32853756562835,33.50578376266173,0.517823145407115,2.613373530911924,761.3215436946392,42.471417151783605,62.21562505126143,39.08379899621799,0.7084354240884396,0.3043724458809309,0.8556570228526511,5.757031276212388,0.2992760136646293,0.17350076131572092,4.512063880121459,0.32929906748508747,0.08987848824368398,23.672036833687944,88.8279794604107,70.91460995336693,0,KL-0
121.30570602357257,38.4593417783346,-0.4070445196144686,4.355463631985356,946.0590224990596,49.926169198169134,52.69133626155231,38.76192350252485,0.6936158967357283,0.30439181946010163,0.8318441669422216,5.26941513398269,0.28299639644380326,0.10588531346306247,4.607773363579154,0.04916897838327784,0.13515621523663926,28.42225238818214,100.51637167985538,65.3002882671889,0,KL-0
115.51488974301198,36.86750092726122,-0.1104848193444406,2.8146542715154976,982.5579262306942,54.63107549735053,69.53260663321035,41.98664532237337,0.6107437197798234,0.2909854206721044,0.7496271569627495,5.87828233745657,0.3716108345379627,0.11211690672904308,5.307088572271449,0.7307016166744829,0.20143683896824713,22.894005916935434,108.24229493214708,53.417152787852544,0,KL-0
121.37641164803253,53.473284850731424,-0.20656915842910084,2.6536392931920254,919.7973077777552,43.884429794552005,41.613942002767516,53.50631273991648,0.6063678289900829,0.3715024498264239,0.8305826530849421,4.802752465570369,0.31593098824652127,0.1267237553050055,4.715843385076073,0.68762705497254,0.09804811462110748,29.88215688599034,75.21636669951268,51.68623868807387,0,KL-0
90.18646628098661,41.71744946860746,0.2753573093792336,2.252706828637999,748.2055624738342,41.398485881188705,61.92918623031611,47.752051779123505,0.6443246216892725,0.29497692240904727,0.8347190444465843,6.026945776147942,0.3983913012012602,0.15236892137004254,4.200819662526929,0.18676765761821784,-0.013778371960496557,19.339254296419966,125.45957568796244,66.54385235563089,0,KL-0
116.70492168243732,34.2324944511154,0.8107729703494487,2.6068327238258258,848.4476108403932,45.00422367085278,48.94139179241107,23.141225200100337,0.5310637543794994,0.23282723229700986,0.8816830512387029,4.902738530116983,0.3996891107265219,0.13076756200384934,3.929289377767226,0.18281405583408822,0.16740111171640035,19.505418726359032,96.60217738144149,63.17093565173881,0,KL-0
125.35668857267619,29.266757356397445,-0.4123475091681283,2.3780241308955654,797.0965272330901,49.809653991432924,72.19377906207296,24.551598168379208,0.6024025183331265,0.27638820864181624,0.8150900162694474,5.642901643397367,0.4186957192605725,0.16977163031740258,4.294906907852319,0.9095901462861123,0.16039670129135716,28.43713377563252,75.69952103588592,61.35798214376529,0,KL-0
142.16841067112273,25.361322078454563,-0.3957757770072889,3.066486941350872,691.5557767123846,33.449161470931664,74.92515353168119,42.7176178657139,0.4278093164312655,0.3107216830086285,0.9339337336686283,5.07742302078692,0.3073806616962948,0.18080683854773744,3.8958435834329137,0.037554298166293514,-0.05534869275035248,24.557278927084937,101.89712678292143,53.22801757704874,0,KL-0
112.22594672589528,36.22078181520334,0.2176643508276288,3.2653618534356674,838.9231138065924,26.630552374902095,47.33343412216652,55.49223903264262,0.6701164516402348,0.373752887057823,0.7544179724674122,5.776694491537214,0.3737682805346005,0.16798732623736068,4.52869519187081,1.0647578880549404,0.09969566930633605,22.73054291923436,100.40132161567782,64.86358053604603,0,KL-0
107.87259595660218,30.46189552829418,0.07275659585052456,1.8712084315936404,658.5152250608237,40.59570520406733,49.5044286409142,17.029941887297184,0.47508054220465123,0.33618568109693,0.9155583748901313,5.483037387036045,0.381622710832115,0.19856362918982604,4.161482292083708,0.14830200400560253,-0.02721134645442383,29.4502886623773,99.01726744513009,53.956008934928406,0,KL-0
112.47364434623195,26.466477742413954,0.5386829302944135,1.4350136371537776,942.5215266153876,35.23430059268673,63.59587886979802,44.00323788618043,0.7202735862743199,0.24896788327517735,0.8387840514560947,4.702622020918334,0.3262910912448017,0.1624747988836603,3.6035773240261495,0.4494523097197393,0.046827912199835,21.96369292956958,111.89429335512,59.184106763250576,0,KL-0
133.7310317655311,31.12056269454484,0.03357127413038557,1.0310357015173626,744.2459243241929,40.93487841882151,51.12869350210485,43.68502572179095,0.573590392482684,0.4491113950007335,0.8929792436171778,5.71034981550924,0.31141140213035623,0.11349309868979499,5.253087473024943,1.3743906233306122,0.02777528584297602,23.99899372849815,108.96933965712466,71.57555317109583,0,KL-0
124.93126664489526,28.51071197831363,-0.34371683631482386,2.906393061530035,824.1391587047407,43.81775744946023,54.54588782067762,66.66005333850137,0.5830666414455058,0.3158865186586788,0.8539900742029366,5.211039611583645,0.43047603328879863,0.1909012954061502,4.201396485942577,0.5667921226890091,0.16474117585935888,31.996139750355795,103.57451429228614,54.71332611351883,0,KL-0
112.05359694349441,45.12284981043539,0.03626193227692372,1.617306715060901,833.994544585537,41.374012727815895,55.2538842054241,45.37973825944564,0.5497812875132395,0.3765234442799409,0.9069777768012734,5.940573360406685,0.36137479378660264,0.13184531293182009,3.7391179170148123,0.26758461344921824,0.10934641393377471,32.69571172905325,105.40186760735978,47.416085943417116,0,KL-0
127.69901149670034,40.2898385416967,0.2434814322331631,0.7776875256380136,768.9314031555107,56.61974027576596,35.80326843802344,54.59586781689114,0.5769568900862339,0.29089713398536626,0.8306319017723595,5.500662844367204,0.38179838753558687,0.17731255499056708,4.399044519307475,0.5848407786432919,-0.002847280060482206,32.86199105135164,98.74769860674296,51.579622465039115,0,KL-0
121.4561632402206,34.952164152100295,0.1281928724789457,2.8108628836247713,870.403256177033,47.61395811681856,54.86162253905763,51.69508568104956,0.713482507611843,0.33200155468232695,0.7950689787411094,5.697710492694019,0.3088961994086036,0.19721202649665318,4.541022939580595,0.21078172415959598,0.1704052770365874,23.589371115330444,121.30589019088058,67.95439061350099,0,KL-0
134.52967485799334,43.87966483334016,0.002909612442919141,4.494399613946233,743.0115612052971,47.40379487688663,48.10272225935826,24.43320224231359,0.4009753074771936,0.35036811027110426,0.9210252143635531,5.021215522492394,0.2890357766738903,0.16370064032191198,3.4521199646525798,0.16235177152515853,-0.014704465914273147,31.15351452492235,82.2496477797068,62.03784909904168,0,KL-0
109.46920359183972,35.46420984588571,0.22666987583566156,2.4951432707680854,904.5556756948693,49.97765715234721,50.06877177600228,59.21848659958085,0.702157230887055,0.37309168270525533,0.8443259677058929,5.205333884286319,0.3215275112753945,0.1051152356050605,4.698988600275458,2.8543891567537965,0.1264091032376755,20.25523586115661,101.67582009059076,58.96898097048997,0,KL-0
115.08506780103347,29.832294792030417,0.2677182361782691,3.1707926195613134,638.4824383703901,35.88933505775385,69.43632003468814,52.584758065475455,0.6270418784881366,0.3634420983226935,0.8610779236812105,5.270680681949457,0.3437989306305001,0.12245363500470625,3.8717054587858413,0.694730146057002,0.03487914645667551,20.465485626389697,100.78029557426537,55.927249557507444,0,KL-0
114.11837770301763,44.13874446361795,0.35286359641501086,2.565463486838052,815.1655495455694,53.31289429936215,42.434931057207436,56.09922367609507,0.5034382681714228,0.3523318200043787,0.9117375957022398,5.928351240121278,0.2967889996591325,0.18968233400655407,5.526617285514472,0.5174245021676578,0.07074583339755841,13.247720736878195,109.75936487277511,63.88287926042552,0,KL-0
98.04727577801822,38.233460262107954,0.059483955035857065,2.420888277447086,1032.6714798869941,44.39388570771632,63.132051867479774,97.11485247723593,0.5139750085560609,0.2810947961283535,0.7984022378952782,6.3386885439027445,0.3495077595674808,0.14492631943071552,4.814376307246041,0.21947706114921228,0.14034165984307073,33.36434100949265,89.8737534709012,53.20716119207821,0,KL-0
124.44180415596864,28.77652307404126,-0.2668472321267418,3.2352611863902148,679.960241047331,50.3638449379297,52.21037069668191,24.99064472601694,0.7341114421766562,0.2656952374826363,0.8797745448819628,5.097414124128562,0.265574740596575,0.15238720604826497,4.2600600059344105,0.02520517328459823,0.14171595192476233,20.68010075461961,79.07592877124156,62.445324549140764,0,KL-0
123.91582908269834,33.85796793149835,-0.14131452542667086,2.267780364649079,718.6706035370178,36.425142135678755,52.202398315041656,70.6963597971333,0.5243594496045815,0.3199564506194518,0.8205052621768554,6.03842407232884,0.2939976288765064,0.17276473248490828,4.05289933780959,0.015774682206370343,0.20695752588447683,24.3673371012647,101.88187619317831,54.14996344949635,0,KL-0
120.07670184963692,29.746290479691456,0.2826035866033427,2.7139138512575225,861.6689419590698,32.56992987187149,62.90371896051711,46.55062976719573,0.5077319591523232,0.35598768434046413,0.8433915322177814,4.415161291137149,0.38354556241384374,0.17088968586240968,4.4370193754618255,0.4039214059587283,0.09341970402628375,20.44837829035858,103.37476590662325,52.81872491779957,0,KL-0
116.4811929993728,26.70320161421398,-0.5267742683948945,2.757358244956811,821.5498138327517,51.54311726420023,58.4005129456889,53.44794685283611,0.6909851633891784,0.28663675795340354,0.8536139482692144,4.902905299453855,0.38018952601389466,0.15836399437156382,4.867674444949974,0.7178110490598615,0.12451606903706729,28.4758262416507,117.87519291337179,54.90010052139991,0,KL-0
98.76943886924379,40.55706528518985,-0.05253067645083953,1.965527637085561,842.0756119128271,48.01127620878013,60.706129972195306,49.45385305638509,0.6270842301028731,0.36391031794286316,0.7749889069276532,5.020610771906613,0.3304061617306567,0.143739948863386,4.48470352284888,0.38542377314394327,0.06498101420765404,23.1218316964133,84.75565544409896,56.996740428128305,0,KL-0
113.69032015851961,46.45649984282078,-0.3573355249309443,3.293633879629218,858.7024556177196,37.78358756513992,64.68184660532862,44.90916399922348,0.5249659538770881,0.38715700472917075,0.8110581478589782,4.823745655279639,0.29911178454615234,0.14061994662802926,4.369704715717886,0.9187501203706231,0.11455919060982382,18.475915547835253,113.85632520060064,59.609361312530375,0,KL-0
114.85928225209845,26.60859455708515,-0.188502070826073,2.360032194643673,876.1665762274124,38.04269534980244,51.686916168166775,43.162004861134896,0.6173299980323695,0.2450207448555948,0.9175536446206569,4.70820580510621,0.29862982242369945,0.1757369647587403,4.535022174490737,0.016998984934238973,0.13515888384068095,27.208312820930303,128.40897236832546,61.88364636088892,0,KL-0
107.96584096167571,38.37781542014343,0.3113807450429195,1.8954038724057243,933.1639810347468,54.00347827531816,48.8776326549225,53.95410482687611,0.5179397853087778,0.2497847577722232,0.8943095594292397,5.706499456068899,0.3313365877029343,0.1666070859320338,4.137684641257827,0.22844663455222472,0.09213521220364992,17.831349875948856,95.46682134973028,30.493077668572447,0,KL-0
117.58071432500986,31.096144585269037,-0.12356037279203867,2.929207874856323,849.1782388314215,35.484704857061374,44.148494734422016,31.79391563993985,0.6880657118738084,0.2915774964656798,0.8468680211336382,5.392966151136069,0.38222592458226456,0.14228099998146632,4.294076443894177,0.13529475387595324,-0.0443000387273997,20.812971373422542,84.50869336608132,53.53879553802588,0,KL-0
126.06076285221808,32.07724769741182,-0.1814253807375405,1.78122561456717,771.049081445775,58.141383626047705,46.74589470021045,59.006950010261185,0.6849096771898506,0.31845676009135176,0.8621561729256446,5.689702698802555,0.3964122845672162,0.1824633693897942,3.2485245366569977,0.2964455063154863,0.12651767170647163,14.465554426869595,95.11630760351954,56.867440181151686,0,KL-0
148.29278851815795,31.445636454566785,-0.7439424563919678,2.5225449258953025,880.7088441443277,37.79503412281705,84.49094425308725,45.005667141376954,0.6425604959057555,0.2685259791739769,0.8352878747181771,5.845236343060757,0.32517341322590154,0.1461289765461065,5.0842357385114205,0.03756461229332233,0.12916491818843656,17.880209439011967,100.16805960845657,72.04049630886664,0,KL-0
122.61866719247759,29.816055381921103,0.09850142641088828,2.4927048026846372,1027.9858321874258,50.107135404867066,67.44679580736786,36.439167931515705,0.6289328848997613,0.38113216073202866,0.9178291692913991,5.632808496586267,0.2923253787007608,0.12445013476996819,4.679278668193057,1.5409898792397994,0.04558612189216393,25.89264584860239,106.76545450008298,51.35997913294294,0,KL-0
123.86325586084146,35.29112976766896,0.05819367245643017,3.3687164526652627,784.0839504340912,42.37105219400812,41.489256337919784,44.59984570405024,0.7408950499893899,0.32544401169110704,0.8399823711102918,5.828881588075187,0.3633921818933166,0.12723087903289965,4.035926493579942,0.12632184207681968,-0.002750962885801119,15.177319809485377,92.90326324194343,61.3023729447993,0,KL-0
118.8833112635075,30.014299301533775,0.6653018893221841,2.879758586303962,683.056483439523,49.825499448658746,41.775420432564296,65.08579060235087,0.599974906191058,0.30236682289444433,0.8615921046067424,5.465233856878865,0.3088232514687075,0.12063777491070703,5.639240988813143,1.277500048594868,0.2180703320403172,17.59427137689142,118.6623824097681,71.9602424778867,0,KL-0
91.21843177051437,36.62274095467903,-0.32311129398120025,2.4799784330038848,932.8496803144367,40.64708798308646,59.81866061718492,43.57597895580532,0.5054500699663359,0.21384542856788835,0.9073015072071032,4.906503305847128,0.32408736805693983,0.1418276995018894,4.552209888235432,0.27746987946679474,0.13931564087155218,24.98815541933596,86.62561221990326,49.49625176042181,0,KL-0
119.60229186826174,34.698571343305176,-0.11233986893442449,3.1542130393602297,785.5542603255682,43.69765675142165,60.472647973779665,54.30144341851545,0.6359579130265846,0.22105105101434958,0.8111314257577047,6.028907090410398,0.41626380452185185,0.18701172835008578,3.8783138568148816,2.1176361892871625,0.08167351752626321,22.281965519534737,79.1295381739264,63.151801806915216,0,KL-0
120.90345314911539,33.56631171880154,-0.1002465265156979,3.6121660392138506,539.2796544783157,45.327353403165766,60.48883835317364,41.22852469141432,0.7668837639629691,0.31686055501690835,0.9279394592248447,5.205443933609437,0.39135577142828837,0.12584714456908472,5.014042452882275,0.4037836200750685,0.009037369348201011,34.960183179796545,113.28052509144781,53.581825328523834,0,KL-0
156.9486316872793,29.55461802775041,0.4309813119053898,2.94624824508149,901.6906012580506,36.98250035374822,52.45044206446302,59.095062199083436,0.5188192405451318,0.17204426243070983,0.7734769295128311,5.032201850618787,0.3578987156125726,0.1556542728305431,4.738828929905558,1.3356147225010622,0.034254813726292334,34.16948273012188,72.7045476255256,55.96293006168612,0,KL-0
117.11458552828316,31.539372016590004,-0.23811821295478086,2.5082820958747045,735.7606176855293,50.926594763361,53.745457399970995,58.22609286548245,0.5710829786644811,0.3607582445786443,0.9314821065556399,5.411041062097801,0.28640404994436386,0.1302993196311776,4.736747991290532,0.0026816728771513793,0.20420723174289854,20.66038768624423,97.55044277352741,53.57511332837348,0,KL-0
124.52321013500419,39.53234735495454,-0.08839138969186432,1.4505310141198724,789.1360061235007,40.89429146822732,58.27879524159357,72.18330599955694,0.6333156830481161,0.2905107693376608,0.8313662208024013,5.0435945403517435,0.3605698283735329,0.14219072876185687,4.244546637209046,0.6896371421718794,0.11101295526944369,27.78568809201741,137.4121735504966,54.14514153267291,0,KL-0
119.47932345442135,38.00550312574629,0.04315860388661568,1.6479090695397018,839.8376396682818,43.17120067727985,55.858930062933304,47.89323265400942,0.5956876120795408,0.49458557817568394,0.8378650626087359,5.291284809005284,0.4031328645393763,0.10469876364044244,4.770297434266821,1.166783316902103,0.05595303463994349,28.746412784397254,99.85547736448082,81.77529718325195,0,KL-0
102.46982943570701,29.134668531208693,-0.12535635073745677,2.255820236516266,822.859961573488,37.045205003131905,32.80699627252465,58.02385765709488,0.5214157135698148,0.4384749750369666,0.7554994914408528,5.672026960781733,0.3312183167117232,0.14338385312530388,4.342945025867343,0.07524901019642395,0.1407751384979725,22.012605709877985,86.55078819164501,66.75564697657333,0,KL-0
137.14234221772531,35.59599383257535,-0.37857344582021135,2.0123902382725736,885.1342180566847,24.501330729637516,52.70200369424806,51.17681047446734,0.6897486284984377,0.28911305584514896,0.8272602641311153,5.6741708696230635,0.4175557044993357,0.14418883860585113,4.833564870987505,0.050532572399673084,0.03484814500429411,17.52229231750898,99.31123043455848,68.81390289428967,0,KL-0
131.2789954903016,39.50832274023073,-0.12236400284067697,2.3504229576116433,747.7416355316188,43.47177789919865,46.485935657396865,65.55046138235618,0.7856032577613807,0.2936197798481211,0.7980096734486558,5.051084966787185,0.4146372644759103,0.16620863832107086,3.3570333275936166,0.27632111121942654,0.22006744242243026,24.938507753459714,99.3903905365656,63.93594789469197,0,KL-0
131.8654792056457,24.983568313271768,0.22945269994390882,2.5453199399176856,861.5726957811299,64.30092337290333,56.75211418908512,41.374011348695234,0.6156905167219126,0.3597348908401218,0.8196176827313263,5.256147313525628,0.43318664160717363,0.1566984273976611,4.239675922212487,1.3566236372587615,0.208224042791738,24.135771625929447,101.9277992842374,47.149945692784335,0,KL-0
106.35918817807891,38.26016115427961,-0.6106061197644241,2.9237542034853847,768.8543986899299,51.27683430318419,84.85259002603411,58.94006375452737,0.52767453682112,0.40219035659508223,0.843134451710556,6.037166502385122,0.3652621563265676,0.11404823625143864,5.533293058684917,0.3908652345673216,0.06267407430377787,22.821177515146903,107.94715578591544,63.159663762586455,0,KL-0
141.04191466404149,31.02425744632492,-0.1468121303412496,2.443600977552727,888.6572577065003,44.845916962124846,58.67481665474305,47.66363244659982,0.476083157995722,0.201718256553839,0.8978895807236452,5.748200058866971,0.3793695849903006,0.18252594732130628,4.03975952675982,0.37481269801076367,0.049706380237531184,27.211584340822426,87.53066597958713,68.58343691605877,0,KL-0
98.97223405811579,38.42359201155896,-0.4800483259756693,2.8892013150609617,873.8440980815664,42.89687336633386,51.86470313827602,49.22974187469803,0.6206380784976945,0.1928174720787188,0.8603801675700312,6.53753251967427,0.4207093644165545,0.15630909120665987,4.1376970215040885,0.07606659384152908,-0.1094506558953823,21.246351964972007,120.25057666284152,53.17280420768711,0,KL-0
128.80285640700404,30.4204450607449,0.278018651569937,2.551579531848096,687.7473557546485,45.17972714249637,64.21801501977252,51.10102981338047,0.6883101874653006,0.2626779116667371,0.8653838326700557,6.090064086870764,0.3723696968534488,0.1559518055153246,4.231223196930015,0.00039491146062026775,-0.01852646172410944,19.240012262104283,102.94137141247141,67.72261333728902,0,KL-0
152.8568343871497,24.170707396012887,-0.8092747619135099,0.9196267469169028,930.3178539410038,49.37695292140168,59.826878872092124,53.02688475712013,0.6380134197196305,0.33496425499043186,0.7952240305577218,6.07214653427997,0.32493829461048934,0.14972452939844583,3.771116318466814,0.8307343992442352,-0.007157581996620493,25.54541485174916,108.72152855682164,65.63468967883263,0,KL-0
105.14195512303968,25.234745372701024,-0.42356873890863533,1.7485316849449966,735.6843865863142,35.55349747752924,59.200944904518416,48.6052514825365,0.5998076927264917,0.3298124154304558,0.8059622955198634,4.806065724772099,0.32757285817360693,0.1344672765833334,3.1750315342630486,0.045824454862899586,0.11081522727899089,26.929850462844378,92.46220720293229,74.81632035850936,0,KL-0
111.50553405595842,35.28850967996829,-0.04911524997419166,2.3847299554227077,896.9669357937374,53.91457355735098,61.06850593215671,52.576558198046314,0.5528582678568554,0.364186287299031,0.9399362509175656,5.881930175816711,0.3619277476886869,0.15653407019246177,4.361648160885832,0.5023558492096974,0.07390130364469122,19.116775280499734,115.4365856439464,56.65773589989105,0,KL-0
121.49477047631461,36.55833501032889,0.42620961169373617,1.532244205727114,844.0744776081609,50.72305052352995,75.56543564829542,68.93741669074622,0.5126269093825528,0.2280181482980815,0.8132399482618377,5.473446599151544,0.285471928902689,0.16426765307785746,4.581515654448994,1.2303009362869488,-0.007626838993219313,29.640453054955405,96.91537109424323,51.219112141794184,0,KL-0
112.44786518825701,29.574100249373547,-0.22630010442919513,2.979942983996964,1020.5820412154146,50.74548580566348,43.69111564674084,61.82539622738262,0.6667801061059906,0.1610313682218674,0.9328104126028648,5.224509098230875,0.34283705423179034,0.09759312925963334,4.468496958876809,0.11700867439698928,0.07750687660283542,16.147594311119608,103.33063016192239,57.10697512501964,0,KL-0
96.74004853400801,38.831554752664246,-0.42207981067727934,3.724600665874958,773.1840821153777,48.50780591047782,59.736320768114545,60.42985510996276,0.6731017297108468,0.3514808517181287,0.8378469400559566,5.584007670266264,0.40482735591151264,0.13383717487961713,4.413072862831268,0.5472197577593878,0.1404269718117879,22.109432706421785,88.8027270737547,71.48456794530898,0,KL-0
121.0284446220904,25.03087962638624,0.552462827776236,3.4750094813578536,758.0819844658163,45.15693326155192,45.73618870018461,44.53352568771355,0.4763416170647413,0.25030822362208593,0.8501143968071752,5.972605767305741,0.24043730744173591,0.14235159088789232,4.5258245225102325,0.04098400899718165,0.14222714799324698,23.709957319011956,88.03682048317448,45.372752953264296,0,KL-0
104.06544429410843,34.6035212081161,-0.7792055601664977,2.329245703255834,797.669647293472,50.38288988773456,60.55512646342248,39.3291100612601,0.7271871182544547,0.17889072813668172,0.9035182580114964,5.750415795502105,0.42672410508972575,0.15768511817082834,5.113704882930459,0.4628614675842824,-0.0519736224687105,21.81888143674035,108.25846367743459,43.45299427655174,0,KL-0
127.10388645952773,27.733902801425263,-1.079522382648033,3.6925809094799615,763.618426059887,49.734513069931026,45.81313488513906,61.463606698853035,0.6459256976715201,0.30870382475756286,0.9135946210969328,5.0607630993289705,0.40611871093515794,0.18579933017781378,4.38573228844247,0.08952249786579028,0.08973892156129354,22.174697632244037,94.67671803751136,60.71516223145291,0,KL-0
106.20863648649295,31.088983353187047,-0.023994219978667044,2.6189339657616895,895.9930282330461,42.16767431247181,50.82633186394916,60.51256151035753,0.7119675716116635,0.3475905412931206,0.8444593719860456,5.87122945679631,0.3270117692084762,0.12684777556209653,4.155550453747638,0.6658151420830952,-0.010667262157728811,34.35537241154057,89.75412294994747,56.45928565780675,0,KL-0
143.24901607526309,35.284392027898484,-0.4008216897410445,2.2303312231055683,606.0427269876094,40.41118581682479,52.049100857620935,67.67204810901178,0.4926297801211908,0.29267657207272335,0.8305878473239231,5.181206228962018,0.37716954139359044,0.13506114459546473,4.3313247090671485,0.17921774267270635,0.17213829577122192,20.745579554805506,92.28179989567563,60.06182314540548,0,KL-0
108.25120061495645,29.837519808296285,-0.6084931268522853,2.0092778691672484,673.5581097024375,45.814850362095896,64.7581671934471,42.752232488369245,0.49073406756676485,0.27252909682905063,0.8472039775738893,5.6083415594821435,0.3501573863453163,0.1346239766806035,4.8476080558540655,0.3112427926346777,0.1627317133082799,37.20610861235957,108.38743686060906,67.56249416988692,0,KL-0
115.16907725691486,32.69266673462105,0.08334257891974134,2.2580242508094974,671.8636494104968,57.3921612119615,64.18454443942414,47.24541613567583,0.5880824552186162,0.2904382660712456,0.8668978764116059,5.3483249662614325,0.4114995184219341,0.12595417229686376,5.347216127125949,0.45743404968244095,0.02815782189404332,27.185633898655258,92.45154566555667,55.57944523104918,0,KL-0
132.20275826054504,41.037756855286645,-0.10247971449152048,2.189458545167017,914.0369110368291,35.087143394768795,42.542826235536154,30.32619004969479,0.6402227541516156,0.277765034255953,0.8945651843434878,5.390566874132187,0.39913415713849704,0.13958440514663212,4.123113756498493,0.09393249302272168,0.03871638380796801,25.46027568655996,98.58814082077403,45.01595335255504,0,KL-0
101.53703525349067,31.538648782861106,-0.42563145229469135,2.6363329779003903,1005.273604709831,33.25979787398048,55.54934110999849,45.29034672726952,0.7437088658341571,0.21911717328358996,0.8502114929497075,5.883121487520254,0.27999646384084953,0.17312406659963914,4.55936027221733,0.6766964373321207,0.06309863596013543,27.38120176693833,100.18033300344517,76.35585245759955,0,KL-0
123.41189901906193,40.01415267239085,-0.7121217594683578,2.6284591848398917,787.4660937755034,46.31808672989214,47.904201452508275,61.95884612695337,0.6564863131052106,0.25711915938057406,0.8809443149011577,4.979903140092051,0.3793631206732088,0.11838493513906963,4.7030144651615755,0.18022699537258602,-0.08022347157850714,37.64963874625976,76.99181336787642,52.02217370048979,0,KL-0
139.60714131423643,28.22175887205429,0.14898293131205786,2.5024368161227315,779.7413932171987,45.407101614848145,42.414950893246655,44.402055449261624,0.5805854978550373,0.33127679430082885,0.9319179866135471,6.4725975371384665,0.3397186073178376,0.1628344318545871,3.9044531959627062,0.5429050831975156,0.12687745387524613,20.03203498034276,82.34648313551779,51.52770302390322,0,KL-0
95.88775148158159,38.178825067491694,0.06008047118346438,2.84955053579708,808.4062595735818,46.386733314963266,52.82982949575629,57.68575754240989,0.5178904633867286,0.31930071248259,0.8690654806132392,4.589456965352752,0.354141628525905,0.09894293309944993,4.512250300327751,0.0861557429909675,0.07817243629278954,19.397910405318054,104.03533467097076,68.82976010978078,0,KL-0
122.76950787798457,43.6494117239474,-0.23967034551175317,3.4525170198290733,939.4253963129828,46.951625583268005,51.915172115441806,47.71396272802627,0.698400045817532,0.3100835883580092,0.8655826428002389,5.201166158372572,0.3135914049515092,0.1331598601067338,3.620595685594743,0.5825646375692252,0.17761400660542875,21.225669017140394,91.15564766616764,56.92408703166786,0,KL-0
123.89824191372635,20.170132999236266,0.5386547984190664,3.259643308353059,688.7176238971311,43.21438196292156,79.26716486345522,53.88868433865873,0.5228235659399427,0.24029109108879723,0.7740544587454966,5.6851059449708705,0.43740685345604174,0.1401153209934604,3.4385698177563606,0.06859077908195384,0.012127262562995792,25.160715734822805,112.68069893536502,59.492881183721515,0,KL-0
131.72734307665965,30.21862846717714,-0.6280339065304611,1.312081625240077,828.6042779281743,56.91890750881666,59.32959825360696,36.227703322211994,0.7302774843817857,0.28910981027185995,0.7184634931585469,5.7921570832176545,0.40200309099512876,0.20024579018742195,4.720047844735354,0.2770027119866284,0.05047016414000547,16.371144375937135,111.60168525100653,63.862320992482545,0,KL-0
101.44573933682877,38.46243276308324,-0.8102100683698956,0.456863092078436,917.0237155738915,32.192768172187876,41.22382499245763,51.022513395606815,0.5772492280314793,0.16937609721342872,0.8694187864615084,5.449762139714147,0.3130114418013516,0.14175593085741936,4.26967515520153,0.141981879470374,-0.020522020643129222,25.11169619659304,108.63002399626525,68.66866482487997,0,KL-0
100.19315080373586,33.78172768374204,-0.4767632279524978,3.247455928991419,860.1313003927814,38.37202380175803,49.352259958290574,14.106368349191321,0.727246565809428,0.3107085998331234,0.8452587884359564,5.4713046484992285,0.28326946965448835,0.08396269579647245,4.621368244572731,0.6899081931460758,0.019656754920459752,33.46773566706836,121.83726144775117,57.33231445454582,0,KL-0
127.82912348425346,37.226875240227855,-0.21823440654219914,1.4064970412676632,822.7497939918492,44.17396191880762,65.21383295429399,47.75724610205618,0.6543145032047423,0.385731462468814,0.8242608662542629,5.705275042663808,0.3307163684511076,0.09003333279416251,4.48926301379499,0.1519294435438542,0.005441440314542522,25.757036953123887,99.0029280670818,72.15961604731439,0,KL-0
124.45477009849779,31.376088879705076,-0.10266422027092327,2.320187678485853,920.125531108057,31.854489510766662,75.88442772869925,30.434321075418318,0.5890403608446033,0.21155207207747365,0.8621765102093172,5.38446526127116,0.3717251323045653,0.15102088759040042,3.9141599708017214,1.0673389055687084,0.17967789430771564,23.536572705123618,107.78658311084607,42.913601210121556,0,KL-0
123.75739275518815,35.519538724837396,-0.29649442314253194,1.5639095791525124,475.61212484009155,43.59316476454343,39.140166877620416,64.4719341985618,0.5584482902539099,0.2648443396009347,0.8469798135401546,6.196590628967453,0.3620102921973111,0.16841312567369726,4.472847418821398,1.1119803633761918,0.04413905209988862,21.909197756581865,92.98718828084763,66.07829789562462,0,KL-0
125.19672314245464,34.06593658764752,-0.05917784139428128,1.0584156499359842,881.3450383437089,58.29176132582414,36.20075614860955,59.32888823317413,0.5727273698123136,0.31974640672260773,0.9063890125316949,5.919674557115801,0.41265664123841217,0.16126367572881758,3.760139216991087,0.10935253001724757,0.10993405477956908,29.49255852275782,129.42843895442468,53.28377953585874,0,KL-0
109.79962917632264,42.00669236995884,-0.7006157696761778,2.9331701825638303,721.5109180247091,45.167091906367695,73.70965175371782,55.600051783592974,0.634265335390019,0.37517055806564903,0.8543055434129488,5.936412175502817,0.38949598610904257,0.1550271031740297,5.33458341480084,0.47575944147069743,0.06953892769105566,20.870836133809764,123.80360382923223,70.97817053286393,0,KL-0
123.48380545741506,36.52652505980728,0.3775058416293039,3.1073241282421176,580.3240523772251,46.84560724574947,58.89614177370904,68.25207472591256,0.6061725196974174,0.273106523021991,0.8126538357464916,5.016921638314791,0.3984784512876453,0.18486778792517,3.6864177930840216,0.045902866723904596,-0.0015572212810250328,34.23197960299624,100.1425652142135,61.13635583064436,0,KL-0
124.39608709948021,37.02561597245121,-0.23286047135702753,2.0387916794186243,861.3443119429977,34.91868187861936,46.31707268123633,38.61300175010195,0.5524950873545036,0.2584649802440462,0.8995083119479644,5.460305787797148,0.36634277003052185,0.13381226337788604,4.382528837418851,0.24840966867796527,0.08653596614626859,34.666798738571785,104.63903475886231,54.61675734392479,0,KL-0
109.28472872960448,32.5287382032652,0.24691833263525115,0.427166166284072,964.8390254195549,40.06910873568418,60.346290861224354,70.96835837498669,0.5867494871745894,0.18186461145503502,0.8391434462526899,5.349767025639649,0.28053506348945045,0.17684731668080475,3.874637047171651,0.6246973503689955,0.14792826654908758,26.283753993308938,116.31157119237767,65.30272874417307,0,KL-0
147.98661766717134,32.07436265556504,-0.06290986144891834,2.063004441398014,783.506178244677,41.99842895740851,28.64252260983122,61.18629877112462,0.606286162377532,0.30620628775848635,0.8763268341836153,4.997199312155267,0.3402150734426549,0.10103955344920748,4.842252704016477,0.5385573828625083,0.0033792485965318023,24.942424559616775,98.23432594223071,67.14550677765801,0,KL-0
127.10749381367681,32.404650873082275,-0.017298712338486434,2.8134432043220374,914.3449456643526,42.45827922595013,55.03375506597161,47.16133655337265,0.429701272446815,0.4225245624086246,0.82612946469036,5.680082091972883,0.40300448699543323,0.12285156501185801,4.301141177231099,0.4900156782500573,0.16472902325851033,30.1532990412078,92.12051115040354,65.1351529828691,0,KL-0
102.13044754196027,37.36671285426978,0.027906912092881476,1.3168707449806971,993.4733909586374,55.25315036003015,58.278211728430854,63.62744176619533,0.6366534491830959,0.3166415077178805,0.8175086557251282,5.2311771211100915,0.34742385357376765,0.0957887581520455,4.188799968227274,0.16601964290493904,0.0320223262817843,30.473992511136625,110.48787701208259,51.762430082935516,0,KL-0
129.84830412950745,32.474093115078425,-0.020916575993074085,2.6466879358233246,957.7897344300857,49.461528485801,64.24270139537829,36.72447785106039,0.5216223020226555,0.2986632612489772,0.8542084115092848,5.827701914925118,0.3751545184311873,0.14175464097990623,5.011920927030933,0.237427649339161,0.061361285914172746,20.970041344702924,100.94127095300404,56.12786301102332,0,KL-0
105.37977494659017,36.738649141378474,0.057089103947017564,2.4877521206616033,996.7957435245671,36.10833634450374,44.861040477074624,40.105830061667916,0.5077334077435404,0.31932493864601913,0.8506414321771842,4.964904218552834,0.3340625842376933,0.14861216348200973,4.517658355006532,0.054319689686274784,0.14245464984080383,22.36722433431649,102.19593339574313,59.96741730302852,0,KL-0
131.80626905613678,47.45240479187263,0.3316610120529726,2.9634331996808707,889.055298928627,46.97203822745604,55.856871614033594,42.69692332112359,0.4650124522311431,0.29933447976308386,0.8739913517683416,6.359520306420911,0.2985094075729077,0.15342304476679558,4.8099866675615806,0.6347409122268506,0.046925107422440965,18.38826282658352,89.98874388318441,59.66992277879952,0,KL-0
137.37893368511106,40.22674822059015,-0.12139153211941195,2.5956642947313227,809.0520366681911,48.985773987974284,45.74575373940413,43.65226750323182,0.45648860017056875,0.2512191376643922,0.8365677123345129,5.051833670703969,0.34383279679769446,0.15185650058661404,3.9112044380895212,0.350477588684342,0.10300598874686925,27.045324691670285,79.38793421963925,65.99796380350678,0,KL-0
107.68976522472434,33.04385880699295,0.08360150303540492,1.7215448472947557,607.7641025723398,54.12119230817013,57.55383755674317,37.32130828687697,0.49156419975101684,0.3493967949406623,0.7581820108114801,5.609651168600218,0.3654523721516327,0.12217340007564816,3.6571098336434957,0.6168134744162452,0.07482473369695261,28.333139417284453,102.8337089185492,43.88079013994714,0,KL-0
134.45064193866483,42.207283532983666,-0.2358942777148907,3.457257201331593,770.4725014244062,57.64432549254699,46.046536776369756,64.6769968051439,0.5432783233895607,0.31354569138670524,0.8283613058205805,5.895929655194034,0.3172156140269278,0.1442927746676035,4.56432477722408,0.1431372150206084,0.1103494405363055,18.250371810693636,110.8595444979304,62.674616436428025,0,KL-0
126.19171390404748,32.551547761870694,0.37604688617978915,2.373176341578424,698.810408562057,36.87924646537705,50.918991608397796,46.89374719556202,0.7562607310021254,0.3010567951160194,0.8896909233571908,5.2146797848999435,0.33821443775716653,0.10507659994182754,4.308692186703161,0.19610534018342696,-0.09045912844187977,22.724005475919206,97.2903190110875,57.68014916450688,0,KL-0
132.33090239991736,22.771252788932877,-0.4705569208237079,2.4781563683920544,1060.5131260997377,38.51313991031729,45.04184605209771,54.23005962028255,0.5579296259283837,0.241478038363305,0.8351311960378447,5.926234321716476,0.30302683790070084,0.1908968692539675,4.875860803472366,0.2033944949716506,-0.046374545216646634,18.263730412093253,117.2371542347064,53.29199506892838,0,KL-0
148.4518947398092,28.951482134495574,0.5203761731643263,1.7533856327414432,778.8937025081196,34.93937712868307,61.51136241823657,43.155783603035836,0.6142200085014425,0.37821047591608553,0.8376808298742726,4.885408201099792,0.4059622458782048,0.14089121781305997,4.45205492840247,0.013039771963020972,0.14927736048374707,20.506000948780812,91.55300409501346,54.060105777843205,0,KL-0
116.31917825995694,23.775248473844865,-0.21606318025773738,2.145374199046792,814.7845768141383,43.12784112714415,63.58451116656666,28.152760393417793,0.6320385109205062,0.33988216471998656,0.8993188252952968,6.22605884959128,0.3352772121205983,0.13533341642868926,4.623045203540778,0.20855219588895035,0.18297451245192403,27.755085301131498,87.34354654040897,58.283698683856294,0,KL-0
108.69395753463766,32.890919095752146,-0.7723100408472193,1.7921578287784792,866.1782451248562,48.73086699557067,52.653794300425865,53.240688300697066,0.6104852148972679,0.2668247497579619,0.8144013386370539,5.507074632482879,0.42263777725630913,0.19766820985332248,3.5259704820352535,0.813049402546496,0.0271610637174783,21.3325896666086,99.19323631364642,31.19131916432385,0,KL-0
106.65728355561716,35.11051027513731,-0.1487582340356843,2.3616431520612617,805.2322935646945,52.898676132712815,55.382379949600285,27.052940294962678,0.5938045231419204,0.36010949122091623,0.7728598390878549,5.20179429601556,0.4264373925270454,0.11273260399352311,5.633062163768554,1.13796425756108,0.08047773182630925,23.49587021983851,99.00888909578451,54.3896834336676,0,KL-0
107.76284572551843,45.0586238736517,-0.47242066298995233,3.869366784113875,1003.4061248516904,44.39239181085982,40.51408585366456,49.17639144697438,0.5043764989120604,0.27014574969688754,0.8419684440237253,5.350409113786283,0.34594770176391276,0.11623238657904092,4.401454808980781,0.3651321022712423,0.12357754023218413,16.863441360263423,109.23962477602267,52.99348140282966,0,KL-0
118.84347435878844,36.96156424258498,0.13625741959548973,1.402479085654915,725.2820765918658,42.44121981396125,52.00323351993213,33.580219534006275,0.7160742038623369,0.25307979044933776,0.8257913024375632,5.90445963469636,0.29957756337263247,0.11711339025394304,4.918552182203519,0.30394522498211757,0.15545740813269635,25.934951048623322,90.70044611123218,64.26226567458099,0,KL-0
125.11727962224965,33.68539682714682,-0.4610495917209565,1.209150881698607,823.3528946284691,46.21406393798992,54.49795382958255,73.8473119907697,0.7445757314910308,0.25441781295118276,0.8016876840123373,5.2077723540747805,0.2457051061133331,0.14796385854901553,3.998344997868224,0.015654845707071582,-0.06221418173366789,24.778633400776755,116.41713084177877,53.555786539915836,0,KL-0
124.15036198995028,39.976433487100934,-0.3784733732859119,3.676936261994887,710.9035297162342,38.31885678695981,81.20793091029975,60.93635266609666,0.4653873044701851,0.19373588681471451,0.8412310772050654,5.125321155288611,0.2763981463486604,0.16294894888912792,4.684805941330405,1.0568274506449318,0.029116780241729832,21.35520374983419,123.60300355009905,58.279089598636084,0,KL-0
132.40774873554037,21.73318814595269,-0.9558162923782124,2.332541058278507,641.5972986535153,61.71630977355819,43.88032974225836,51.269045495257764,0.5180777127290896,0.32829254282509235,0.8745752823623392,5.389231701208131,0.281308258755067,0.172190264043535,3.718293141885153,0.0065477937757041724,0.07339364961201,24.05492851158763,99.5302716763799,72.33821302129041,0,KL-0
120.1950283781686,36.41368734865139,-0.3809225276996307,1.9647418090720667,726.5877090913657,32.13871178305553,69.64177238752437,65.16448013185602,0.5776151726098395,0.190131307299699,0.8495355719216092,4.911518943615016,0.4189234813730752,0.22715985952484904,4.771240702955803,1.4479441951769338,0.15625121577888396,25.901474402517223,114.99652504221183,67.95481215852338,0,KL-0
141.80301115735975,39.6251911633218,-1.1695517306515828,3.3319237499168612,795.5555843541906,46.4779246311658,64.96858773465809,39.84420827041117,0.5228369764071846,0.22629337012405423,0.8653490536343119,6.410271953970907,0.35579122936134727,0.08251702637397708,4.286415549368501,0.3359044828019839,0.29987443869771957,20.92565925545328,87.32203515249688,67.21817119954763,0,KL-0
116.03014750143066,26.12848252532095,-0.8335611293942894,2.015507568210509,748.4837330579288,61.18884975383712,57.806364044901365,56.521752544041114,0.6404772442764692,0.175464719455288,0.9406703849257712,5.216802704392638,0.36948022620459936,0.1682620676737325,4.517514302361341,0.2092253993870864,0.08175954185522258,17.618687279991104,112.90265849418299,56.001020556713186,0,KL-0
160.8025374988443,41.862524259241574,0.10416586245771896,3.960807770837549,716.9094824151373,45.05439875647998,72.58620484195133,52.397725204624564,0.5417382238074709,0.2948358184325464,0.8328560569221217,5.9158083930902015,0.23897894955324367,0.13328608282283305,4.918784418078059,1.2899501098208295,-0.0125581969683191,34.027872163434076,112.56731690271356,64.34425823431722,0,KL-0
129.38501021647508,37.030978444966486,0.11432006346033288,3.042340697071415,631.24190435938,43.47968771998804,58.72105472606863,53.16824097600404,0.7732044854245281,0.2909807723836877,0.8639174317322335,5.604735041823886,0.2901016785391369,0.13240754553333678,3.7604758132678318,0.01234669026425776,0.13218144617610386,21.833636476448635,110.36124736227855,58.12881759637125,0,KL-0
107.14263665375576,32.50827251659519,-0.029816975286014104,2.109670873483438,790.0273312845567,42.140436617516585,58.891591956679285,65.26824200128121,0.6952438875474877,0.28039822720881813,0.8245393318700432,5.007732974759016,0.3943539888223143,0.13140683615238366,4.089304961632322,0.4354494712378506,0.2056796631632568,24.516199484065552,99.81324293355647,58.4312543145845,0,KL-0
103.93661252908332,38.79669119663771,-0.5867904572516852,4.225846570612403,619.4335551162798,43.55686654590074,54.46879346982455,58.78990523335763,0.6170059224505772,0.23744533831976541,0.8076820140056513,5.497022645393636,0.3643387056191293,0.1227369098757608,4.77439456865206,0.3980691687934356,0.10864112967836008,30.054198675101567,64.54901270509562,63.27748274997239,0,KL-0
127.23708622864778,48.62415714682638,-0.21908454245679196,2.0154280615973295,891.2067156427523,55.98278779741224,67.23568882418627,53.46468395390028,0.6821589010655785,0.22966597479380157,0.8207546173291115,5.892001389655374,0.3426397360657201,0.20053574503810354,5.758932884728048,0.12379522907239858,0.027468116387656578,42.64527593785242,92.29927427617444,55.224051292632545,0,KL-0
116.64805822011223,36.09119753035097,-0.20144101563622738,3.0936762976074457,809.8927703521404,27.305104709363945,65.96469233810883,30.141350765260448,0.6884720339485847,0.3278621918127944,0.8260620714239155,5.405869332456847,0.3782421179300061,0.17526891981041706,4.417150599203111,0.280084472880938,0.17663951531840152,18.777567750555672,92.48900778778477,71.94402483554563,0,KL-0
130.71000741138138,36.48932351780201,-0.663345875677017,2.7394340643251938,625.0938200642083,57.267469610370604,48.743227125037876,38.47944445664643,0.5548842009553405,0.26696688409749075,0.8679737898773563,6.096556472925514,0.4317898903067907,0.15069587935672124,4.85468167075436,0.5281558624441863,0.1530836494798748,27.24913606863255,88.26094074327428,58.7189588832165,0,KL-0
127.09856436860318,32.24383460275853,0.40135932070686026,3.5413930315190387,762.8949107540163,33.60834278039884,41.80752805401232,48.52749279685131,0.5347026204366429,0.3189814992921687,0.9674537893350379,6.010757696390932,0.3389478768231475,0.19053047257461,4.435817118084912,0.649382086984632,0.01791353246435005,21.46223857352947,101.46691605456479,64.94688453007731,0,KL-0
118.9075663101469,29.90093378321125,0.15094491623026857,3.7492089573814824,709.7412313291301,42.866781366124684,52.97019362604343,51.12046849131981,0.6062514450375718,0.24688507883254665,0.814197828186208,5.9594574273291645,0.35346849013290343,0.10462413104103373,5.66534735685378,0.0003585578863215434,0.13051404940274736,22.306048477116445,94.97243865374519,71.64480383405838,0,KL-0
107.29809422897392,39.98201489926547,-0.28838566953186556,2.5256033192526135,838.3009412503017,41.5660446376107,46.999614356023535,36.437555303912916,0.6689308899598355,0.3108637645662649,0.8291687347192268,5.270171613863502,0.3596298459365652,0.1100788460600722,3.4516669998208465,1.381148374112407,0.17978124541270982,21.398939894966052,90.10465588281974,68.25323019660141,0,KL-0
97.27729162971202,29.863497044546797,-0.1892456644021877,1.8972657037230531,960.8540535227773,49.70842615816576,54.36475425384645,78.94012010694105,0.6111248318922734,0.3781966822389638,0.8468438493444376,4.960078776109256,0.4696054817636996,0.08466096803415936,4.556772626801615,0.08987764966129975,0.1945512034047115,19.371725160997077,87.29439822102616,48.7286471784758,0,KL-0
113.30227571899468,35.42939742331635,-0.11664687682097902,2.867977714351293,574.9793036425107,32.21500518493002,67.37438134684139,68.19672866304288,0.4738402814247202,0.335169948023567,0.8697899424354874,5.193206197318602,0.2450321867790487,0.12901756379630136,3.5246735798627635,0.13301276159600697,0.09468408197524353,24.793543191076694,91.41384417417726,63.55916716007907,0,KL-0
132.84598191485208,32.1340553194093,-1.0166939473697163,1.957827704198315,813.8031294976901,48.697381328655545,50.4269834491321,57.225419844709805,0.5357740444839326,0.2752551709070112,0.8631775405977392,5.5981204703333605,0.3841611507394404,0.15485095580114258,2.99605705767797,0.1529049945013967,0.0713536443056545,17.627486564758822,113.45799054219914,66.80575515568518,0,KL-0
123.21140616195306,37.87387895447835,-0.2988709530082388,4.110709798021299,780.7840645320032,61.194476986294816,54.571766186884254,50.86444233540494,0.5940821709124497,0.3154319382213556,0.9142047896974058,5.772893356766177,0.3442598875620468,0.15308575733797003,4.67847723187069,0.01927693877584315,0.19818190576650105,29.734037832559352,92.06769934447007,67.13490417728599,0,KL-0
101.31391831932018,37.00197263172169,-0.47279369919911945,2.6092282648661898,880.5608091740559,34.094607963257516,55.58022734808395,47.45349236118617,0.5939467516539335,0.28556008952818723,0.7286803964732396,4.414214297619776,0.37833858630920897,0.1544802573317964,4.583698677688475,0.06565386117233288,0.003187159761529163,25.275014680166873,93.82073552280073,51.09364132708295,0,KL-0
122.59771388776772,41.2252396655474,-0.6006480039579662,2.207742758950313,825.5835953885227,46.51764934088317,63.484308822052846,38.57697847973317,0.7578033741431847,0.30047281108168367,0.7306535064902163,5.4959433991941244,0.3171313723002638,0.10766829506801755,4.329097837354679,2.147005056125383,0.13508634327368044,27.1121748645072,94.51962861972105,54.74371810386141,0,KL-0
125.77976069593255,31.939901606871516,-0.31244011715438197,2.6477442446919266,709.7636801913417,39.704142577627124,32.531106660153945,50.92976622222635,0.48912096460808013,0.28046333687108976,0.8252060913994925,5.579044612661592,0.3475517484570775,0.17409464227842064,4.436283545976148,0.18932644785842875,-0.009602130189154338,22.669056940268884,104.06792216571304,67.95646588593297,0,KL-0
106.742138456983,33.380750388239775,0.5190746107398091,1.4222989683762428,761.7135277200058,48.40709764954428,48.932997052347034,53.09303048171301,0.6404471393468699,0.2901398876468765,0.9048650093771854,5.361227871842225,0.38557052897327476,0.15718882554716992,6.358979660442754,0.061253953466428486,0.18523010178076824,23.163980328941257,105.4749938623424,53.90591703453883,0,KL-0
122.30587658918292,29.127417705306154,0.05633714450680394,1.7227087691914786,704.4768971835813,45.15318221932602,57.11283692279473,35.09887309422051,0.7191290486662631,0.31272560118445053,0.7717175984197202,6.14563691950794,0.505645510052192,0.17199162844397994,4.3450949171811395,0.056579456117422454,0.07935635875110708,26.43781952583664,63.46412152908205,57.60243154668549,0,KL-0
120.87313077669,32.33424043954333,-0.42847159591311873,3.4603311263555403,929.1208566318318,39.86810472764552,67.00078956426862,54.01011700693877,0.7817159796338237,0.24039847802508296,0.6996183830153121,5.710890037125435,0.39040180947010356,0.09321713467229845,4.8060746167500445,0.6355194232242425,0.20148665885179756,19.17974683797087,112.2596225659313,72.60700647601575,0,KL-0
102.85544553254066,37.26380295826911,0.029033112542463435,1.9744845768228834,802.557397840633,48.90297827896859,50.08097552493795,48.13689141410301,0.5676482061452831,0.23904727038060128,0.8785589703109604,6.155095954040449,0.30759672009847455,0.1593447257639337,4.110381108231671,0.9640256107544629,0.13931302050844216,23.21004782793332,117.23641641092505,59.61760599692168,0,KL-0
125.36681040522424,39.54193169987211,0.3597421746344009,1.6624712138544482,1028.1428822903608,59.43478487829395,36.23447293958126,27.106309305471306,0.6393143562176159,0.21668744677012733,0.8621828611851357,5.3920197398248835,0.32881201589886483,0.11436704280247419,4.677139545024362,0.1484975182355447,0.0021423815950456096,20.70193243060773,87.39776155165997,54.18580689732926,0,KL-0
128.41176789552352,29.467008054934247,0.16985347316510754,2.929322202021829,792.7207023422455,43.47276966618161,61.197114459661364,39.675379870645976,0.6455808285758917,0.2039837337297774,0.7954895796600285,5.968738746253463,0.3273292945808073,0.13808030242345914,4.35705979496663,0.01056560602806278,0.21397021856617948,20.547155947044928,88.33242106318198,52.97906114509676,0,KL-0
136.24576864762915,40.21763552063396,-0.17614785203193037,3.4485633237303976,714.9911879707445,50.75806353718546,48.646376111743706,45.03673359894027,0.6156385385242632,0.22696303846677124,0.8007230199639535,6.31753319726376,0.26021784136849924,0.16603094695909149,4.253688910362162,0.12621539459054631,0.22409962131421837,14.450808796871792,94.59695934666074,62.6617546366815,0,KL-0
135.80703078052355,43.1338271528297,-0.45877471108222956,3.0751626485320536,618.3542728864608,34.65381633703069,43.103333409096386,72.65225188808228,0.5920923839008555,0.30956775040824774,0.8015128140182662,6.155846724636331,0.3334954904149281,0.1527328081876774,5.591339119320195,0.029087772363518068,0.17058291940793727,31.696632947399998,90.92795176652075,49.33481593218233,0,KL-0
99.33495948064363,37.48060941934221,0.07928932544543602,3.296838148644653,583.6232388492866,37.34850898545593,48.75654610286776,56.678637494405095,0.6348780311600036,0.24643274907048696,0.855526765873697,4.953929203285633,0.38664145409108724,0.12445380060662042,5.206310977910603,0.054569899987937806,0.03907297079710241,21.567306234231154,102.68712248735928,58.02131228882865,0,KL-0
105.93262440127316,46.260774875348396,-0.042605845831300115,1.8945639291444314,609.9036868393413,48.77925022304302,53.1547464234415,33.97422117080131,0.39742031318242516,0.33081686785386577,0.8186842361908496,5.37316196122881,0.28628839404616024,0.15018819468553254,4.582047988439538,0.2823841244134781,0.0755188836514073,30.816880275817752,76.64169656369363,62.66584427992017,0,KL-0
127.7255290081299,30.357264805378563,0.15807728801109291,1.362551466606525,832.055198121378,56.87292822828772,48.95255335461787,55.83243547301164,0.6545655592050105,0.3020828249251537,0.874703195948776,5.327417647275102,0.4024241325525296,0.10405394054269071,3.11747283843362,0.13062937894262944,0.11163417739246076,30.34396160697146,86.58486870355912,70.39319856438134,0,KL-0
127.70678926368313,27.5320717801315,0.05406872067278781,3.7010669215643897,861.0470027875921,47.84490679028528,32.94433942900931,31.432352132739613,0.6100942322929573,0.18188974719371678,0.7072686668547804,5.7446272675381636,0.3743887410542169,0.18450802187694887,4.283394466048458,0.3627792786442844,0.04370316805348534,18.570001467417534,118.47036640209889,65.34038464295996,0,KL-0
127.72571529459071,24.32767850657433,0.21982108612773407,2.2418561289262913,610.257115756144,42.495535755814764,63.97066196887132,62.99229264664488,0.5822020082577387,0.3392985350533014,0.80715740674361,5.843176777507266,0.31328833390144806,0.14384147941511247,6.12181653864305,0.14617564699831587,0.23538772579705639,19.55794382163577,88.86136039182378,54.28747905614257,0,KL-0
177.7909723598208,43.9762658689351,-0.4140940846242272,2.299333586835962,907.4045976891339,44.99433124338683,67.74875041278722,44.346504178185455,0.7637489756575646,0.3486479187355026,0.7936973019544474,5.080553662987132,0.3429235181331076,0.18355649832765977,4.361603000016175,1.4112030361567942,0.11154611773808296,37.80251479677842,114.9211393372351,69.42735454050977,0,KL-0
128.56335766039751,38.92619393812435,0.3269576262537303,3.5625553134792463,742.0326737979873,34.99673812824226,61.51521991339506,48.87636573512995,0.5460052784967558,0.2403682395099088,0.8371829660813753,5.533919256958469,0.42991609038205164,0.13420404938711872,5.161930543232195,1.1819322942049781,-0.11626784376858858,33.754629709635715,104.26405834708164,57.60387969962018,0,KL-0
137.033484602709,34.66649197453727,-0.12096015812304015,2.944984007520528,817.6151614382659,49.836122610842935,43.62314329575183,65.90955977050629,0.5677539208747975,0.32521149257369947,0.823097612075493,4.490036333921932,0.3866773906752933,0.1342927203478025,5.365165441171561,0.41828492838827497,0.12714846502049765,24.84240743335948,78.2887874249409,50.11437582360473,0,KL-0
134.31002645239803,36.67981175791892,0.6301043490501063,2.8647102176652863,993.4664753906509,52.05866449858728,52.98508466052482,34.554037176989,0.7593242641763787,0.24861010575544806,0.8898921889947883,6.220972502900945,0.3504391827449074,0.1270743964008646,4.631378349513585,0.21880616251350574,0.07214740825461495,26.286865532086747,107.62395034259447,58.62366912587622,0,KL-0
129.77086876958697,28.24706571620974,-0.47567512723582717,4.232001875920868,907.6207179038638,41.38327733733536,54.93478684770542,33.234581778644106,0.5334350956120114,0.3058602226049001,0.7570331614169971,5.243812879661653,0.3381158341519508,0.17628521795079224,3.9949070208791087,0.23994366184364566,0.09400587551052418,21.845767985264057,98.58799237368576,71.50535360916561,0,KL-0
115.27096133039481,49.67451187770096,0.49438552126609975,1.9851854156958855,767.7763222513001,41.239662817923985,60.987943895619104,42.99680808384794,0.5559907773650768,0.22413009558270205,0.8522745738165376,5.527931969922249,0.35383045352258297,0.1287170652801457,3.038812600930267,0.26538857174587144,0.07051045073714403,27.1617635710017,94.53439532500312,61.3219204005194,0,KL-0
131.384538307399,35.775327091851366,-0.12083568661494089,3.2422721024649896,693.0569329501656,47.12702583721639,61.68340488718081,62.4605462122318,0.588237966125532,0.19241361284792538,0.8779168211605852,5.34517514300597,0.32441182210288483,0.1693378629724553,4.910497925165373,0.6502038988286688,0.164563713328535,21.414090496387644,102.93948511806404,60.10017491463829,0,KL-0
108.40762178193643,35.65636876762936,-0.46056720144577934,2.5456104999176676,541.7821518404834,41.506242111675235,47.65826201221504,31.76784709427789,0.6672587585703639,0.27703096862322185,0.9428323718280978,6.073013787506707,0.24476252471404925,0.1385264280699213,4.011146398305871,0.3004107208123303,0.1895750222842705,14.838231178508076,105.69560182680151,73.09769315762283,0,KL-0
116.44772089889986,39.35459974339216,-0.39355433362172865,2.7148738230906058,713.7016016909096,44.47093908299342,55.819955564135604,16.01413282267316,0.6166242005882651,0.2925762632235098,0.8259117014453262,4.081246779301311,0.45210889552673655,0.09072110100325141,4.605690271132615,0.9715119718486375,0.1226442529806923,18.392221067444744,108.49110186369543,48.54916122356458,0,KL-0
112.71954678256346,37.88605539042028,-0.3281389232777281,3.7227747411300256,774.6643713406767,61.79777431333213,59.57280404615241,44.58609369909202,0.496589972227819,0.2761392183831238,0.8662229302176259,5.491694828837045,0.35776624995997003,0.13289057796640602,3.7501077962463816,1.4420488141110828,0.07285510502894728,25.105463739252937,114.13903417057602,49.715207087577824,0,KL-0
121.22811209079484,36.343304145674786,-0.03033362143923344,2.906268605031699,681.538456741858,43.02379439403202,69.55822322146767,56.62088959893104,0.5574265149498249,0.22895816650664644,0.7598068603718817,5.447090621251151,0.36990736325612683,0.11462675356911455,4.340857475717879,0.20469601924241718,0.09669302361526638,19.34466382248706,104.89763095334028,47.07322823226534,0,KL-0
154.71987850010262,30.25715326732813,0.009134195214199848,2.930636863239706,784.2491639489234,42.13327878383022,62.04506539824723,64.40314099686596,0.5514116453430231,0.27600605627213176,0.7304021897843488,5.273181806204159,0.34710461250615454,0.15101708171047012,4.520231432940632,0.41128008288290496,0.10156796932621028,24.663612675432326,83.49239093456366,62.98118549184044,0,KL-0
91.99102211112377,37.828810142815975,-0.42948000157543165,3.3580058698478417,809.2222259550522,39.81966555491873,62.89056687375519,44.442063654975215,0.5938223163821563,0.31615768515484405,0.892238718789085,6.363113272817817,0.3132441599637706,0.11428776792976529,4.661156148626579,0.049941404435918865,0.03580559681081304,19.626694802835686,94.31625450818571,61.331945016921,0,KL-0
130.29390285561772,46.292146978850205,-0.20974183690439316,2.2080378163656915,773.0172821830306,50.9535357719995,55.838266279293606,45.06288071460797,0.6340674926903863,0.29730641819264775,0.8497219853175965,5.056335270572115,0.34070377595256146,0.1777792530214385,3.8311066875885516,0.11186501648445397,0.1463142918856988,21.088230387490032,135.31658002322345,72.34189093823821,0,KL-0
95.80926193215522,43.072520276929865,0.6569081434447455,1.8286322661287948,721.9996903011848,43.550206614255174,69.10459145203504,63.84680881106897,0.6334564604710378,0.3109500618359528,0.9089256344899211,5.8858980886178305,0.2700302618902844,0.14726772418940917,5.218146569256811,0.2667621219056836,0.1368033859088373,29.265826532065958,108.69389272458073,61.94780061709416,0,KL-0
112.92102201315849,44.559119759836385,0.49101726804028456,1.6641526447831732,820.2385606360074,39.805015693428594,59.09762795959497,27.563099603654955,0.4579190596761278,0.25979308797274603,0.7813298555515126,5.678126394353042,0.4638543249026652,0.14467212015723782,4.141863129160817,0.11546358001602225,0.2232352991821339,26.237402738200522,128.43144760973797,56.76674272416558,0,KL-0
136.3342589545105,31.932705941412888,-0.02547053213038717,0.9269147284991985,853.0328779483291,55.5704322581841,46.389120898264295,45.33775069780389,0.6851152790048685,0.3703030748829696,0.8759951069764376,6.130759626267758,0.28827440007888017,0.16967676413362748,3.495318323728053,1.0460020234322371,0.200427982423078,24.951677893433263,116.74520898639022,60.014358983024856,0,KL-0
120.96420028643195,29.062371078448514,-0.1847986087327199,4.144965703952258,669.1521107068585,56.356824036109096,69.0336997012519,52.285086679100694,0.6202055076797298,0.22942959980671315,0.9434408920271926,5.166405457611248,0.298401685807641,0.17891720802227587,4.434585948021922,0.08615764705493478,0.045146006592789584,29.394819865353256,102.90162485866898,60.94165934768766,0,KL-0
103.8338283310604,34.24527847940211,-0.1519874693126955,1.6174333074226535,969.3118855695524,40.19661147409036,61.979032725390276,55.39062465542041,0.7107625638075125,0.3292536178252031,0.8709852804178633,5.133515550438121,0.32798703978067995,0.14939703744691044,4.520625185415876,0.30409136831154526,0.16562386996071718,27.403042966736738,103.6168848373734,46.62590981337466,0,KL-0
109.27044436110047,35.33434947373217,0.04540718909216666,2.3229971011313824,788.1694241258886,30.06768038911507,50.569559788715175,43.88231968170941,0.6355358661832538,0.3709134655775977,0.8638290752795524,6.048034953738699,0.41440378624261887,0.12686399101352128,4.5963536599030554,0.4653206559001619,0.023923729352442274,32.232816456256835,99.56103952147785,81.68265315467914,0,KL-0
130.19396623402014,41.56514911082569,-0.6091170260793622,2.2785493600888636,802.2619547533817,53.06010951869538,50.205070326007565,50.4132921404701,0.6881058366188609,0.3288544855649337,0.8504278040412174,5.712660654165055,0.3507254499631327,0.09678091151663612,5.317279442211047,0.5886068684889091,0.15567456807526797,22.700703688424298,79.146344609842,64.15896814481529,0,KL-0
109.04450052424295,24.845212221711083,-0.30295061496933806,2.7459253582472805,884.9857307907869,39.52296139391997,57.96575545140762,20.140071759044126,0.6373236249160101,0.2878485463761102,0.7714559271437044,4.72753132666162,0.2881932101984769,0.1294185072889446,4.358130697958484,0.2414993460363014,0.05867086409919138,22.851825107362455,100.21656702961869,61.68006646418071,0,KL-0
123.24687884372962,44.17730191676368,-0.867433629551036,3.152589770031437,827.9859357516202,51.32500479330215,59.63184795267584,42.101019051993816,0.7076980604962199,0.26830217720022126,0.9177786467855173,5.230347492768365,0.412716918037867,0.13148363260056115,4.428228225378737,1.0166572458446053,0.01813974212995325,18.494453668043274,114.52809463050636,64.92131187422865,0,KL-0
120.6835775985572,34.051952608526065,-0.0403107509578883,3.1883787906877963,914.3763960695894,29.239169458305312,56.972922656312065,55.44210455065361,0.6417800508814223,0.36216525906277536,0.8194571180097466,5.693191326924031,0.38655003133927407,0.1532117235897689,3.838089371260144,0.4200343697052891,0.12240362741579236,22.8550964131379,92.80432006214555,65.67528784469285,0,KL-0
110.22599478591275,32.43871358031548,0.058878375881096415,2.033538049144849,834.454899824219,52.14077870639447,58.113086734428855,38.21247158894384,0.5921667802845677,0.21462150448429962,0.8752241628191508,5.9188821107732945,0.3769217478608226,0.13964559356585918,4.992332101732738,0.28946995891431315,-0.11396537025233126,29.82384947151223,104.94343598874171,58.875572115980546,0,KL-0
152.1591613398799,28.927373748438995,-0.3932745849197496,2.3663026289708706,726.5075150431475,35.31062456575375,71.99957374576381,50.707810659075164,0.7817947776357506,0.24179254437722136,0.7718482846714373,5.160384673403523,0.385786712058542,0.17063798916154282,4.610585438446862,0.03480401285563678,-0.040078045952418234,31.49993686131067,110.21909255071837,54.950070910074395,0,KL-0
129.50878533477018,25.07085996880538,0.42959470531601307,2.72606396039064,843.3804230247322,50.846112952532195,65.71543152234885,55.362470009632375,0.6711229697823914,0.2761465340704967,0.791027016774611,4.04287200509153,0.46971809502912254,0.1316105018618793,4.2479833636235025,0.3124541338296626,0.08580064929805735,29.80152584043334,89.0838347282503,64.79560549057364,0,KL-0
89.62286120013589,39.93902350377149,-0.6903062652009364,2.301047099053162,662.7528551215206,45.114184542691476,56.90635591265024,45.88940958970682,0.645899553680353,0.3742592254507199,0.9217543699611117,5.761611592868516,0.4592547447518056,0.14828876499441174,3.3571951839207217,0.8594474056784749,0.10659534133078741,16.02904066725282,94.58436562787602,63.085686724251616,0,KL-0
122.79681472154141,35.439907803130424,-0.7857499520839281,3.7858764608159943,813.0271646931827,37.36848464482684,64.41310580767484,52.04556525195885,0.4978956466769331,0.32278605816245376,0.8326348855521079,4.8898396550280125,0.3156642328498352,0.18551962329590668,5.366647317033053,0.4766602471446215,0.0704544983873449,30.415726063303673,87.7850621142741,53.520879207284736,0,KL-0
110.07320302847418,27.260234601553677,-0.11021927257601122,2.892779961310601,796.0124011226648,41.74370949658576,44.674760964724605,38.44720921658465,0.49693539060291697,0.24191725448938528,0.9226637738021272,4.491330600938794,0.4311942496405576,0.160254756418649,3.7633920213263656,0.8923793769473854,-0.026354903897407893,15.807406883639647,90.13401271972711,71.35228489093811,0,KL-0
132.78650002194337,27.229527367618303,0.2188393210448618,3.087902228839854,775.0259771272953,50.49054765565361,58.979270499468086,47.52066464364744,0.6234172385713482,0.28138153767690577,0.8460884670470741,4.08383703750793,0.369158409487945,0.14819887374934307,4.145233194378177,0.34062083719308234,0.03456865262891956,29.490586620611737,84.54873659616327,62.34681629058387,0,KL-0
108.11218892350949,32.985291804259234,0.4735710765831475,3.0303050149339303,784.5754986273283,45.847155624921875,73.0930634973311,57.32259403507067,0.6116416958214592,0.26314061135422234,0.7579051113521071,5.906990430098871,0.37495479080688743,0.13194166674194469,4.715006706645602,0.06304341760005751,0.1312967461789915,23.161077367144724,89.19461846346368,65.83855489814104,0,KL-0
118.27895337799652,45.014129151736356,-0.38355370514757603,3.43877908598826,574.1781145402833,49.67530384377987,52.81954104607626,51.88367553162121,0.5508701947993346,0.2574126604659879,0.894603379986586,5.564308725202483,0.26538645841783354,0.13100305809855067,3.782065242829988,0.00686686157932912,0.146542541650269,28.51266656966928,117.03346816957406,71.13536710143936,0,KL-0
127.57480918470685,33.44245189181837,0.23147233337251827,2.6448172469629654,734.1530110710846,60.81152467612388,46.52366071380915,42.96162476523277,0.6112786159689648,0.35873337351340673,0.8205053841122196,5.387171809643874,0.3414807117305902,0.12448160241144156,3.603894133048114,0.18064245297964288,0.0987021505923247,18.33775826052717,89.01427565091649,60.175110569318676,0,KL-0
132.98632791255181,25.981142281291362,-0.2154033878002829,1.4625344416353228,811.1413881369338,32.48606710631159,48.47911111406939,52.690596851489516,0.7270901542434877,0.21769541224418967,0.8849344406758521,6.194512181481381,0.3093588204831717,0.133769794026513,3.225631450379601,0.5986483553865936,0.1925467024829591,30.855838163530734,101.51751062872827,62.53561605587292,0,KL-0
101.99555389416335,33.525541615484336,-0.26905091997632785,2.819750361402113,819.1827670396881,57.93770059974899,44.103669626576114,58.57531748763942,0.6556321979640238,0.3965268513440624,0.8512605433770041,5.818662341511536,0.3914029407446654,0.17266997516232943,4.932598171743381,0.7809430762942224,0.13179176187673874,17.675126269475555,93.96557495594853,66.48021790804893,0,KL-0
114.98248146238578,33.36365858151398,0.15346397499466896,1.9789144849665368,676.678983088885,45.8348475001857,47.15238091872297,25.400704657070264,0.5087193192197809,0.3496937814110774,0.7728440886028565,6.308150021360959,0.4035540250201402,0.14334335186123193,4.172888253164207,0.17531294862687377,0.04020354768334303,21.657725445734112,114.14639124444327,54.201111329599584,0,KL-0
112.87582033258566,18.81868014235057,0.060929151365367855,2.0771066546001946,951.884940903764,37.80972761341498,51.29491901409971,63.90888877947077,0.5910792938285645,0.36545170023622187,0.8582147382685285,4.803632263916501,0.2462756824491844,0.10950680791856306,6.256362055483998,0.3422462908215306,0.07755983572707062,20.009526861154825,115.7339475592434,60.43241330276801,0,KL-0
110.20006151139432,34.67423080089313,-0.8305568627936998,2.9690912150040747,696.0590182142599,34.35749099408808,40.94432980821358,45.964943135827134,0.5356026815317951,0.2722236292784845,0.95981115710764,5.482724688023018,0.3488982567997865,0.20304507879179348,3.903386960621476,0.2733290921078203,-0.012229292576628371,16.228575735887503,110.36883978566736,61.004388693209194,0,KL-0
146.48181360421646,33.61439281874793,0.3906161398903583,3.4906264571469086,916.3348640632084,43.48703687378373,55.15618333949603,55.10587919888276,0.5689840066873151,0.2910035568552534,0.874649322925723,4.691643312525993,0.4060930752397126,0.1595989557343549,3.947129385942647,0.2642596050254687,0.09134888076868666,25.47263783794234,103.67361463723306,52.35153158653284,0,KL-0
126.07472566441433,39.17723818888051,0.35203654165898063,2.5170172613888493,851.2633234246022,52.37320089539568,64.02277173786648,64.36696308374273,0.5669107467496286,0.21401089112851726,0.8471241123497268,5.385308834072267,0.34066605188432775,0.10779169798460492,4.160764217828759,0.1315589377605886,0.1889680495377071,34.03044558918481,97.22728555790921,78.54109430939103,0,KL-0
101.08674068497432,46.093736569672075,-0.4502250806038118,2.747066410079171,722.4527228187436,43.97960703697973,45.9224381985308,33.53991563323441,0.5617883533916795,0.2685202555759918,0.9037671700978449,5.375692073116661,0.3864531822501182,0.13674453218277527,4.645880793083093,0.07330606107905774,0.15482320677687744,38.33452611160004,85.697503549705,48.74165245206078,0,KL-0
133.76792920582164,41.75939017728655,-0.04167858662503639,3.8617719557081904,1013.0373071131414,57.089239441978776,70.19283923641768,41.48670797086944,0.4995891702421284,0.32961929085858904,0.8605334232601555,5.813306818631535,0.36755827338135416,0.15332659148485253,4.217877996728813,0.10950639622354133,0.21216074607352978,25.485778935431238,123.32234657346636,49.615168770502734,0,KL-0
151.8323429551895,33.38666785667102,-0.002387925486904474,2.6926025435908545,656.7635801892224,33.39059447958753,60.107920885275945,46.53741564949154,0.5897876254785448,0.37776378370688374,0.8604767115131396,5.522781940570949,0.3670830115976313,0.20113776279892132,4.867399328401508,0.02846107290437292,0.07576918049608056,30.58340637533761,90.88392378696936,70.51381260562863,0,KL-0
135.4869789082672,28.36084454754998,-0.09573049367043716,4.581346491344316,910.2985008332001,44.903288417231565,65.30580585624057,40.59495774650686,0.5551513890522152,0.2335705909918529,0.7954187413920448,5.811703569139958,0.3364342510965851,0.11675662625223392,3.9128469660068075,0.11040485206746449,0.20768798356114063,26.160473189642687,107.9637561643941,65.70613000637233,0,KL-0
97.2094505106898,50.44015881949916,-0.42012206153816806,2.952407716505235,920.0698781651574,34.980852444695046,48.42165446147863,70.8192389100417,0.3656441047998185,0.27806964378088406,0.8616924012894799,5.851720066569447,0.2891709597932145,0.17928122158067838,3.6710449689218514,0.004621743663778181,0.08453566188416241,27.494415973841065,112.71478687148077,51.792281460153774,0,KL-0
112.73648890700623,35.35531060408693,-0.46864934717522067,1.0913897926753457,719.5255749108026,47.90905506099974,63.545252270666154,39.718734874078486,0.764237761960133,0.29092204678604866,0.9017721708208473,6.577464338691571,0.2939234926287486,0.1919845928091703,3.4210711563545355,0.49343493125434806,0.21772680660559152,23.289256744363804,93.33663403713605,64.85831212081354,0,KL-0
139.00366723779933,35.083575751477674,-0.21022162839657813,3.102673296883626,967.0958360077194,52.0950991207784,44.08066099604687,43.3334386461576,0.6871015723373337,0.2162526478684509,0.8081968923949987,5.342351672356938,0.3854676257227658,0.1311403708477629,3.165855499237682,0.19017317661905872,0.09825146020463012,25.975384627113012,112.45615032779155,71.74280355997848,0,KL-0
109.38495801571828,34.85524947733998,0.2690916077037459,2.804926707906222,769.9944182481256,41.633905650551576,63.90247500836509,52.452668379235725,0.5698959420060002,0.335480954505504,0.9212247910623473,5.029488649666811,0.3509729127759441,0.141674591434193,4.189158588314966,1.8086462550411608,0.15657850990434213,27.687393523032142,109.17055844006626,59.757895539224116,0,KL-0
126.65729142219342,36.18850856460713,0.017440061837772938,3.5318022032661966,834.6432355135828,24.166289146982926,56.718393397935316,35.57420568708693,0.6015055239792478,0.25656058009544347,0.8454146987927437,5.623041807658204,0.3430743877696387,0.11891072257878689,4.319411812564067,0.10766027222649704,0.21800898914478845,22.107701355618342,120.73556602458119,80.79058320059666,0,KL-0
131.61951080144004,34.13383752845635,-0.3482457328344424,3.038545081015967,831.2386206525465,46.59158517437196,60.53251219984784,45.25183145892483,0.506267652214595,0.2882765789293785,0.8056115244230729,5.098859986430228,0.32880549788388236,0.14389616576759084,4.12113778351009,0.21219291848239608,0.08452578971350355,24.61252850053506,94.36784240287946,46.207505513055715,0,KL-0
106.09604292632875,31.558027958718583,0.10867948425933789,2.389235212812981,783.8829510235342,48.49390841386808,43.24405394375148,53.8094391350021,0.7356578302248692,0.2728830376852873,0.8998816038460122,6.240980384218268,0.3347405577259624,0.14890230076971206,5.246043478312298,0.22145979472418362,0.11747111900353394,24.70784940501256,84.56963179264342,65.55058763087281,0,KL-0
119.10711965907299,31.718846352557648,-1.3394170482520302,1.5205614109685073,897.2969927791738,48.23435803969358,46.049301577233955,46.00567514740987,0.7517830955818489,0.25263968965681954,0.8356602882130865,5.358390980527384,0.4023455897244069,0.1697894999424711,5.236818125764881,0.004243706231678861,0.2031090740165042,29.13201658665262,93.93412293466587,69.33222668976802,0,KL-0
71.38098989896392,34.80348037870401,0.2595062801488414,2.33278139417118,895.2186464662656,54.88625753457723,60.972282182533846,48.87935769320062,0.612535498259722,0.2995773008711667,0.8879757443743054,5.2172118160630045,0.33323779590659863,0.1827055041306134,4.299118207533299,0.9138216913305165,0.08935974688559492,19.669839141861598,102.50624251041198,67.13075121284197,0,KL-0
104.63418537998565,31.73945137319741,-0.8958855115112399,1.8195836366325602,590.1761632114183,36.43157056280761,45.51651995775799,43.648014650619544,0.6818824515348275,0.28706342528591866,0.8354120683870732,5.264342139424441,0.28294676433492155,0.1275571180613506,3.423647332084822,0.016258734365268104,-0.005671382600492884,24.742288956961744,100.69855272502068,58.365154186834815,0,KL-0
116.2114777291026,30.722925303937014,-0.3449763765612529,2.0355812401562217,956.5208291453783,50.4417288436036,59.63206292099123,31.826356289830798,0.6140229423147139,0.27768852706328007,0.8470086928235048,5.85920871173582,0.3871825887770086,0.09098024807322017,4.159976935166968,1.4082062314915524,0.2714405643667928,34.560027345263485,95.27874524470539,57.6764681439108,0,KL-0
101.28325227052726,35.63858136615138,-0.6478679578504576,2.9708627235364875,600.5009614357191,54.5400600998238,41.32862193539754,53.859118536070866,0.49306196488992554,0.2562923026991794,0.8746780102167145,5.4211265083842575,0.3397561668067641,0.14936265662171272,4.1401071636497635,1.1131563624954377,0.06241884285302906,30.820300762929687,77.08963049227309,63.553161368698056,0,KL-0
144.48616955897452,33.47013669547487,-0.7178725902883623,3.8359236034811253,923.9055445209989,30.771299327947865,63.48174212666668,71.0591968597669,0.5670541304829074,0.31917148024697733,0.8645448528795002,5.179166589934809,0.3515697932766388,0.1588061258990592,4.105719022633165,0.3834204519712299,0.11270048407500344,31.745895244443528,105.64579595354928,66.52603589321656,0,KL-0
98.5478793305905,44.02395793149613,0.2643307149514077,2.815737223858385,935.20461641931,47.55721460735182,42.67476685231491,50.22081956940126,0.6105542373417565,0.39921703610953707,0.7502234109774131,6.332675958811765,0.4303789153199755,0.15748253063055123,4.081368657661053,0.3921879827021301,0.19248053355609018,25.12215920089017,123.6681337489864,64.8197874902589,0,KL-0
113.39933269954524,19.094181149641926,-0.3870804805247566,1.5432935503718526,669.0840283741762,40.96656135193863,60.522999376795234,52.703169406970595,0.5636361825005245,0.3083932339703476,0.7939378129952803,5.071915079669125,0.3489719721324746,0.14019980257472867,4.107922262565116,0.5303374343245907,0.05132048770150386,26.604987818430114,105.57101485747604,68.32046312634711,0,KL-0
121.96110865929137,41.54904111153477,-0.06139844730771369,2.8556821345761128,750.7022854454498,44.34781861518683,61.25630933646001,58.312673061402315,0.582507737805197,0.35976709289466774,0.8964704992395408,5.517783037016497,0.36445918365593627,0.15374256298991804,4.268075030461344,0.2447359659561792,0.01937056694222959,30.011180833514626,107.30962622864216,51.849040343466115,0,KL-0
141.61909933599173,42.47651115498577,-0.21876823155167363,3.457305189316521,667.3154397816877,47.78141186830669,48.03228181570425,34.76803404143961,0.5926880353992707,0.21658668449079224,0.8433931705549226,5.826153075805115,0.29105382543508374,0.1954633442505674,4.118675340710666,0.5209585592014117,0.12029898374198665,32.80127764765466,106.86934367386122,58.17783216701092,0,KL-0
98.46206773230841,22.559658605551103,-0.009183669110751413,2.0121736765444944,774.2094763653517,41.10217148709158,60.82026567084727,70.43017589755527,0.593529720170763,0.30946568635762617,0.8238134348614289,4.684332444791464,0.33901652738245197,0.16145202506887527,4.624993505175356,0.022900721486151392,-0.043446111832991165,15.241985435585567,104.7645600385888,52.47987254300997,0,KL-0
137.4474562823244,32.943874435517905,-0.16927124357589787,2.3927862666616657,763.0358858977111,39.59433536670711,57.60442263333556,52.42794555707363,0.6041806792397987,0.234157900861736,0.7820712992371263,5.740130250702962,0.38047630226043005,0.13879894724990746,4.716221229542916,0.027781528616657364,0.07696751385056638,18.42279346475077,111.17999160241713,56.911097791310866,0,KL-0
120.1534959152938,32.77135480402525,-0.7131968896754279,2.5117505557833577,893.5592638723208,45.273219339904195,49.61158143807262,69.58228278906931,0.5151515946882719,0.2113845043480859,0.7960131839362076,4.972446162259775,0.27223131330793787,0.13499406548712012,3.953612947690506,0.30553519731613243,0.11960309314523247,31.54722050701324,104.74448417422799,68.12176713451444,0,KL-0
105.27737023428074,26.554929831693073,0.19850672777885603,1.872081349534208,957.2370495343531,36.302032489097584,44.91445315923792,41.20360405371213,0.5426387080697651,0.25563771555245784,0.7489100680019026,5.911391390417001,0.36004225465578543,0.14490442926966807,5.26263919560422,0.39883435869174033,0.07840384825398687,23.61555322115598,96.24787396416069,60.86387136580183,0,KL-0
126.93155211394907,30.33309987445475,-0.397502633264525,3.0186243470750873,967.4820572947948,36.31339896891852,35.373743083274206,71.8167430706939,0.4972332587440024,0.37151396006481435,0.8449359640649233,5.0186744940405115,0.35503955363224027,0.1991021988549192,3.9119626188956316,1.093814760249315,-0.023476075454859777,21.641396053709613,90.44813307989494,80.85487330519815,0,KL-0
122.98589543360205,28.336544927205026,-0.8226327594639005,2.4032414811137746,732.5398368106038,50.43498626365203,58.496500472996935,59.30186592841739,0.678225243974896,0.3570009497201787,0.8200781209709477,5.846384515924431,0.35206437277937197,0.14450097871421408,3.5293196317107975,0.05527622629333492,0.22753423649632099,18.72919506502198,97.0123161366319,61.54725093751774,0,KL-0
110.99674684261808,45.513622660541735,-0.37124606438636504,2.8356259551256224,774.8933751506567,35.80964771873075,39.35197228637945,56.6364810302283,0.431548244652774,0.314580283323264,0.8016706054507342,6.052916533147356,0.40185794493291216,0.14940616966437875,4.728466842819031,0.8648092050865037,0.10828305231593403,22.22491649227945,103.769553957408,60.47753504463789,0,KL-0
121.04703127485028,40.61407035888477,0.40030391625372436,1.7900062577583198,597.987416933486,50.3305000072737,55.95344199441308,52.80829345223778,0.6922872274653541,0.20803796640660413,0.8465938287416023,5.930718262816402,0.36672192574242607,0.1355305928719109,4.009555119351396,0.1178911279696275,0.2144921694209393,17.988153582880877,96.20700446652432,60.84946335552173,0,KL-0
114.2202960470736,42.62933056996495,0.14008869684539715,2.1500333597412715,703.2955920204573,48.70073034283161,52.36551783917751,47.01765658310661,0.7109079517810275,0.2882231609167238,0.8681985315426369,5.625658324119051,0.4239035949178222,0.18296950072325893,4.692774882454433,0.2505066681426538,0.07919709998556443,35.45547136366238,103.77206419757717,54.89753045712051,0,KL-0
121.70276017876871,39.33003238425941,-0.3394608537631437,3.0779050862622173,915.7821959716949,31.193546169675226,61.79142775438196,64.40637990168648,0.5758255530413903,0.31810200053410415,0.9546598966104972,5.38434952853515,0.30032052422029815,0.20879511764234024,3.0577988393396818,0.19033925106088423,0.029599041464738893,24.887819740097132,105.26980160440502,59.53730710097925,0,KL-0
129.9319601178157,28.225689372696625,-0.3397030817273715,2.2017334783265863,993.8699388257878,39.57948278131476,51.97954500510136,51.68431843817656,0.3917490329738161,0.31053217377471587,0.7744058290218393,5.211790211832578,0.3567962283609174,0.16351839148294164,5.33547356488984,0.255542222683205,0.1215344736204128,24.710247291186413,109.99815317524218,69.02230421689316,0,KL-0
143.7902522421803,31.85287840232136,-0.3286540204869531,3.881571080986724,651.8781353744093,54.55287522437898,51.70552213652909,26.395163556954166,0.5710951550426168,0.18937238499115525,0.9079690521650261,6.235517345408552,0.35422333931949734,0.15248318711356276,4.903376044824241,0.08155101919082237,0.08273702989374243,27.940383375839158,115.39353962606776,60.911765345022175,0,KL-0
101.43276751759727,37.93624736736751,0.6306991934243364,2.180291051508318,728.9042889016526,37.15067575088255,62.318707042882956,36.59376245951597,0.5948652670968945,0.2465809291188077,0.8986550780507536,5.1502523899161785,0.296537275312246,0.15110348499522705,3.599714070502199,0.35015647111105064,0.005779083360691363,29.81172584633285,100.93608902174628,53.65232216093223,0,KL-0
151.995500619844,27.66723314664833,-0.047225819107378664,2.6797477806015086,796.8313091649287,41.2847659015249,58.35058029084117,47.769850973687035,0.5191521424056869,0.296155334151077,0.8110453630311649,4.981466963215002,0.3978147501045673,0.07847079633642763,3.6127337256922285,0.8088423868321298,0.21758274070299966,29.729440782773196,84.30668121822808,52.599323036170915,0,KL-0
90.71868300716247,39.27799058103433,-0.027983341123572147,3.2460726654984717,833.6193390583528,48.69648714601517,58.16155957182778,53.719987797986654,0.5587825284953406,0.33217745457103137,0.8601617977293016,5.832684467516415,0.4662336652926409,0.17235452592854453,5.503359542458517,0.29128077913034045,0.05021838216848032,30.36810971953786,95.85875083816973,56.398384866673254,0,KL-0
117.72322357446625,33.558047611051194,0.21211338161273688,1.3653074136535746,702.8475776094025,51.267124074260764,59.69267589808526,49.32093813320125,0.7224156159090681,0.1682323307340032,0.8271183375331193,5.101931598406752,0.34914969627580844,0.1540249924798753,4.057572057901225,0.33727418377699475,-0.04722131078364544,21.84577224604572,100.5287508088792,60.59090747528704,0,KL-0
128.82475809726864,32.75107515470242,-0.1044843363893946,1.0913529504153792,850.8873253356908,42.987688911644035,39.644278767928945,64.62764947752396,0.6531941729841393,0.2902725614712085,0.8592844290209369,5.0249682512669365,0.37525105441368833,0.16285026151982174,3.9994890907604255,0.9444687275766889,0.2062532843165866,23.510665975215694,77.9707749258749,69.5486922838101,0,KL-0
124.2148780160255,39.26575980922095,-0.3036168583282813,1.279474948343924,743.13927835149,40.21991844246687,62.56788679986982,26.586777631536503,0.526034870849752,0.30858292619273714,0.9254565506702275,4.778197868915117,0.35422592379076634,0.12865613417748886,3.1403687435104306,0.6121866000096772,0.059656158734990146,28.84515827721138,116.66397424122978,49.276090869068504,0,KL-0
110.65950720269109,37.66557986891624,-0.2785399396339913,3.510067282741746,798.2657274946065,56.37895889358806,61.12468794013602,51.723055238061924,0.47219206643236544,0.3509767193109728,0.8802803116315656,5.258545080269741,0.3143207665046412,0.13846629363068724,4.289533076639067,0.3371179737676174,0.05137408859075006,22.3630546918019,101.7085349501256,57.44138977688995,0,KL-0
116.87816624464087,32.83420300508552,-0.22864050376562559,2.0585134832860428,865.5541097604439,58.91119731038063,44.83316871423503,28.184249295354142,0.5738386145912183,0.3415714550542462,0.875430418661672,5.458642488051753,0.2589619861098992,0.1376692519049048,4.363368231098549,0.1489979711359972,-0.04123100696239792,24.974466839863876,104.57623401496342,61.154480155480634,0,KL-0
112.6049859801175,41.955978820185486,-0.21488889460393665,4.546559428534602,800.7706723773125,52.83086440625436,52.55919526325799,59.11654754581002,0.582923457651965,0.3349542791285283,0.8284845340022678,5.62154586383035,0.3147113258452317,0.18064868952219115,4.929295858061691,1.0810931847251226,0.23927531892775927,26.99381882212407,116.38631755031518,45.33035385896452,0,KL-0
111.15952864583683,28.513620034400617,0.09105181745479195,2.048601921074089,747.6336931368118,45.68254514052019,54.606927123723686,48.86649542669597,0.6396959349890653,0.25200356959788395,0.7757971667537832,5.975653122149741,0.2804020809524134,0.1386372049019072,3.6605529430893147,0.4302156660229775,-0.0031584469767749965,28.92592541155188,92.43828603829184,53.33121373626875,0,KL-0
132.74403145531537,38.69561364166558,-0.17922164567708024,2.6476410425576296,786.8468235289002,38.53387422687259,53.655032155982674,55.03531966428942,0.5571746629945873,0.18551987177260154,0.8395765894729795,5.763448961832897,0.43520510390295586,0.2124798096632939,3.587827924655634,0.12496686886476627,0.104675958456452,16.111595188148993,106.88850317060836,54.56089168211051,0,KL-0
125.35523228947571,38.558607547810304,0.0930560308862317,3.7336879620543004,789.3964448953598,38.35644474754748,58.338599665685344,39.633404472922805,0.6409199660289489,0.27641683457631594,0.9103304077431957,5.40456389022341,0.34424451530383804,0.16292587257045113,4.770577580865886,0.15675282647530253,0.17300962580323526,28.573728249444727,98.68163052277677,53.63223700919601,0,KL-0
109.60635607109019,33.142721364116056,-0.23228663204343294,4.104874310527299,755.5986764141446,49.18011284212606,69.31366781831184,65.35357917989302,0.7548123232048183,0.3600979095125136,0.7736416071705176,5.40090216181014,0.33270403354764144,0.11172952020012805,5.104038042736239,0.8126136784533081,0.13373735464024777,23.831379710741373,97.79095759580896,61.53511636017318,0,KL-0
133.49399813149876,36.95679813345271,-0.16854592387356376,4.149202861309118,768.9444724799478,48.34718576710947,65.81766727672829,62.50069596870622,0.665240081795541,0.38360727165146585,0.7972455315911652,5.755078734457592,0.3944576912393903,0.1461436112024413,3.55730858932927,0.022574819560733195,0.09522765504062468,28.537288554321904,90.73369134634746,58.71552312398562,0,KL-0
124.60949281314915,27.493318541688183,-0.9992802738128431,3.466692984474514,991.837660460566,56.21278874357144,41.87780806568594,57.00253163614265,0.5961529194135382,0.3426329461378671,0.8563133868117034,6.136285081464285,0.2939124448572056,0.13044974633530754,5.148908451779845,2.419952012268837,-0.036133268662993295,28.884658461774144,119.98723856423833,55.55771117919171,0,KL-0
132.1929317825844,40.544162115241406,0.1665310698809926,3.31925002064917,867.3103337529486,50.20360074028911,61.220699903060485,48.44579303763871,0.5853479623157364,0.32576044936810405,0.8007672607576368,5.5631570997416,0.31165679809977237,0.08416852590539926,4.522525104892093,0.06983318930676549,0.03522201313861729,33.03957530559579,95.49399951909315,63.42370101242108,0,KL-0
129.44443262885417,33.89058718134206,-0.061404609640802923,2.9740215593609465,764.5423618365007,32.97535758592146,68.28933319535409,56.958287423541584,0.5714661492656102,0.3227783789031579,0.8103738276442394,5.2654345728947956,0.35340361346243104,0.19798412820341368,5.1550832034447875,0.7949856251882192,0.11502402704340177,31.767268238106016,108.39357096274843,73.78459774117,0,KL-0
107.56507483616892,31.863661876885764,0.1992040439438609,3.12268886093331,883.6345285412883,53.41558094178335,58.868085206892026,41.517289184151814,0.6944512729961715,0.26663287519435314,0.8288200709135911,5.003566999457227,0.40143844957117397,0.17109427626660012,4.45786778308943,0.2510777563289325,0.0370260744010403,31.73285831305148,77.49991135033676,73.11405213393402,0,KL-0
111.59728439704546,41.294055355021335,-1.3585021512774758,2.0590514269371734,759.9416612292788,37.0155149814847,65.90980425185967,60.26666790824854,0.5498149243238958,0.2921963823867828,0.7817191297904925,4.7773973677938875,0.3750842522584394,0.16599621953697938,2.98663324950723,0.33884973981575217,0.11626875679990142,32.218351595831194,114.15986235627744,44.617825823501306,0,KL-0
131.20940407684893,30.773937856743444,0.635349881912291,1.8454408932621542,940.7749565103969,41.92822982438119,75.12270445700766,69.79377073188705,0.6036178167199986,0.4001441715495799,0.8012939076891815,5.833134836021761,0.36241625712579406,0.1549621098089911,4.408819570610377,1.0628498823109442,0.15453947270521134,26.45689492407973,112.6265338714847,64.61657747068112,0,KL-0
129.15555398150198,26.54923222181864,-0.25583585126206954,2.497300434071238,844.3570630637713,47.001601650013555,65.23709546106981,62.847326719750235,0.6040958321504868,0.2434465196524874,0.8851713958393654,5.788989261819778,0.3539058867618008,0.10853947293922686,5.136086291202762,0.2662895875896607,0.17700023086400815,25.160925435184197,101.16920932356764,58.57581367948929,0,KL-0
119.68647609053778,25.660224958856578,0.24327312669500661,2.363852301980057,787.1237427194925,60.96533991827172,57.49308595641729,41.24477036231109,0.5598572645750775,0.39688672744259107,0.7846315108884517,5.788681762553331,0.3700117927763387,0.1354914858133369,3.9637523885497714,0.38554760827473583,0.0019056513749853322,29.364085415891672,97.27669040634491,61.24124274292285,0,KL-0
121.75991074963173,38.63605970807384,-0.6159623708502124,2.13741756053818,853.7260310972333,69.87934844804289,65.45088474084753,54.33700780727723,0.4902027561692719,0.2806783107304765,0.7701063932752581,5.435670276823972,0.3600826452564627,0.17525342324352036,4.267221018655529,0.025278184260048686,0.27573168439831636,28.66040475716511,104.8000000673628,56.81373573165961,0,KL-0
139.1649734368264,27.3174238850223,0.045109562025027874,3.0571099579653724,611.49486175178,49.85378447308946,56.44887833096891,34.482301474896225,0.6258379602894134,0.3795259265457047,0.8184987510233053,6.203467372945875,0.2985013862611532,0.11846339910652492,4.394319897869413,0.0011751167519305772,0.16139834756433044,23.4546688163087,127.46548793056347,60.94070903909762,0,KL-0
111.12642916746255,45.52876509190619,-0.6213662252694625,3.264244166856409,664.7879037308234,43.5344270502369,55.23903043284955,56.86868373410811,0.5951196822515693,0.2155910994301477,0.8865977751254923,5.257940752707591,0.35230396108165757,0.0740469205124756,2.760291672078911,0.14038624799288638,0.09986286770647489,27.02411704404134,78.84115961315818,61.21125916857615,0,KL-0
128.20646071755056,22.508423552697668,-0.44950758427832205,2.570725509033478,656.7289992321133,49.2760451878444,51.485857642862676,55.40724095435046,0.6400192375549255,0.3351542520698789,0.8401539096001555,5.977634618603603,0.2963155670541123,0.14318681976657222,5.502808545262486,0.5706290553611482,0.18716292664613127,24.82451766607703,109.38432865088953,55.368385941208615,0,KL-0
116.9671102134916,45.17873820974023,0.5656125415467145,3.6820240648442093,817.1531713716448,52.10124340699069,70.63413358832108,27.562203925614032,0.5573119754848667,0.25579379184314266,0.8267709460942191,5.4806285525052285,0.35405412714504114,0.14574727337917384,3.959174592061695,0.06463589217349437,0.28923262175999787,20.73033545769972,89.06059237415317,52.829059617398556,0,KL-0
116.7347819515917,36.26610480321571,-0.27627296030533866,1.586648708693196,1007.9017999382111,42.43465899554246,46.81571334057999,36.058593873051635,0.6976657039050438,0.21508396848454875,0.8522179398757803,5.195824617660331,0.3259676029255879,0.15406690249244126,4.803441259483679,0.06038484747071202,-0.01509760808454956,31.45230370688175,99.76097924440323,56.410434539044125,0,KL-0
136.48165277980786,34.41972132877765,-0.11302685072811086,2.3450724325762256,1067.7560175431158,59.361690847298576,70.32367724678116,46.602333239074795,0.5298580975030523,0.31311204254465674,0.7627146283570174,5.79626515365888,0.47696908113914305,0.17185555930543608,4.4479793183110745,0.26463110908556375,0.08197898860069172,25.275996212650448,97.02543857105604,61.874074115654125,0,KL-0
132.38124523482045,31.730485479146303,0.14802709227550157,1.926542143517756,876.5661321728909,46.840566073531214,59.99864123740371,46.38968303431008,0.7369632227214313,0.3605683073157581,0.8747352826887516,5.704818059341997,0.3480052808124144,0.16912817436693625,5.254571433815616,0.5218306260084528,-0.09027453278986627,35.24354128849426,94.86018090642693,64.79197073347412,0,KL-0
132.20264454000957,37.39481668611243,-0.0017272448109582061,1.0067707063415519,860.1013369933348,48.981944712731156,41.006938251980586,35.486276774974336,0.460189079213739,0.24930351368439022,0.8691717515701822,5.678486379633463,0.2797880216869205,0.15776309415731765,4.7436336734568485,0.622522401588881,0.11541212261184199,16.872538649000838,99.87441845136725,66.82679181872118,0,KL-0
139.58218210731494,34.77419178545091,-0.1398324379425695,2.4338554513258406,583.8730719016713,50.32739401643569,58.67649292991422,54.667744752226206,0.6347816051645513,0.21005904237249592,0.8295345762952139,5.5406392110280995,0.3432909894661538,0.18586594164260128,4.359045437087415,0.09828164980241955,0.12923153935401127,22.216106135783168,86.38994625666652,56.0464798154647,0,KL-0
120.31505762449139,41.61981129209913,-0.05401559901350997,2.402601993293373,734.8791440319173,48.372692884915644,33.99973492348376,53.01768330728615,0.6380344546021298,0.2944893141399027,0.9002962255898208,5.4810534591415845,0.37596793728189437,0.10443090657560056,3.963890944488432,0.041467021605790716,0.09686703076457925,25.163194183454358,112.3501652335356,62.27075653842189,0,KL-0
130.22929456942447,35.68536589197224,0.76136623409531,3.710759794593705,705.4659497710113,51.7115240037569,61.25508016831036,47.66877041625777,0.5363554345647293,0.29475388027336913,0.7936251950523481,6.69418599643522,0.4336681973076262,0.1651374544343217,4.978710420829283,1.4100249700673804,0.04763731432013521,30.68690548814457,78.4702778656168,67.70002073562638,0,KL-0
115.34599865109816,35.90181056877127,-0.22304751881343418,3.004649347643822,725.4982882098661,40.06197450762461,63.85231482988991,40.93050199809964,0.633951515028881,0.33289917765326993,0.9063954496626785,6.092128322598087,0.3205273800030641,0.16879615090010827,3.37593521762723,0.15100300773436506,-0.06396116129506602,26.997346863010925,106.4771741539401,69.32475916115303,0,KL-0
124.86249528732664,32.81832672671686,-0.119560381314013,1.680650540536636,779.8227417698253,40.53358596843176,49.07644044347946,62.58448551699876,0.7023614935808127,0.35697567428186927,0.8577246832797626,5.861413447492756,0.27087860129881797,0.11281313141759282,4.887534252165535,0.9598413005947029,0.1298826946729415,26.552363770903757,96.08156976958514,59.529337166947826,0,KL-0
118.04785418448473,34.65832625767359,0.22026175840304482,3.9832740530673507,743.3491306763448,36.19876613622644,56.235476959555825,69.86488535705955,0.42265449285167483,0.29643508912365035,0.8331723705060913,5.555899579101694,0.390841850571549,0.10491388173952833,3.8405731490670765,0.9956840161732603,0.216434758713226,19.363681037229263,85.94890127431056,58.2325462004831,0,KL-0
121.45493947489078,36.84681061335235,0.24221037318319355,3.4768269564202825,562.4840227549055,48.516009844961815,74.54157433750287,44.19726219384155,0.6402195845992652,0.41133019888765576,0.8490063182315843,6.003578600298335,0.2809700647050174,0.12762173620573194,5.251370197173984,0.7403521749864451,0.05271852354132544,19.215293013852644,102.42860044718434,61.52899387069114,0,KL-0
128.9273553815537,24.738989644060247,0.2748121222241521,2.9656781627748927,889.749230734104,51.23149202809691,49.942532957380635,42.65399699414215,0.40053833437359376,0.3134540846721175,0.8446367617094529,5.758997388195726,0.3281922279246257,0.13015375672454124,4.596779725597617,0.09246263575109331,0.13520479432185162,26.612523301449524,81.31658695952227,50.80234021682075,0,KL-0
107.72668975149791,26.910887467365722,0.05549208881167385,2.3188127209201346,671.2708369112232,48.662182929215085,44.410924129433994,55.894491984943954,0.5227468157181433,0.279214409639586,0.9110141448208858,5.5131023763870175,0.33711897572445026,0.1726025839050729,4.886474260710065,0.8624284764176501,-0.025451545073604042,18.17947003090821,100.47656586063562,58.45112391171593,0,KL-0
151.3858091352819,39.45958456413629,-0.6572019650921934,1.7324486106212162,828.7096236933379,58.3959394667803,69.81663402462598,45.70364744303616,0.7303333091920756,0.20330595845383032,0.7961660436264493,5.348217837367042,0.34651832733499455,0.13156383648926714,4.549193288294831,0.7332114145921433,0.1365770450954011,22.34061124855336,82.92547710626135,65.95669118778504,0,KL-0
104.90973927750447,36.02519262876765,0.4533726129204384,2.2022345791431577,1048.8899203699968,44.95523184936763,74.62587190530795,48.32723359204119,0.5534574373286356,0.28424042878102995,0.8118740380426701,5.459541331168656,0.3844582228537168,0.12430954445156388,3.448573742915402,0.4540657918510815,0.06852941618042745,27.50458664542929,105.53526501181398,65.1355770355496,0,KL-0
101.78717080818402,33.89609998188393,-0.6585381572074752,3.3709988957633485,689.6738490096292,50.3499332447401,55.03695671847847,58.875837820696056,0.5060896028472822,0.2798167832753318,0.901815144603624,3.9147871320609724,0.3158182858856806,0.1316509878991632,3.983562501962797,0.20564253199856808,0.039006563951766854,20.08837863861612,88.9077119964355,57.83785916508889,0,KL-0
137.371663102501,35.11060359839236,-0.07894581390438671,4.007669044747687,496.3654972704404,36.266392990885485,65.11463035408356,27.087726949912486,0.5841649816812254,0.3576182877768882,0.820223253240807,5.605300419648821,0.3363135373916619,0.18355897002462634,4.903433602566829,0.15225042881915676,0.03917090870270956,33.026779811809035,94.58807179564829,61.741745608697336,0,KL-0
131.87494040944404,37.085490232170024,-0.5017103400077432,3.734594822617751,765.6794933743867,41.90320238020479,68.41475915530881,65.81962789823203,0.7654325070530842,0.32774901744401125,0.8950266538665795,5.25576195994482,0.34928648235253057,0.15039130123130856,4.5999934904159065,0.06499125558324793,0.06851107343735921,31.11968172118945,103.52739265531794,53.4027972776745,0,KL-0
129.36179725578234,31.76144191814383,-0.22565533863719706,2.1089204625709805,932.1151561998286,50.56430206052622,47.57515767461616,50.8721662919521,0.4534654202235179,0.22923785270204297,0.9349717991504355,6.296334999141442,0.35747989787593937,0.14462246923929262,5.208593943183403,0.35642711445085823,0.13059466525540284,17.142900008308498,90.72949465789317,65.62793718580019,0,KL-0
129.4251826389642,30.330171647586123,-0.06849503587860771,1.604306053368791,1035.0016945064713,51.79281688594515,50.14694164632132,45.062082265253835,0.5158952070688524,0.31033526318466226,0.8299102486529183,5.5096720354058775,0.3548913587353961,0.14669983503896844,4.741964737822303,0.4400527860497481,-0.004973056095641418,20.338143784090065,99.30443200398037,59.37742851090822,0,KL-0
119.81629840729629,36.17507153058609,-0.07145711381989077,2.612708997528963,652.4540486657099,42.648264418686544,67.30874513154735,48.92919014934261,0.71979453465437,0.3402918703037432,0.8840681163287653,4.905518290232519,0.37180028876112897,0.18876181002979567,3.919978865578404,0.22262740415425336,0.06823077347457178,13.57111377752525,81.83403398506175,57.79238838643089,0,KL-0
106.54118442771252,29.129763334309807,-0.031231698305886103,1.0852485075497187,859.6039067883826,44.427205985135465,71.85014278708509,49.549152260246224,0.7486161874830186,0.39168188156326994,0.7923153859330071,5.475059922935941,0.39219197548208684,0.12752484820190274,4.02236151736762,0.32252059441142733,0.0966822577600682,21.087043187259333,107.57050724315387,57.10620931125291,0,KL-0
121.1370683729059,37.44951653428683,0.4454845076234588,2.7585341713478253,744.1627451863936,32.857010026553525,60.62880860174355,29.225584358660896,0.5917255020567772,0.35325023804484357,0.8877366649033904,4.976939457468748,0.3696317057825484,0.1894652487282031,4.561750434313942,0.22589678754925896,0.012076862037451267,28.831942382861996,121.17896566660926,59.49684906480113,0,KL-0
109.84257432731833,24.78449837457296,-0.01858627939440807,2.381917930961065,787.2861974835038,42.143766393547125,46.20185646497946,67.93925872943883,0.5008757837978686,0.34565079925868863,0.8599711992993383,5.7367037078562335,0.37267927617546087,0.15631488896764512,3.111573560399937,0.5122248816979091,0.24373321613400137,22.930525288625716,133.50650641491953,56.41697884054433,0,KL-0
134.62679600126626,41.174933823953864,-0.29766265411625953,2.1271707985054062,1117.3212016420441,52.12306530815829,74.87061111699441,50.49590758724742,0.7676674801447327,0.3036051596769098,0.8736519141080107,5.645473682169743,0.27088884166267607,0.14518741854073958,5.504065131373791,1.157628561528927,0.03172036159509268,27.30398621807984,101.09401775999727,65.26514428802051,0,KL-0
117.79413927746792,37.83558489447826,0.18563486731534307,1.2242375461865636,619.6435605925816,49.60164012885253,49.690291021880356,55.316025565368506,0.7275553913399357,0.32329872032540696,0.8177213963982303,5.978919815554134,0.352511384958284,0.22502701493802843,4.765048041826534,0.0895156450596143,0.04644504690932077,17.388328408591278,109.45844968956624,56.83773161587055,0,KL-0
107.61754204811233,36.536178405883255,0.27578819556985623,2.9108800852557732,830.4487593793488,49.00532577104968,51.64862218828548,61.41859724688852,0.6543157590209786,0.37497029404236953,0.7669458292216413,5.104559104152718,0.3739753774000804,0.1183308153060421,5.236220758229323,0.24015533025619007,0.021735364014200172,28.989876272909527,78.63249192511013,72.74371276821905,0,KL-0
115.1792123752051,40.89614590367308,-0.691043126054797,2.073839328270471,856.123180611852,45.39818949744768,58.423378344896214,37.746050509276394,0.5350078120850064,0.22003335615122102,0.8751626032374752,5.517004048114074,0.3864470597285225,0.1393894272129898,3.5516376355144987,0.07591670236347356,0.2438784069710494,22.224453860358253,118.03281191566705,71.72168402785104,0,KL-0
126.19397181413437,44.99284666677546,0.03896002793994322,1.5640665314317694,930.2943589927216,45.056505269025415,70.54160420714774,55.68166278842274,0.5960776527329571,0.27903364036698264,0.7468298423760272,4.817489102286682,0.31538246128831027,0.11302706282507999,5.246739096213154,0.4903396593366631,0.14423241828795852,25.060848411414526,109.31474205668927,52.86765208116396,0,KL-0
111.54413170794038,41.086220390108785,0.08046909692435933,0.20219022937468042,811.7579784165074,39.717430884212426,63.539759765522234,46.78830690921448,0.5871711935164136,0.25364587507462555,0.8341324753878733,5.850747390962357,0.3170480362555677,0.1785738591160851,5.838899346616649,0.652579373729504,0.025072639500508632,24.535627493034735,94.1927986605852,60.55763415543424,0,KL-0
107.66669406650352,23.954754612010127,-0.3190254013439968,2.477988075959491,836.9660647404922,50.59062736162028,59.148655003619105,60.16124930259792,0.6264681043692462,0.3227491871235674,0.8970590933209984,5.759435590220061,0.32129496623582005,0.20067566800955036,3.7074729867736096,1.3434825262166066,0.1884985247087975,18.642257395538582,114.84616960346811,54.79474702931044,0,KL-0
123.65530817237868,27.32253819958579,0.3502827253246479,3.9178012773357955,753.0021719093851,48.36778355511512,59.63288530118106,24.473270955782056,0.7160801150505068,0.37381333053904725,0.8595948867936518,5.747902510513786,0.37682069499456716,0.20009768344213916,4.96284107694226,0.1634692619961044,0.11605589554311027,19.234578341301088,96.9462870802559,57.38681949449111,0,KL-0
123.67449856663085,31.25108853382593,-0.2600222348130109,3.829007371638296,832.2952329494129,48.936150783942395,55.43514668643466,48.81086839710477,0.6703533632909923,0.26418154279673556,0.9474171322394906,5.500809515678471,0.4016940527462104,0.18671846259438013,4.500665966812376,1.4999826688249271,0.12058027368892016,29.83897234501713,94.50369780382532,76.01941974115837,0,KL-0
112.39585236943306,35.156546301265,-0.14976941861138296,2.1343229947309825,758.8169269403107,40.79172125865936,60.58139514518506,42.76615213059246,0.5138099138412193,0.15658173795183372,0.9012554576290887,5.707386445394396,0.3296269946354199,0.144071385966121,3.5733396910510535,0.03267618441525057,0.07244182329980377,26.99496078750848,105.7040191051299,57.53942866307361,0,KL-0
112.93442541572516,38.10595412281474,-0.26922872971354783,2.0182303517105757,874.5886267827261,27.773256641030045,29.70439922305697,55.187155407609865,0.710119716001563,0.2752667552985318,0.8173050805837212,6.302169554154299,0.3953981156813524,0.1390427706753046,4.795730383111122,0.46192695960924957,0.04004672104344214,30.250245207767133,87.23974600203617,62.88180829661943,0,KL-0
123.48074906036454,30.645537121079208,-0.193768380967413,2.875019404860019,755.6467596747639,53.77722169402956,52.033925409302014,55.64053024841843,0.6250505712010525,0.3548084239210444,0.8513656689925719,5.357452871478993,0.3561739904582297,0.09986490682517804,5.000161922902409,0.029414873934559167,0.12702128792436812,26.62329117751259,112.25949717279937,64.33057035206623,0,KL-0
98.27873487754013,36.12060058686247,-0.6385100347580808,1.7012916486493668,845.2520472682623,41.16930035193277,57.41321934916781,41.50848926213568,0.6549652636687133,0.33225779417699275,0.8476314648727782,5.569322591855042,0.34378571114187817,0.21107620605545377,4.139324068398692,1.1210940733089418,0.056393021600352776,25.714953174046084,87.32812225687788,51.994965020134075,0,KL-0
98.88804338435168,30.467702405880065,-0.7760203530377178,2.7414335198555726,796.4884623578026,38.09779388765504,43.48985916380493,41.453913629887474,0.7173232687422882,0.3256911748686346,0.7708911618326936,4.956936850409295,0.3394307885091015,0.16406934234445403,5.199549912153134,0.3773082026134185,0.24534045036600838,16.36994690666617,87.39934252212177,53.15923620472636,0,KL-0
109.22333668121345,31.33089318204831,0.4378020252899889,3.1128642227077523,935.1260300926601,50.54783129531195,58.8632331781156,48.672015577312045,0.5110735800389159,0.2832004018875312,0.8029800541757823,5.065869519200834,0.38733056823010786,0.1352412928539155,3.4999419559264813,0.5533449385049943,-0.0015432884194483308,23.648166516194152,89.0837225391,50.351821028735046,0,KL-0
116.7982927243223,26.560033418910667,-0.5387845393273312,3.4815465791074462,793.8327531693817,41.863898880646964,52.95528779013878,39.2402932722175,0.597133953703483,0.2232581558268128,0.821961954651007,5.548906646546654,0.3662788908393535,0.189841706669609,3.6031463121302134,0.8906291774492635,0.22289254182839563,24.86307839798128,109.11400045019347,52.912234128817786,0,KL-0
124.66361348397007,29.460600523334573,-0.5965569397825229,2.4198767388160376,587.2361038151743,53.47949107237297,72.5547569831549,60.10380434542552,0.5574836358912628,0.330917659297468,0.7481889748572031,6.051966773350953,0.46379127138238185,0.12081706449719996,4.581958437353252,0.08144221725151286,0.09109449209617596,34.76553599136287,92.59869566176351,37.19975912546254,0,KL-0
142.1303432542433,26.889892366302,-1.0613560454414859,2.3370609998584273,951.430580085679,49.93604759661358,70.73019725214857,45.56951359463065,0.4745712459707635,0.2499430913979225,0.8523746734125821,5.371859587874214,0.30738876785013375,0.1621986610266802,4.515231166783363,0.01967797335629305,0.12392685872168847,28.434783160493385,83.82405058759397,64.35665920634902,0,KL-0
132.8648943480303,29.144760482136004,-0.45558469907580096,1.7976139305947512,691.3121238964858,50.46855458560382,50.34194430881837,15.116141368140303,0.6277367982083936,0.4310458040028274,0.8375464077673479,5.382041735343938,0.3759050851014988,0.14482112597127494,4.070055906945537,1.0554914751545612,0.16665262133035477,32.680305908547645,92.73184000077042,76.43355073004855,0,KL-0
117.60092205054859,41.321850779647036,-0.7292359173629994,1.838495716768112,721.5480393621416,34.072354310395724,53.49162288433305,45.50213532053833,0.8009245241267539,0.33423043250127094,0.7663553049344213,5.2965573777478125,0.32353994950942433,0.16916031419640903,4.985756661583132,0.18911948365422837,0.049580056399645106,27.98768852947364,99.61549155183415,61.18256591229222,0,KL-0
119.71475688145966,29.303606667008342,0.45680606405454766,2.3188168864787784,728.5206447147809,54.695551883091206,54.260524343916074,37.53747414987233,0.4527937804395398,0.26516110184676295,0.8702106432638665,5.232621664577838,0.30653565065056776,0.14809279382441634,4.81853658852957,0.06904454324767774,0.16913987077589093,21.443483865252603,85.82833019602737,48.66984912527514,0,KL-0
104.96205953043287,50.79429238902434,0.20392683573705367,2.7938924054529424,964.932571180498,47.09000424987085,50.483405238403776,30.424690214468654,0.5974175511160423,0.26331688515668233,0.885793637234548,5.647485727854411,0.34945664314825137,0.10647216326666327,5.01488344256041,0.3159895763484491,-0.11660350843049415,25.585621080749256,86.17982669158788,54.85778893680042,0,KL-0
119.72230296011415,37.959907405285335,-0.4752601380710895,3.2308677009865994,543.7190943225564,42.04578288603037,56.950249840281266,35.15088034132913,0.6512434348059819,0.29442334760318467,0.8613517239432444,4.751371177410678,0.35686762397035177,0.15226729118010113,4.426118138788639,0.4560324313451276,0.042400837342244875,26.181118231321165,125.33555600919502,56.328985239800026,0,KL-0
115.67012041619793,36.109016742169246,0.7009743221377236,1.857456839455724,1176.5298240391994,46.14710773873801,47.4171793111241,51.31290166199564,0.6098462561324944,0.285629884678695,0.8337965912395515,6.140469788333363,0.4959086777530046,0.18146592425626085,4.861548160787004,0.015730165263127857,0.026074975412714772,20.30422215114659,89.67321515423336,51.859321782292994,0,KL-0
124.84077840507135,29.84985331891272,0.19270619479663773,3.6941508551676177,926.7268170879262,30.79011813681344,43.693846650624735,65.94368993897878,0.5909497557987408,0.36701002653179726,0.8795721075875927,5.16728885093527,0.3407927092158399,0.14912350782438044,4.232609818182003,0.16071985741875233,-0.0002804809897409265,23.078063117035395,96.12349157472391,66.88146110716126,0,KL-0
107.59153584671516,39.201859276453945,-0.329932553403449,2.283101119165945,826.7886696954992,48.26922249184537,61.227112239002686,53.75821368637976,0.496062690924334,0.31118497018464275,0.8840110180238345,5.86095174271907,0.2934910635257658,0.17325345364767258,5.7322912140519575,0.016674924847447963,0.08280361295368391,23.97116503161414,95.59315599040858,66.48208035500267,0,KL-0
127.79019771361759,31.546173042573358,-1.199762285949429,2.482906164521251,793.4127199260456,36.765027934543426,61.29529584221811,42.72195934141112,0.6186229394352131,0.2561020956654883,0.8653701784859844,4.865000701303062,0.36365053587471924,0.1186341154297784,4.012472537926809,0.2726527999652429,0.13085999745453558,33.02809916282559,94.9437183067547,50.75638564945872,0,KL-0
142.99108369503867,35.73205888787217,0.7163770290362965,1.9022306566817413,834.2664889829189,34.178637713251725,46.956842403400074,55.470850342048436,0.5394588818387259,0.41342644110934695,0.8087693874782619,5.834420065273109,0.24626799812268155,0.14921217620190444,5.763178457674987,1.1273740203325946,0.15621279987994446,14.596297373045108,107.45616087962922,65.80064835558007,0,KL-0
118.36859777314713,50.360507229612764,-0.7558289867054384,0.5606077917816467,862.5346914055207,32.821126510256875,63.95355430762599,44.4909162773721,0.4248062636017157,0.3029584998912134,0.863830038275559,5.835972303907249,0.3454021608697867,0.13126468634734267,4.520932768253645,2.027150886616613,0.11927014057603262,31.029092103580215,111.37771540566459,72.21450130861813,0,KL-0
126.02567583148412,34.4236406016521,-0.8581594987827568,3.2072363170888396,877.4258703140068,53.901506999919405,48.68422270834669,41.664795570042266,0.6955673776410984,0.34613038055813383,0.9097740325412739,5.692101036002948,0.350801264114758,0.1724094252031413,3.6746934662587543,0.5067417273430606,0.04674452280851624,20.316023825203086,96.32854682162089,75.22046564183648,0,KL-0
130.3521598756667,41.89563995771405,0.2090281728038561,3.089475117673947,866.6725359204138,39.96589285045769,57.53165238037981,36.14764798120419,0.6766708655873633,0.26350640955331445,0.8201685470694134,5.002785739100104,0.3897300191472606,0.15094474686785986,5.320847610293161,0.08815246280784558,0.12952131502601338,18.13960406365193,85.16226056089181,82.9216961846877,0,KL-0
113.98169292171245,30.780941449244676,0.7759009625357092,2.2749379543054293,810.7496817506299,57.269821679332,63.20344012612456,28.97805431897937,0.6041328781480864,0.32178693766467137,0.9548969669566215,5.624774094799038,0.3986811124713923,0.17070221029009838,4.575540833036976,1.1814297724348775,0.10994285558806806,30.89971065019232,115.29328273418685,52.78405880445442,0,KL-0
123.36138722715626,34.79006905701823,0.3537091274042073,2.5535925737798975,776.3193895631209,40.713588295581616,54.66387435296287,45.32091552128666,0.6183259750564561,0.3186665994685917,0.8237184533007308,4.908471907632806,0.3248215190546141,0.182631312784736,5.0106744590281425,0.36309126740171677,0.1748844934348813,28.659490346171907,98.85590690563981,82.59376341116163,0,KL-0
120.18888601172692,45.62480381381306,0.02556364802094384,2.9127513741632796,781.8472059615787,31.341136339256426,59.54740912141135,51.89664187904158,0.685945441017245,0.1866210424742308,0.8516203506670068,5.373618372451907,0.34246929926850334,0.17074855725364163,5.234313551125556,0.08346982093953823,0.16215493623452135,31.27259351190595,120.76386177828603,57.166348891929694,0,KL-0
121.46514147823248,31.238197653273396,0.037901736666114384,1.2499633144907658,776.6110063576783,36.06780448041073,49.835703561124284,48.840515959821325,0.6179471725422466,0.4209165066276384,0.8163757201996832,6.014706550477663,0.3116939584694664,0.15819355302880933,4.702773332487015,1.2737741700142793,0.10243811311365031,29.003509737727885,73.05296922921805,55.260276356955885,0,KL-0
108.404853242168,45.874691347981575,0.1413662235121231,2.076757858122964,936.0524116240477,54.886492960055506,53.03533416571903,45.0083968646317,0.6723214043809052,0.37743866765535283,0.8611635417960131,5.898350963535371,0.2935968722596153,0.12005363224465784,4.144655493112311,0.708312975431989,0.02821975950709946,35.29922500868701,102.34483865539984,62.616578999022764,0,KL-0
120.36765261388415,39.24651161273285,0.10357143591470606,3.135411743697462,871.2268066737034,43.75281457650666,52.94140569119659,38.651047271638625,0.576201423930092,0.27616828103124075,0.7628889153682362,5.507591471270216,0.36549473896903173,0.14991641667999295,5.08542802660155,0.6578345870424483,0.04776398753343354,27.793619184722427,123.0232760065145,55.3435093272559,0,KL-0
127.46997436868175,31.625199344634396,-0.08752343041224969,1.4965684614646004,447.1533638402864,40.61370162807519,47.53421653459761,57.29895430021962,0.7049586990859157,0.23386381557264865,0.8226979100591639,5.0125967120385795,0.28632072257017,0.13400728793952502,4.5004533044727575,0.6175265899670637,0.05601685122895734,24.217613119384207,95.7608303747421,63.19235312517221,0,KL-0
141.76715411692564,38.794446434333125,-0.15831955841924958,2.7348463457333034,878.7080931835713,46.280145806822304,53.23225836884218,34.19441696064098,0.6256628580746146,0.32085369682821313,0.7953939399825716,5.822793856087097,0.32926865497140684,0.13967808129887319,4.911514691165052,0.11178420896390073,0.07477869328669955,26.714631886606714,97.29407891998437,49.43938249810159,0,KL-0
134.38906239127812,40.83532669776038,-0.22503725115980897,1.4147345563012759,823.3683433662529,49.01426188934036,39.51381701136253,59.3123349661217,0.61552415548847,0.30520186196486376,0.8567669173946145,5.509690618849013,0.30024130200503807,0.13876397547749247,3.207761655725123,0.11849871971192306,0.12144403420718027,31.217345641729818,103.54614029908406,58.089979183492524,0,KL-0
152.29773686267333,38.73085977330318,-0.5015858355466706,2.8731439859468213,797.7549492264923,53.93919052721969,50.08846252857895,37.9733957728793,0.4983951129030374,0.32134013691379376,0.8997223687754453,4.339842200884789,0.37748415931451296,0.12060223275653266,4.768189030205911,0.5828458149621231,0.15721395121024467,21.103123373699415,93.29445017338051,70.28465787489344,0,KL-0
108.48978655667926,25.578651680657263,-0.31227003074670967,2.471486814162013,753.3777856293337,56.58799383914341,52.15124506630329,40.97077715176358,0.6229564683441366,0.3114946437716454,0.8823003093557276,5.891314913158259,0.44007150496332437,0.0912798423259803,4.116848504912982,0.12405298693948252,0.09591050455876979,21.740557087343095,96.25513681536721,59.543509668550755,0,KL-0
133.08480955081018,30.63717694505079,-0.8771827256781543,1.2078945472755924,934.8935263983216,42.12185083368731,52.4382024750462,32.398577712611875,0.5334436066004439,0.3303744593583556,0.7314170319570553,5.487883583065154,0.28492060085983345,0.129955708550167,5.491985782307118,0.2887246669693436,0.1012899830320378,23.45519992701046,95.94621886970316,61.13276629391906,0,KL-0
122.75013008607527,33.514888186690975,-0.23933585071789998,3.4317914835657373,913.7031754547429,34.391618511343694,52.58502554129221,43.98317423737236,0.5489373818777205,0.38683834196350836,0.952103482646394,6.101225623991536,0.25734907585512157,0.15580138355772477,4.873852408733457,0.7616342952561237,0.11146450440000037,14.477086006173339,92.47095118688352,63.80206883773849,0,KL-0
152.8470439982651,34.553399425399725,-0.595436442860367,1.9123267385615608,707.2546798611669,41.69227871101379,54.382358001398714,61.70374950173574,0.5347699497347103,0.33408619230771874,0.8647639970310435,4.952364740578598,0.3437556557324966,0.1095546886371753,4.643914647509578,0.7661285359172686,0.0587275749494128,25.690392042087733,114.74627860240672,69.36529303454128,0,KL-0
107.87552571967272,38.724032585304066,-0.6414357268863085,1.8517980503884954,848.8462744549443,47.082244052663086,59.79441518086064,56.187537061327475,0.514701205448062,0.23702067006540353,0.8111750429753499,3.9116480934019995,0.3507848897978879,0.1504704670941487,4.791785996010133,0.3018925757415311,0.025968619388563517,15.56935648024487,105.53293638755723,46.758202302484534,0,KL-0
107.40417236728835,36.066206005599525,-0.12804233953860863,2.6604553577847545,683.4011918550457,37.289928590315114,63.745170741325225,61.74106534433642,0.7699817122413569,0.3817537711627471,0.857856395949547,5.639541929172593,0.36093296533786484,0.20700805272932893,3.900935488273969,0.7855653906273038,-0.04043503178485679,25.265296564663096,103.00753878523962,64.67619241469947,0,KL-0
111.00911031833967,26.98793384773939,0.35680091453783974,3.4189098795429724,634.4458202253284,37.34279268083966,48.50234773151733,56.26571055120723,0.7065071249590722,0.3984368738092972,0.8588094911251346,5.645781838340986,0.32768397423828277,0.18069169665756718,5.473954014316832,0.9120022884316284,0.04438805135385021,29.326448780676248,109.7028520826814,57.85488688606589,0,KL-0
88.1415641353529,37.28118710603578,0.16732664240092532,1.6873425448172823,724.7939330492042,47.75030305239908,42.967991446108556,36.75596205763557,0.7536294001715409,0.4891234040707251,0.8166575641524217,4.654664186196774,0.33996803505872836,0.19930624527361587,5.694822251050143,0.5317805384146779,0.13785163626142297,22.61561769678082,96.8277300015584,61.33310316249471,0,KL-0
112.11367467478858,38.66351447170294,-0.8282002414492711,2.549343879878377,903.487216685931,44.61078118743639,44.57955587756897,46.03052930806931,0.5021683984355548,0.2325903580056241,0.8598958333671037,5.010750227066697,0.3683755205270301,0.16173383630798177,4.73574810632893,0.12966125165900244,0.04376708495683461,33.38557935093436,90.70955417976519,68.479601358099,0,KL-0
108.61301007669454,38.358742687586236,-0.595851254628135,2.843053200264458,914.3750054451305,45.26237596329269,50.12797078805073,40.63761045059045,0.6057002999928713,0.3145729207890165,0.8196263856189846,6.877608871859951,0.40202154463224193,0.18502529468959336,5.454242141144183,0.1601107453576824,0.08097543700592483,17.69749550290756,92.76850834462532,50.44650678870525,0,KL-0
122.25590679714311,41.48468435332773,0.17630847519528636,3.0544844858105153,861.5702504116751,38.932037322399445,51.48078682183491,65.96689884846849,0.4965193899836723,0.17507407780866074,0.8297819003654988,5.3471946929230985,0.25224756148408584,0.12828105808596638,4.15851108079648,0.18905228884398362,0.13731450299298537,30.95630340815916,100.02139649325531,51.89884446845528,0,KL-0
125.12633963665739,40.00353292729343,-0.5929949574153238,2.64115324422178,887.0114944217596,43.156794286353865,47.30003933802543,35.638536242884264,0.5443444098242348,0.3331889493827525,0.8156860432122458,5.865479488188108,0.33155302804842685,0.13066979198934048,4.021731860265011,0.062104127218503016,0.1416551597138135,28.375685282034603,87.28945949952518,44.51656032228955,0,KL-0
148.1425625882383,37.75508047537062,-0.28985325999880984,2.206377728733342,861.941394453795,37.60613484585357,42.038833357501055,60.72437227266933,0.526549841326674,0.26710798210999365,0.7783664355130173,5.174670086315808,0.36069043969705317,0.06782579381587582,4.5245548492373535,0.15952419294966105,0.013637371826716883,16.419833758446558,93.99686780095989,55.60672846588979,0,KL-0
134.25635757279076,34.57900573124812,0.02002083960982075,1.8379278234810241,723.0222085732457,52.12158728899829,50.43879172525812,60.71544644130523,0.6991667205153249,0.4154067476894972,0.8572918235107692,4.454848550573422,0.3041011947694632,0.18558436422126895,4.760964623020739,0.1175569709046326,0.17976474851629132,38.55397149520266,93.80660029754279,70.64345875503054,0,KL-0
111.34644516506395,25.034234398904054,-0.5873377819454542,2.5689151064370996,851.8307053608729,53.281994677790024,56.814266201139716,71.95544242059304,0.5683016257518592,0.2535231017988851,0.8792649718258169,5.4148708766020475,0.43655848158836497,0.19620971939459658,4.263607991254128,0.30378643849081133,0.19018800714843884,24.68127357248017,125.49467475794816,59.035302492212246,0,KL-0
106.52377992977463,37.57770931479551,-0.15784979754161604,1.6422887904115144,896.0491430273219,30.23049710209525,60.950294658355645,45.08376088844603,0.6854703466955213,0.1986490177219643,0.8757441798038186,5.367197719856947,0.31822950598856314,0.1334046826395819,4.82266091422109,1.1953670013039552,0.009612011422515202,20.61257988922184,66.714220720793,49.27900083476172,0,KL-0
127.37878757259759,36.246126122978666,-0.7336101979672818,0.162919613204314,890.5149595776289,37.56391311846072,49.42576946891679,58.547865914961946,0.6483296711670814,0.27172417555784883,0.8909962626317617,5.300060880665814,0.34793536564963584,0.14238144880808296,4.683833689244048,0.055175538774339956,0.034093050428707666,17.964564026079916,97.8445633431324,56.114570043399624,0,KL-0
100.19650189469037,36.62947302317224,-0.4405470575804855,2.8492478433261343,942.6696045769571,33.027765959279364,50.87002177856566,77.37982203846612,0.7842911001683831,0.18147073372697176,0.8662170105007434,5.442679582246804,0.37780110484211454,0.12738413658927114,3.901015934825367,0.6369615025735597,0.19528725465169533,23.89990986170163,120.70832551377725,48.09710637207502,0,KL-0
147.4718814878153,27.339508545078143,-0.07208722634298519,3.223147872868956,884.9964616641277,39.79980852474481,45.733016911526896,42.58829987679564,0.48164446214882206,0.3450659672704386,0.8233637250891548,5.6321341358228185,0.32043576055990525,0.16147960654432475,4.811275810471033,0.5812283324510086,0.08825171829957594,24.362965638050202,101.46213356958945,50.99851118615071,0,KL-0
137.6916018108193,28.513660757550426,-0.8371974934126678,0.6096540515665292,842.1737849049899,44.33249624167711,54.685608296252234,31.579517029611683,0.7007386591829439,0.17609501722462076,0.8919831932215594,5.4249415243730965,0.2576713476097791,0.18374797635909723,5.018116945512912,0.05032702570786805,-0.07758223579614806,25.51322764269832,109.04100968105311,63.110551282109704,0,KL-0
112.96236521842943,41.31891711999742,-0.023810104815840408,1.6922154362320498,928.4180285979713,33.40283824241176,46.515713658091855,27.439879593106838,0.6917152696320582,0.30170745487098954,0.7821241230079032,4.867996916026318,0.3285672736541733,0.09771684078356876,4.602881590554235,1.2792060180809035,-0.011974520378614899,23.5110192188802,101.19791578119721,50.60901338955177,0,KL-0
94.30298206363683,34.76266907686007,-0.20785511957067251,2.995323408804158,796.8174488901128,37.625121494997494,60.731278132412,58.55254434633598,0.5221296929578372,0.1753312908086282,0.8049664308743759,5.74309239578097,0.401472027796352,0.16228315591926756,5.191588861957015,0.4202116745562906,0.0800504299862015,28.166126550575466,91.99199942540224,68.90107444162642,0,KL-0
140.3080856124812,39.08900418423575,0.020995981766859198,4.145996375769359,694.1750418526739,36.96834102334802,37.14133508065889,27.402197503296996,0.6805706669178527,0.2807821317278015,0.8017899964288377,4.525314122338789,0.33315524366074306,0.14169984684842563,3.769557723901829,0.22606261910020944,0.0069565879772318555,23.061850836683767,73.09700878589304,59.43103767335731,0,KL-0
118.28190232121074,35.16991025678276,-0.11043434637413543,2.5166349661403262,780.4319643267484,46.65813863519155,51.40370327547538,45.532171364744926,0.6268915970420983,0.39860268934827203,0.9040028029569654,4.4748212713579,0.30767828492705107,0.15340183175900068,4.780770253279111,0.7063984013970562,0.0669260983490847,15.325179413797645,102.46546824443564,60.6847576315562,0,KL-0
138.5672446796019,35.17853683697446,0.3456561719895377,1.9175976470166927,710.6116826232261,45.554754696290004,58.01107339191742,55.247758244467526,0.5818018992037274,0.32163887348614767,0.8971394257070038,5.869590247350784,0.39628361047513605,0.16376982005022872,3.797831576161935,0.14877561195714273,0.10259169709468631,24.253192521751792,90.69272074477131,57.77301625913685,0,KL-0
129.09271757815586,33.153010423618895,0.4909362651302219,4.100904306070097,701.5555879202511,57.24453316791785,50.453096688654455,52.8089814590507,0.547075513015407,0.3461004190149809,0.7905172247549528,5.975840116127985,0.5392059100643942,0.11859484634415653,3.4512593063539003,1.412572010527346,0.21911492305404362,29.981498927306063,84.29746071796129,52.935397374212435,1,KL-1
129.24739831665516,35.40961001866852,-0.42467970800565996,3.2114293647232555,849.497884207145,60.0622330844959,59.13877444090137,48.34488111480938,0.455338566114797,0.3386905494305506,0.8223393781863508,6.648444373936041,0.41416521185443567,0.10536425779103278,5.125678759802709,0.4603137257323009,0.23306569184310377,26.743025364037383,110.91633016128155,57.19986282954608,1,KL-1
122.52581527868257,31.58407384007308,-0.11973884163452521,4.353487283284442,463.0705721659249,50.49671000353729,52.990144494872574,69.09714160279646,0.4943706207850634,0.33550495819657944,0.8376841777149048,6.51750358286571,0.3616498119116484,0.17312536863226646,3.9823659759917325,1.2558696232875664,0.2029434217883366,30.138511972759606,96.77108090579694,61.84285563541708,1,KL-1
125.97183658861472,53.18997301562253,-0.2560760594038135,3.3070142413785124,627.6238399566488,56.49345559011992,46.77585271622491,80.39214468197194,0.6397900260424249,0.2806441904714914,0.7592625569844788,5.920517917425381,0.418451563776542,0.14482878651985245,3.8411355519836867,0.4612083789185,0.15331078813104723,25.54489263457353,80.22170173968308,77.01719333858462,1,KL-1
114.31865495119362,38.45242402172781,-0.5421461229166842,3.7247339580709284,867.5111693144355,43.007174285167714,46.331866821976604,37.82574000117098,0.565129069918417,0.23489851016054664,0.8182504886011469,5.280709670259249,0.3687771685142789,0.16116270586601353,3.0829639093413364,0.5503280751867605,0.25452016316050224,23.674463144905975,82.67193638377405,63.306430963678196,1,KL-1
125.63304510363572,31.89414951591061,-0.20635010376672097,2.616188042572434,720.0413354137297,55.11691049872981,60.109137726156966,31.921404565482973,0.5318777278632354,0.1913282937280714,0.7891180431194729,5.045006244134116,0.41835784445500934,0.1300127378303751,4.328083863187267,0.8298656186039224,0.18026787980527345,24.08219726051963,96.4394172803278,75.73734652693365,1,KL-1
112.43183336789289,42.183541299774674,0.36808843839297944,2.8864297695071914,774.9050753866491,53.98510507248611,45.46257970193032,52.057930937783375,0.5531809317895172,0.272597767548734,0.7698120718698841,5.506309127492643,0.3829696598888111,0.2153888608170001,4.214331962372262,3.0094648716736834,0.13780615885082234,37.22469399015513,91.39645254491076,64.26258633352734,1,KL-1
117.53347433243603,41.614814675860195,0.1516408593570902,3.60375552307158,588.3857205461478,51.0692893923013,61.15402970484937,36.77901161405582,0.6016369459731441,0.36698075253495094,0.8379797823349476,6.076606723208078,0.37956359490837865,0.11686458418320615,3.2159310382503117,0.11525423823896365,0.1605477294363423,28.125854661134678,80.49504427890113,59.40332604420049,1,KL-1
113.38034375950554,35.873637858520695,0.1827242000432802,4.165382536474444,971.7440394842523,59.278059357747985,64.22711792831932,55.55453924405101,0.597739559693067,0.2564093059181556,0.8636938586721411,6.613323539655969,0.36932090658846056,0.18733486648079664,4.396964425279905,0.03346761342103035,0.03532247740200143,17.081188952734777,75.92152862529514,74.81485218080554,1,KL-1
110.64172191021206,42.0436402767003,-0.016409755338672723,3.4583895594486025,892.8635572461212,44.43972129722089,35.3128613765387,63.98723336567112,0.556497839968256,0.32210759512760323,0.8670520638480809,5.9087235172054005,0.3026309333268455,0.13315901879700262,3.8260848475791365,0.9363842201819131,0.16042065406571687,24.398954932729595,86.08936806488192,65.99614097658736,1,KL-1
107.16332303417315,32.04824823501481,0.13432951309143543,2.8084625824523046,725.9177737949605,47.2535398682107,63.32926387301035,72.9297027672019,0.6499367288717335,0.32563708403113584,0.8537193175566937,6.284361397115618,0.471904744969657,0.08536468815261763,5.739189004373216,2.9778351650851524,0.23007492158997347,27.48433016237938,98.57570809997343,57.35822724893829,1,KL-1
124.51535155788328,34.04249035030448,-0.3952361369392422,3.9768680236226737,701.4364971764008,49.513696330866374,72.604226984447,57.41673470458338,0.6401370109525333,0.2579788267443696,0.8001315233429868,5.577346256906099,0.32792330398661285,0.14948546237244326,3.783383284745479,4.577859788613965,0.2021826417711384,36.226998406251894,96.17319096876234,66.26457167520238,1,KL-1
137.15908869220195,24.938700072603623,-0.19880395437089174,1.1214170749760946,873.5525233703631,40.51311223128479,54.52003761201929,52.68213730180505,0.5955697623304317,0.3539806902511711,0.8607274880731752,6.011384562613775,0.30699882118447025,0.14444287684365492,3.863884000681324,0.6619668730708332,0.2966531338384949,32.1434935794495,90.23514450999906,60.15924200073912,1,KL-1
135.0665295750434,29.056293494682624,0.001801694787470691,1.737212398794501,987.8964540202713,50.565455550401985,57.99084185294822,31.25938100112299,0.5668689426328056,0.10048035533116975,0.8404527219052144,6.111678414738586,0.3643570058621816,0.10346034557282312,3.6001342654473794,0.6312652245033095,0.15396200687874365,22.391410817590426,98.67264633149779,46.58772643062963,1,KL-1
98.65151996081848,47.845784834024116,0.03600634355275609,3.4203073789347114,864.4512306973625,34.99855669636922,62.370053243691586,55.31422179022958,0.6150856876095632,0.20163498327570947,0.8316970941476006,4.710202862073736,0.32692640932447464,0.10733342168595857,4.8917259126251835,1.0355354404750168,0.21398505304426527,39.09177876786226,108.73032063835225,69.98778527412495,1,KL-1
136.8380457711031,46.84857176633389,0.053075141968749205,2.8862866850024997,1010.6163200875923,57.12563627542568,49.24517684820978,55.85544712659354,0.5876413937440946,0.2200620622184924,0.7944153439149101,5.4932805988117455,0.37241436047198645,0.13425907070745025,3.901334523321148,0.8111084358076788,0.23841921410446174,26.844198175992613,100.97951812520978,71.25947244513543,1,KL-1
112.72762247573107,37.39473189189378,-0.13033411280655122,3.3594109208993324,639.3178405125699,49.123098932527725,53.822802235378695,62.667481770552946,0.6473640057444758,0.22581709862795657,0.8001561936329236,6.174850192138935,0.40938819242808844,0.14549243445743945,3.690051507740702,1.0053625691023818,0.3624285606629926,33.231649055374724,94.79429594332503,77.2035362399382,1,KL-1
126.51099522718387,46.977588683139025,-0.22596936045213203,2.9265260179455534,651.6735803401451,44.582856768769894,38.858004703768906,46.498142781650905,0.6344649101390646,0.2951757770711537,0.8286943468062277,5.837234167818282,0.4247651450264612,0.06088010151361799,4.549173005952325,2.0714688128179906,0.18658123928941123,21.224957513000486,107.38686407992827,65.8771495375621,1,KL-1
103.90677001929184,36.03955308035017,1.1881085132177194,3.331756555683098,607.3270658335981,42.07501110163903,53.38635028530451,49.77936879716968,0.4810396878865817,0.29240226818323406,0.946993723349275,5.101742475924533,0.4157365360810841,0.1665936435757141,3.296788238752089,1.3716271307159842,0.0914650256908781,15.009184523745512,84.73179637340446,60.51021260733974,1,KL-1
119.62969870811008,35.53953818459255,0.2877149091729595,2.2234777432054473,803.0112779579375,46.8733677630465,56.98111995644542,37.26397293634979,0.4756229463406635,0.29863943433050044,0.8400621240045695,4.484938812136322,0.35971839726071597,0.12016506078555068,4.500066327749368,0.6869213844838041,0.24283430026842254,19.957842548158197,93.55096552533578,69.17991541902869,1,KL-1
122.2058477434536,37.33906389079334,0.09025899038104897,3.3313888688637525,771.0724259765244,54.25607768617931,57.161630229264695,27.50448631739122,0.506400036447674,0.3107648896479492,0.7944405748874857,5.517109627348997,0.3774795913830793,0.09504757546805473,5.193839829960514,0.6196448156067087,0.32425818847747656,10.74833261902147,93.83694477279558,69.29856292255126,1,KL-1
95.23092812120521,36.250470428058605,-0.16828339928255762,3.6705316225660676,731.7658651833617,53.13191182990049,62.6542472359758,41.6980349104386,0.6405910952053537,0.21799372585126103,0.7833805277515278,5.66420715355306,0.3953939525448745,0.16323199654355794,4.464964699701054,1.0205456048499453,0.14919610318187027,37.560446636264544,81.40656089868585,75.60624946509138,1,KL-1
126.62400749516284,35.708822058638916,-0.25548753077755054,3.851440483144986,847.1110353747958,43.105696421772315,44.25197821864471,36.156090228963805,0.4363952802583004,0.20190943599156083,0.8004116693671898,5.258038525085827,0.2871106288028964,0.13429146061744632,4.507738989755955,0.6082662594846198,0.24228652308851326,28.07266459443208,91.21151005258771,62.14297901546846,1,KL-1
137.68902511757472,43.86038864289732,-0.12732023749078225,4.48584343571896,897.8794326257597,41.98168261897892,46.67393243326504,59.04054754504733,0.5940805911286394,0.29877918092047173,0.9338646723774533,5.7715424685139975,0.40352923500599297,0.17148497330346762,4.647036130144491,0.61208225939971,0.27329824441831363,22.376779907759843,71.35048382925636,61.175368219459244,1,KL-1
114.88028081477559,37.90081392373722,0.04213153743467334,3.070278754801909,566.920510885579,54.00518965055718,70.95507345991355,48.78239131999771,0.5915034472874369,0.23718607558121363,0.8050371677027018,5.953193373616448,0.3021350356208084,0.14813856788939267,5.150824817205311,0.016440306061075508,0.25636524351761225,29.263120149900605,119.19613657195544,56.77564464193178,1,KL-1
137.9025219624202,41.27489058660283,-0.8271742176252325,3.094128869477743,678.3633566518662,42.971220763079764,50.4967162623629,48.54115443910253,0.6555118446948954,0.18077149727792174,0.8703435267305142,6.035343585363116,0.4770173299453245,0.13495456491155863,4.850936376011463,0.1912381566688033,0.18504468179788622,27.946670180900828,85.00103453876424,66.79969669380161,1,KL-1
114.65459759821388,43.18828315166399,-0.7027558381498735,1.6564620286609217,848.4172312947671,49.22927819263603,54.00033787312328,43.18704344589746,0.576927095253111,0.33328065707248883,0.8062035877264321,4.522040537533839,0.3547742457679152,0.13041810165059534,4.388801833363814,0.6704343606043812,0.11912209934294829,30.104666978069957,115.28336957705574,50.11390665415332,1,KL-1
130.24376796569925,39.3291147739284,-0.32975295557558304,2.44987087908926,693.8713579369702,49.74003714019422,51.32989958274779,16.2092148098508,0.45504324875328794,0.35870611439013783,0.8380592270639814,5.04285745109594,0.36575624114027044,0.14948138281668413,4.667334840381601,1.7296496020427565,0.16849763615891314,33.047657005681344,96.70701406863391,68.70869898290051,1,KL-1
84.2214505107335,31.17837204455057,0.007855774711427404,2.72053434079471,654.2152708370215,51.246497053813904,43.783191736949775,73.09972898497061,0.4857516031481502,0.3684296533819195,0.864587263700436,5.5476886758226325,0.33651464503810724,0.1225940622357201,3.5934390447209337,0.3267375819135557,0.21168803631021044,25.550394234874922,103.0283695858715,67.20268097492632,1,KL-1
153.78166668970195,28.88280466621577,-0.17070925886074056,3.7152556418210843,872.2244913180474,55.61616344145497,68.23529210891806,42.99675372667854,0.46794035824817404,0.28622046328848316,0.7964048575095037,5.986086565518732,0.3435014984072155,0.10942282233760503,4.590776154448394,0.7394915477062495,0.2476578019273383,22.600803469495066,90.38440241978883,67.18056161966697,1,KL-1
139.93187367864437,37.892683808843834,0.5162484904397937,2.3861991007282968,595.2599916331224,38.646296505061414,46.72298588079394,50.05095916180112,0.5194644826933488,0.3125559257583741,0.7929444172923614,5.944617006775018,0.488704678457162,0.15329727367963933,3.5216664172897514,0.4230621591584394,0.20171560383992312,31.13887607185959,98.74515630354009,63.605801892014725,1,KL-1
113.23061743619482,35.972462171050395,-0.6679587147983076,3.512072015799066,713.8104230650674,33.4607253979161,40.7271447629307,37.541294016528276,0.5478678746060859,0.3571920934017146,0.9079434847227664,5.9359349739383385,0.4220184844311649,0.13066536475666712,3.904786548821024,0.11071257858459911,0.14460736267675384,31.01166388942233,104.05587567986123,74.76382598024868,1,KL-1
87.91866460034272,37.52434857352073,-0.3755381878413482,2.8737026264292957,789.4372830965771,44.21042175017319,47.492597226972485,66.66316412128761,0.46926467790231546,0.23651505259859393,0.8742296447447898,5.508291029015535,0.2975398777426081,0.1360070294420702,2.2754626949140575,3.1772177736519795,0.2194303724919815,27.503679040606723,104.22462897273019,69.4759477234149,1,KL-1
121.82042552458233,36.903675764508485,0.5330366963964405,2.7332655079081905,681.1416103307857,63.16222726265749,31.982939982744664,56.72114724444789,0.6801529592521831,0.3416406610432455,0.8645336159345364,5.53618328134502,0.4502106450342615,0.16768139508463822,4.365857795620477,1.9287748914720875,0.24380680541942562,37.887770943403865,105.54728068089229,57.6433824689944,1,KL-1
95.84111679389365,52.5014419609994,-0.022552270129941272,3.074115175306605,843.978678721581,64.92739280069902,45.487125350168185,45.08361657680958,0.45647749024380474,0.2915237740485925,0.8643638146561456,5.33583536578913,0.4346621137570716,0.13158370176792777,3.7386767933349883,0.08174428103454337,0.20536880451315842,24.810889385691738,91.83000747952988,57.78656760241883,1,KL-1
124.17280306336232,29.018642466151974,0.2789370331204634,2.5620749021977263,681.7347629763157,63.3994170845271,42.31871402147674,50.29324466387172,0.6701882739089985,0.3298226991405554,0.8479787744155532,6.084097064052924,0.3609393768855856,0.13545101776625373,4.7916871291226775,1.2722061873982589,0.10810503083693399,22.50071014182366,90.48568393010373,55.46260949268291,1,KL-1
123.67348578746423,25.060322381073252,0.7454987773077854,2.5317702015258674,919.0343392135103,47.20614905791448,58.17428630927324,75.13815906549844,0.6573130425151472,0.2861655812525561,0.9258887906587532,5.2397556061302115,0.39033484710149186,0.11701051465647205,4.359115566363242,0.42706660606941876,0.16048751722262478,29.090457137533008,77.11988409678875,66.9102666622047,1,KL-1
103.37895246496963,38.99426100111766,-0.352521767160729,1.5111712753679083,734.9104443005073,34.49307934412137,45.265857604401276,54.12436681742466,0.6343642039751228,0.35277540258488005,0.8271954150938577,6.125018197594785,0.3742527960289463,0.14792219801945553,4.7994575368209755,5.268721101278648,0.25082566211299734,23.62531071543251,102.52862813412324,54.498888630080344,1,KL-1
134.31450535421567,34.741464672470826,-0.11472573511681285,2.6766366341376884,830.5524164046424,30.005687186785273,60.87803935578849,52.819197548609125,0.50699867140026,0.2884114257524922,0.8538631183600459,5.8039266190688235,0.47362899522234664,0.14549483738040264,3.4748420731964775,0.36010728458482705,0.06435857530044209,29.47758262072448,109.23854453588132,71.16713714866682,1,KL-1
129.5836205420926,38.89640721837971,-0.18397076037234864,2.491025483081019,839.522874357938,43.83769470760471,65.98483993069321,43.703422166328814,0.5898960703341521,0.1859612564319549,0.7524543535702993,5.677477760772423,0.3351854905503955,0.16202325395371675,4.7480316222957795,0.27277828156760675,0.007545758208707255,22.8349587208028,115.64178015901516,73.08378646676435,1,KL-1
132.13735005932844,40.50329813370401,-0.8568372017933102,2.4622152085207363,674.6951996707113,47.16541095880512,59.81175336287599,32.265026194332364,0.46031030931595057,0.36211559793888326,0.7837519656704379,5.371644800111767,0.3823005304887863,0.11762613488979373,5.388513806617996,0.8390763624241991,0.29564662801152164,24.998788585340574,99.9120716149661,55.46786984839639,1,KL-1
117.63286555503343,44.70462817107339,-0.19915872150238764,3.208498450072032,503.5816141612934,59.15500320844767,49.84611711139924,53.07953591704786,0.6353725628026999,0.21814815554167324,0.7649590500082479,5.0222290694179375,0.3535927334503598,0.12126549091229444,4.583494979959137,1.8025747238798113,0.21591322040175037,36.45420210019583,87.05224272509717,61.01561172325717,1,KL-1
96.2671389962944,27.95664507769637,0.2774248749522662,3.401905562232408,793.2906905596602,55.692443676339565,53.41114496705593,58.90582134789541,0.5565812174770985,0.35018349261463483,0.8887031791758074,5.3761736218109775,0.30334797976910727,0.1587641219743641,4.599209405215373,0.21383559483309636,0.2235384002016085,24.972063216261606,75.88484628052653,62.63296785089931,1,KL-1
132.16808408316706,33.65969261285702,0.14123581672489632,3.060755603713862,758.6746016549844,50.56924063193296,36.7501505985594,68.19501357193204,0.5297543828330652,0.26958542711358063,0.6973729923989624,5.534996565687557,0.48458191275274937,0.1425663901008859,4.226758605836961,1.235817058928303,0.0888546421098355,23.00574227991352,108.75000079700021,69.57186528375735,1,KL-1
113.44442901296313,39.572567553284586,0.17263326775520405,3.6713321523595797,816.6991233090152,41.63124183247086,50.6622062747876,28.018041586004134,0.4646004122674985,0.34556065911186234,0.8048844988623638,4.515487844209375,0.3159216710448794,0.10781345621421917,3.8101987316607815,0.06337288943410208,0.23400224507732303,32.8533939435325,74.69468119866957,75.37474700487901,1,KL-1
96.65329785210996,41.62278157412336,-0.22520359225579983,3.335449540664292,722.8167033140594,41.06376353404088,43.39561531933167,41.49884407572365,0.3642995105096787,0.34308611689200585,0.6753146698669688,5.601322422332668,0.3860064593743888,0.17419662203203504,4.5817154236209054,2.5125008080527538,0.19701989500546913,21.74479024856653,92.1627510670748,49.01606085705138,1,KL-1
137.7805904896149,50.160697301730316,-0.3374388944022566,2.638955048155486,698.3486761439141,50.783021496571486,58.94326381149299,48.031106913322596,0.47941673143713953,0.3008085784589222,0.7834356052259055,6.162178684013003,0.28796496968098323,0.08404648294799248,3.221350253758759,0.08455067915203981,0.04825379377212821,23.53528384926466,93.55831806467624,59.95455425978653,1,KL-1
148.99111280753763,42.734223826683206,0.4327022687594482,2.504714971428496,991.0167613178039,54.32640783071781,77.72752389244474,54.95822981712158,0.6515238556490325,0.3055121190576278,0.8004525525134066,5.983608952716937,0.3550464730378453,0.15852854259791258,3.87434692504751,2.456102031026626,0.2889426731419086,29.882805602544973,95.41653834578777,60.37186643551723,1,KL-1
116.88127806531196,36.65926842468234,-0.27392685854306786,3.125257789413477,573.3175126187066,51.88505009796468,56.998216359738095,53.259595701658924,0.5302733257220157,0.30035771703155395,0.8942435546897022,5.451897062129246,0.39609844107167286,0.09704363892005412,3.0623659185976906,0.6749286493458384,0.1876946658894983,31.69205711936646,96.67963120043008,51.29464116090762,1,KL-1
149.88681731904938,31.657385482344033,0.042632815517285635,3.3340136879215208,838.0740574037086,40.47321632314676,32.08859851045334,53.53973577175276,0.5489536914307962,0.1541705146231353,0.8448313969610728,5.723468149207614,0.3337633010248819,0.19157365549456581,3.7028061736109503,0.594372305741744,0.14331328271365848,33.10238195540537,97.9077706764109,58.61911984556751,1,KL-1
118.86972092917024,33.61426088368589,-0.009666127728984626,3.9932754456251986,681.0477770179931,53.95534103033669,48.38769807085627,59.897152702839335,0.6149443486630762,0.2820998131338921,0.7833429238335516,5.421917715289,0.40434009253678277,0.08866200819283131,4.510227055136137,3.6233568985612,0.14476082032118257,23.263890838897577,67.26564085505764,65.92215155480488,1,KL-1
111.79316143750474,33.44378306225736,0.5096868065028474,3.8279384359520763,709.7065658711493,52.15728773681129,53.22490925374455,44.160482670650694,0.7069535102493012,0.20803614943568627,0.8782981859865913,5.774380366667848,0.36154794540559587,0.16956751955618246,4.428236025732278,4.6443453807921316,0.01378224756540986,29.980043364930598,96.42587091844152,60.27056877728354,1,KL-1
108.04312318721783,40.93140177108256,0.3135649430689439,2.441821594794265,711.9476600911241,40.18466875047857,52.87357425260264,66.20969730680433,0.6685003723956511,0.28527122862473975,0.8258916127264878,6.470053911872016,0.4330041256199307,0.1325509691996627,4.155548217321284,1.050331185365354,0.22246692797050907,24.6694590022791,69.49509311065748,50.14303065114069,1,KL-1
142.05623611989114,38.54198467351498,-0.5931034482668484,2.793394975898191,653.5878870994491,42.47543223759796,44.691868743912465,60.20142930039377,0.48471319969470494,0.20642344721700703,0.8268783429353626,6.184249401312438,0.44308804566701115,0.12400192290483769,4.227240596437206,0.13595637836379684,0.195948576579658,23.97172183244684,105.03661687709194,85.49266158407931,1,KL-1
105.79784177918343,29.058102574946926,-0.550021266710016,3.411814243934216,818.5469052283487,54.25796779649253,54.45291742636935,51.16201283046305,0.4070943542850075,0.20390288352643549,0.7648664246114003,5.960397152846377,0.34566276196349943,0.14056189969403285,2.9934812292814743,0.7055641240258363,0.1594735894133524,33.01606391146143,89.58849813035665,64.62942292163345,1,KL-1
128.52903964962482,34.3845911854574,0.1565639272276537,3.729398222447178,916.8772315139948,46.87393971883287,39.574991630806124,74.21089590266698,0.7512691407280083,0.3712960701052341,0.775499314304843,5.453557543808141,0.37883664296964786,0.1539570101747344,3.901462631657451,0.7532435314668138,0.27727881659613374,24.25222802070207,70.3655592973198,63.3935530408534,1,KL-1
109.11254247411188,42.26528532070852,-0.10073505895166662,3.626175574963834,806.4016393495993,61.463178413091654,42.55091277314933,73.6769924268612,0.7440193289327562,0.33916684328745134,0.7837451350027237,6.074969196472419,0.38417271132361164,0.10786798493007392,3.716189036138874,0.7224656536415939,0.06429127848033232,28.3910229801049,86.47954387137548,53.71658909546363,1,KL-1
110.59539856138456,39.10997412984435,-0.25706871358150557,2.8238977337349227,762.4058395454514,52.75903420851661,58.45797641603711,66.1947442623257,0.5775762877143427,0.2747514449033507,0.8273230636577095,4.856561524313474,0.40596746477173495,0.11052636824494284,3.7295641856912756,0.8427889971523818,0.12725820189059078,27.777897346153193,89.40909592978416,64.5856492957702,1,KL-1
132.9537454095435,40.41186769607663,0.33125115359778834,1.8717818780571867,631.6271401080904,44.856950494485844,41.84336769120174,18.777318753186492,0.46086094035345426,0.2860861190149414,0.8288942863490337,5.573823259004555,0.3757190998122133,0.15448814595338659,4.484747176688252,0.018902240836030978,0.10699933961916912,21.646228118307487,110.53839541066006,61.18628972766805,1,KL-1
111.7994473056597,39.29753026034358,-1.624716443567459e-05,2.075850899003527,812.0190318989341,48.66835519687254,57.38211605492257,73.9473411126157,0.6395581227115151,0.26012503845541946,0.9022046331762023,5.991855709911976,0.3845105479671421,0.08377971139051202,3.6086956040968134,1.2421153413511203,0.15269640161827575,31.830464276781605,98.60965290100295,47.391812698276745,1,KL-1
111.4280693086956,46.75858440765315,-0.05401704524422243,3.0931068114555313,1008.7619558075158,49.25706714110174,38.30536225343942,64.53710226966321,0.5538613051189912,0.3091925825587713,0.8442527583968916,6.070210607023876,0.36282967626024404,0.11747312720423744,3.7621914899235533,1.2461648409288244,0.18039760202057784,29.801404468394768,100.38333933220696,53.93795647988467,1,KL-1
134.4920704576221,38.41625838294622,0.23693145630201987,3.1487804635394765,704.3166451445888,42.92287749406632,69.64825883791737,79.07690365255525,0.5534615101514712,0.23443673800707168,0.6896217153163946,6.034942245107871,0.3807619933486009,0.22622060862478324,2.87275845257429,0.12269859431874948,0.2094010819049084,17.068546940647895,110.42465961064721,68.85940814139155,1,KL-1
141.46095939832435,34.68386321277581,-0.22504359797742582,1.996056501252492,704.8819704777761,41.449294414578986,44.25730077595945,69.84957510080247,0.6340567074484104,0.3346244157720774,0.8381320993935845,5.847415344604848,0.4398970096767566,0.10595961106232159,3.948526091774298,0.8445270682863242,0.1472421237515906,28.387105556186714,95.09626854490612,78.05214120000353,1,KL-1
127.1703470492635,31.505469753198636,0.5524075941890216,2.9106556887114174,682.6693042822803,54.36111915047599,49.763334281965555,73.94011212996743,0.5892499797498639,0.2598147895391533,0.7524991821916233,5.602137510458059,0.4073041620605927,0.1694340837527926,3.472297471371828,0.8401661108930405,0.10481154118760849,23.135132829166896,105.30025553238885,65.43732324034436,1,KL-1
107.67845336564076,38.49765674925827,-0.3902190492932032,3.3799794855774263,691.2702918606695,55.512186376336764,55.30613261090406,65.54385820216454,0.4676348071188044,0.24980918025012624,0.7767014537694231,5.968987984913245,0.41006278197216844,0.11742147693858565,4.1725217572137865,1.1471213159599778,0.30988055598163555,32.485376532063135,104.4563333671839,71.32466622634693,1,KL-1
109.84087251053631,22.355775911349493,0.18777162653683527,1.9540186739942849,420.56405355931383,53.58025175642367,46.34650047498906,71.18431838374615,0.5365206451934421,0.2763027811090905,0.7843915264136835,5.22356947970685,0.4111535162067789,0.15027135434391434,3.5543351719545213,0.08926594440151579,0.3679312153430855,19.77300081609621,80.81236607716706,61.25395753133432,1,KL-1
118.69872895610057,35.89426598900373,0.49853313546393807,3.7589977614435317,798.6042463026855,60.872544754590415,53.43405961071304,78.92948488881328,0.6153922342929077,0.23953119020446334,0.7918330838243849,5.2776613683533755,0.3673095611059482,0.15463067071788653,4.18772534732953,0.9848461292439078,0.18646293375056203,25.21761515685228,113.92580293155795,61.807630714555174,1,KL-1
122.31395092888486,35.764960840471936,-0.6259181957088401,2.5729750811521397,648.5337388374463,44.41581411190718,57.75356724520125,57.59865686053847,0.6033201777924014,0.29472094096978896,0.7562425303979848,5.730867338230149,0.3909413521789765,0.16886870205548843,4.038188543554594,0.32954898874927935,0.11445757063833062,28.810122754942327,79.20637863915167,71.22783222095572,1,KL-1
102.68201134790343,28.813174878296316,-0.2123340703409797,3.881090490061321,556.768425744984,62.14416612856904,61.60613232503485,36.13323347106245,0.5834613259486781,0.24275824464119597,0.8351741001726143,5.7865988213543735,0.32074131608321277,0.12899238519561673,5.128225063825393,0.7072521708730007,0.2930363304833835,27.271701470709377,107.25839979373417,75.80221831343576,1,KL-1
128.34556909369795,31.430404968064025,0.38188295715422316,2.4482380433792796,840.3827939679059,41.54263105156678,59.91497435972957,51.31046919981829,0.6371738363580691,0.3031114161691301,0.754459885745452,4.787192410717677,0.43844038281584785,0.1946665391626456,4.423330788271916,1.484231620576066,0.05925943149372277,30.814791283569857,78.04512355713241,72.90877354772498,1,KL-1
118.78269994459399,41.857945180889445,0.38789781909241006,2.0536996136926566,620.1578657949676,40.64851549305206,50.28189536197326,59.67934719260124,0.5335626409746188,0.34796039233468856,0.8428333803624923,5.927573190474759,0.23585197838283897,0.1173199030624446,3.021217276462618,1.2229719381437194,0.14821813402361378,19.407890069953552,103.46484145782009,53.969095396921446,1,KL-1
91.76437522042805,38.38427049444977,-0.14359824015529574,2.508490408126624,709.359713533949,34.670328942805995,50.533682259563975,55.89865101245869,0.5767935820175257,0.23184069879150954,0.9368485538530814,6.086364188959696,0.3706425803832287,0.1420266124079868,3.366066693538375,0.12658757701373285,0.11931063589229585,35.25957168433689,118.59297853780207,61.96432887747803,1,KL-1
103.56610276308905,37.61073000224396,-0.3688684374707438,2.798881501538144,925.9730869426296,45.18363748938546,75.49108558025033,40.04125640608688,0.292453671985792,0.2671654725622897,0.7585320470532968,5.6613573812668525,0.43204479885751373,0.14235830796652824,4.1581248053954,0.894492027272507,0.08223715596396089,29.625723293941356,93.69425612139746,64.72019747581037,1,KL-1
109.93806989522504,38.83808520359214,0.30737432893230493,2.564216074582815,580.8941042370584,44.72022130536437,61.49889068249292,35.427188497660254,0.5265279844925749,0.3026798427821253,0.8107744847830388,6.887233141641996,0.30680660331853293,0.10134095640151755,3.5670912309644094,3.4775342201332378,0.15259806136625842,33.79859106500448,93.17373228576224,60.42257629193977,1,KL-1
116.40713466738417,37.55576552769354,0.3984196410326419,2.7021988627415094,566.0882118482685,52.957498242037204,42.78176343679786,46.10604797638205,0.6236122326860516,0.24884855870111555,0.6988271318743765,5.358532446842407,0.3949889958808426,0.1264238323506264,2.343978941858489,0.17051485580708464,0.10586623366608279,31.371200846166207,103.57527999180219,65.60286034732476,1,KL-1
145.83918193255994,44.45717537714989,-0.540865339404958,3.1421721197409522,782.3167427474806,50.70112753296361,52.99988163765552,64.69287467180982,0.5312684426306286,0.3028592336495999,0.8099532353514933,5.519456418306565,0.3409616776710487,0.13984540497715223,4.934727788300246,1.916690835577155,0.17601235713189234,26.941949427724783,92.29724252844949,69.06461449335158,1,KL-1
121.07256959209442,37.740575090221895,-0.5565654595865521,2.7380565041628806,887.9384836812442,39.20621303184691,48.64856861221808,73.96407724987563,0.525201808662631,0.3083239316391044,0.8571358576315742,5.502466546936396,0.3565598367405566,0.12203636870611742,4.557134410143244,1.2125026823644267,0.1771741734137971,20.579008945444198,118.06934444491385,70.52247801564113,1,KL-1
104.88842165152063,28.250721317087496,0.015102672793439813,2.8221100848383944,561.0789938721645,45.60819009259346,50.6466576607689,65.99881136533241,0.47918376385801453,0.3399957065776582,0.8610319615678633,5.661906194354492,0.4222970480319719,0.20822771896369605,4.437586124095063,1.4872349387100356,0.12529346211824163,24.182234093756495,98.55630699350435,75.98696121777219,1,KL-1
120.80946206460744,46.78077978924646,0.17674425337155672,1.5076188806379232,798.9227684204612,45.778303831298516,39.70504842291912,67.68912744536964,0.6427692714183316,0.23864059723490524,0.8288681865142048,5.535637593516855,0.38490284629425753,0.10984128979201409,3.760606172717451,0.33122767142687803,0.1453589314724904,34.94781666431289,92.40796590135129,59.864471162201326,1,KL-1
112.21868378819178,39.222041603973075,-0.1946276340920219,3.188358412808378,819.7199447954031,34.54214202430486,47.88076765614047,54.03021312203731,0.6063770618832457,0.21843348558617148,0.8694631712379487,4.996594727697564,0.27328220660578184,0.17038273404421284,4.381606062605957,0.33952138167457463,0.15653208256770315,33.92718890828191,89.7665736652518,51.58773468128549,1,KL-1
122.37137359300313,33.46447761522959,0.1967175279929397,2.8036373618466657,502.9007419569216,40.90242618389304,70.11555773193913,34.095010507528436,0.6285331678258468,0.25654535662617534,0.9523027267971396,5.426725851881763,0.3261787230134201,0.1606937943944636,3.702383805467471,2.364667494480311,0.23978768488955415,23.90200009948155,85.05461835792376,65.36587675211562,1,KL-1
126.20851530553422,29.47958969022989,-0.35905464273495286,4.163234384386297,845.8201605488664,42.583490955087285,57.79076300875503,49.537353029407534,0.4244028830433688,0.21693485962717396,0.91061523437188,5.651189652112962,0.42376678674443796,0.13458413596487187,4.247914380130615,0.446024687206981,0.16312564791486514,12.908478568989107,88.71694015891012,77.57048824947842,1,KL-1
135.63845970835908,39.37548532574827,-0.9208774396294942,2.1233478661968337,855.1927055810615,60.21900015856757,27.0883859184854,51.89482705753145,0.5496639965387493,0.3088698922428498,0.7988739535295181,6.314286041030998,0.39744713590964986,0.1090437283844326,3.5726500644981134,0.06508842237787897,0.24097613926288777,25.936551328474405,92.04191927609685,58.684193120367524,1,KL-1
117.13570256494961,36.296967970153744,-0.24456042893303845,1.4283637372003888,712.585731209277,50.28160572765882,64.16723492497947,49.03537015797181,0.5400911193799995,0.2052949219894153,0.7524448006766631,6.801121636686457,0.4624067786262142,0.11195234038824692,5.034773070333609,0.9177836046029595,0.22186503868437243,25.561485559354416,90.39833111801704,67.99477581650976,1,KL-1
142.0844079139975,46.444880716194454,-0.04970714139475954,3.3694547951440335,900.281563475761,54.047350031579995,62.89629522909161,55.65633838449551,0.5400542634721158,0.41498098509516124,0.8046924291713098,6.3677369489253275,0.45913237970066484,0.11946098102350472,3.182858007550893,0.13332303609435797,0.22072245575205934,25.751136939798084,88.35189671035475,68.06596633978114,1,KL-1
131.12033993804286,34.924556315999034,-0.18533598395858264,3.1522216146504003,886.3746689189815,36.760916022806306,48.40714695693583,60.29703711871541,0.5132177965025635,0.352755671694425,0.7776508617191326,5.312310485163697,0.3578877434926604,0.08142776154161212,4.864370297706499,1.5925623167178984,0.28602767762767783,29.642696009157007,121.43609476422927,64.03153637875687,1,KL-1
106.88840682781718,31.975715261905197,-0.5384413054637941,2.0682535835750833,762.3741510860646,58.303715864111936,59.17263543783215,65.23618225892197,0.5348116582575988,0.2757545461760188,0.8475673773932316,5.3520951946869175,0.5001618902534745,0.1048960372260213,4.148349496810398,1.0265142821097821,0.08544872962032721,31.381062896608316,83.88885908212612,62.555397768349714,1,KL-1
150.64783498622697,42.37477730941557,-0.801259590351527,1.6512008359967267,695.826553161008,59.15881650419274,43.40600789182799,51.66256162760399,0.6304715826165321,0.3270436695798785,0.7659403230285251,5.620335711245325,0.37622398349259556,0.09052570453909073,3.8313198027948054,2.0772559735444602,0.1371453514954309,31.95149773549762,98.0095910517541,55.11256635422886,1,KL-1
122.40491769905147,42.551691356300985,-0.28063552174715917,4.104917384547432,633.2606528900451,32.76324026284299,47.297442837336426,32.154887132264875,0.40947189173217363,0.17679188814135247,0.8213588783704828,6.592279444426794,0.3268665732795487,0.1753762500953315,4.225201753017443,1.5363605594624457,0.31606390402396556,29.228545700676836,103.36025211713046,44.246703420635384,1,KL-1
104.97313244041646,38.01190820566117,0.2840623086598974,4.006288312485426,745.492378876057,43.107466208673216,66.98546360669853,49.20546736850638,0.7046835814424363,0.42640239988397344,0.8669007027268155,5.617287973909053,0.34331800670447116,0.15355387177164656,4.565008804306909,0.11891152654324191,0.1544146799528586,17.99614649038682,103.8112959470048,53.60519434668777,1,KL-1
142.29369576845633,41.05814228604945,0.42747897576547295,0.8850345930350964,818.3710703645015,52.71612458412408,49.282699601302916,55.524524763903806,0.6012072900021169,0.2395871232679706,0.819965206359141,5.036246254731285,0.26216374473552906,0.15857922296596383,4.945048042016638,0.479764191224182,-0.05020989519246798,25.294001336533523,95.54671509061033,59.377566807106405,1,KL-1
148.66666377797668,36.773877275546575,0.40008535365538206,2.5084215765947993,711.0987766751231,53.90510762830546,33.30268338045009,69.6736950656009,0.559113448347183,0.2677701551660384,0.7776843088626101,5.449411431523482,0.45535095041246404,0.15266495854625844,4.312885813880119,1.4897023393960227,0.15876253254816916,38.52044891774595,93.36156913783229,71.27938149938166,1,KL-1
117.00462104420659,38.40319060605548,-0.40136381405942123,4.20635364382712,486.2998793685564,43.32204215610223,51.366967772186634,48.18630589379074,0.6350467317098341,0.16364400276869379,0.8837407028792845,6.078528000909708,0.4547380994521932,0.1400090287000249,3.590582348842634,0.5401539816690639,0.18579516241305996,28.871083674012393,101.66856989487408,61.674975501188996,1,KL-1
109.94524609436606,43.989945295383535,-0.5364825294521456,2.4941499537777063,902.2456673491885,46.30600429557078,51.214116070856434,61.15052354079282,0.4463532203865252,0.30417723828445364,0.7310509527623086,6.044970138448043,0.32422462805933394,0.17882040996387413,4.158378074259473,3.5886897360971433,-0.03436904939449688,28.839097842219324,99.44825979973841,58.347794248654814,1,KL-1
114.91437563819507,40.751910004129016,0.12365384599195814,2.482510212778678,772.8267866213872,43.97095151163886,63.98368569373459,58.48105479562519,0.5093239275879189,0.20861935057537342,0.8086102472061268,5.599891666754172,0.36360578558090473,0.11667712032804789,5.215075941997424,1.3308235144626983,0.28171485119103584,28.79742969886929,93.14249398278984,55.37211646437256,1,KL-1
128.2209759127655,35.98435337000425,0.1790400046391701,2.6487925378965054,704.4450603987799,49.63334437556895,52.1433642217576,55.52680639748066,0.5528139654087557,0.2810993456939617,0.8229169988309332,6.041707336780015,0.3797803772056289,0.13820008966101135,4.933606851307575,0.015621296281651133,0.11790300289075183,29.07689811252995,77.50745713930684,67.75444662807584,1,KL-1
136.66784982545772,45.1141752755569,0.08506784208019898,1.9782824209854726,852.8590066107946,58.3274282516953,47.78417688559707,66.16639983189509,0.6717448296345742,0.24234353402452768,0.8257954329199815,4.563413898726584,0.32698234739289433,0.1574117648347237,4.6702580868746155,2.1201443063152263,0.2012850492150012,15.084439094570383,90.63491533200103,73.36685733144483,1,KL-1
126.0573099629536,22.810867763250926,-0.8806253096951054,1.5111794046175646,932.9566315779307,42.581662742870364,62.45056145231206,47.06990563896903,0.5587802735098754,0.21033536390417937,0.834024802803904,5.751914617516349,0.2872448984364419,0.09536372304431615,4.602412212073432,0.10625512110748843,0.15692147637247503,25.802378415444657,82.49139803551051,71.00748577493968,1,KL-1
119.02584812707654,49.31243986853161,-0.42175383395338667,3.717037848587799,413.770611661453,56.75656398214731,53.207902325011105,48.097762604277804,0.5985043736948117,0.22673830989424293,0.8555219909904747,6.130342710684316,0.3644821198111544,0.22789766688427648,4.544670054363925,0.1514320568439485,0.07193188646367667,26.810535841026553,88.24408539920408,67.34919759806775,1,KL-1
139.97017655456642,26.76424543065559,-0.08687551611439139,1.4006504750018594,802.1116379906485,42.496623421224896,44.49977318434283,54.85719012286926,0.5153336803251098,0.28854728204513125,0.8232296280477324,5.2835683624227325,0.35894602852703766,0.1358569728833276,4.820252900705922,1.3261118157758771,0.0893593492291664,33.407476996267064,96.64867886220351,50.69509802893648,1,KL-1
112.80745290422716,33.23744305136623,0.11988727785217086,3.072817161687005,578.8020947027584,41.968982300024926,63.54997560541618,47.3182419388756,0.6014473655173993,0.19811054162787048,0.8065970858928159,5.281830731751856,0.35557943795056124,0.13925968351726778,3.851022728566857,2.0022476345515434,0.10019337308579623,27.23836447311148,100.55483372795939,59.686606057249826,1,KL-1
132.9637900755036,36.75449478882958,0.23192294504099473,3.58426359420612,809.893260815873,55.298756946745705,53.93661764516799,61.0961474926552,0.6966791674379565,0.23007129973858534,0.8046205327670152,4.766775923618263,0.38613580313004825,0.17270634095024767,3.311948360534996,0.7686245191902432,0.261853752734691,18.767443066990293,117.61543301550887,78.07843383111741,1,KL-1
113.17905802473082,36.121115975631035,-0.017298591087183932,1.7140189608790732,765.3512642849495,56.125491024060935,52.029259666794374,46.441692347606406,0.6421421353339292,0.31479640287586863,0.7944242098980823,6.494947797405347,0.4464759829262996,0.16244865999030672,4.1664021004422365,0.34115279950972244,0.16319694495198783,29.15044578085876,89.80112345315423,71.4756039353218,1,KL-1
123.9653443701634,43.03846624015933,0.057313522615294515,2.135585277923943,826.287183172866,55.561279494101235,53.77908391411654,57.71565049294161,0.5559835209777696,0.43114879249245874,0.8643771662163432,5.339923011489216,0.35984536401541367,0.13614234058189378,3.634451047933385,0.4328088827517807,0.13325075867586025,22.980876758786273,105.5455076233018,50.199974254122196,1,KL-1
115.79656152814323,30.652980288338593,-0.041053816655558344,3.845543350713272,690.0902862606414,38.22362073425487,41.29331628583403,53.797926774558924,0.6165392677812376,0.3036553291731803,0.7926735760261743,5.820521638931056,0.38352214993606815,0.13890388314294128,3.4919875467736894,0.41990282657989975,0.10023128699278148,20.916071794592913,99.92152029325403,62.05527581440583,1,KL-1
116.66221726020784,38.56460090489838,0.1992477496873932,3.301313376181632,525.2111865817018,45.02239217542359,46.72346223821663,57.57911157732047,0.6087013563685769,0.21996430146936272,0.8673385554504122,6.001958520741687,0.4113435261872468,0.08987554407156065,3.692832854047241,0.3955317632549688,0.2706920177220901,22.829204766417096,111.80197204767748,65.40478746128831,1,KL-1
111.83920223806685,33.53072741068148,0.05014626059636439,2.38117143449689,695.9558170491998,55.33390873602657,52.03582601832783,49.48310325924353,0.603027013735782,0.2529731497956613,0.8259499541129935,6.456033974570727,0.4027071463256374,0.11830602666450073,5.616188354720212,0.2782727087816441,0.2921361018018869,29.712521148322576,103.16474463514751,56.402732295790244,1,KL-1
137.6728104677104,38.7708458760245,-0.04870493598108506,3.836799202688937,798.821716216774,49.082334724511156,50.05336304975321,50.93094046567808,0.6514562688688327,0.27689534036915464,0.7989372596571934,5.6230511130071825,0.34427882377760793,0.15051630648476882,4.206674780445507,0.9387078653193885,0.26977951189653443,33.29380619880034,84.1482228725642,44.02636782872921,1,KL-1
106.50610942837197,36.61136644121274,-0.18234751965495233,3.840228578763442,871.8470794410268,40.160457230420285,64.72428382816595,56.1521112159646,0.6508582163069974,0.25403450296185753,0.8559203607872067,5.430285103110791,0.37981885615570177,0.1483167851712866,4.342144701816593,2.306646515065038,0.21439498713233332,29.414649725887934,75.57344764850522,63.290592360131456,1,KL-1
106.39651621176938,37.557613916097864,-0.04248342998300757,3.090242154412566,609.3802439432969,52.41654351300353,54.174058527270034,57.42489407393576,0.5523273122500093,0.32918349000421593,0.788627303763844,5.786533824285277,0.40237699100845264,0.1716349725001226,3.391582315797448,0.3668442090622226,0.19818640334965693,30.160116118085107,99.98514039601005,56.19793393903649,1,KL-1
149.31490348767664,33.70045100521393,0.11883655153570993,2.1548718177010695,873.2472512247621,43.031541928068236,60.54903922636402,54.949577015306126,0.6138503249182216,0.28804840898085343,0.8569092020364106,6.342040138271144,0.3185824331244611,0.13138496825330026,3.018748224724422,0.20664822222869186,0.07772497456192787,29.365226364190004,89.90858802519531,56.22926608732253,1,KL-1
132.16771346981497,33.939616299423506,0.03199015555922448,2.5442410372225637,672.2553252424175,63.10619878713769,52.093953545758495,75.464348278157,0.5318524063072165,0.3294711430945922,0.8356363060595892,5.614913734299608,0.4381769505398254,0.09338140459707402,3.6335684141287166,1.823731158316571,0.1553344698631154,27.50663588430234,84.48623504859283,59.662557120553934,1,KL-1
81.72329451960445,38.72363508416456,0.07733056733810148,3.104109395164312,793.4939857913432,61.108731699346066,62.56288483746123,43.11115697510459,0.4886542082947538,0.2561333725821422,0.7951837655454039,5.222565459207962,0.44657944526070553,0.16670191292327036,4.987917351125249,1.353956243744459,0.12029118373228506,30.48465317481379,81.03906754560307,61.43059268276151,1,KL-1
109.02111891184394,42.66229303453627,0.46208874454047416,2.7241241366820095,688.812725656124,53.58277941084454,55.97527756573154,54.229554460567435,0.5409404995436811,0.35453001318327537,0.8514317407667279,4.929621095842319,0.3388609872277753,0.1780826803854605,4.325565279645913,2.6712896977450313,0.028959031281223208,14.906122664652894,98.18170597104587,62.42733764723451,1,KL-1
90.32015993656918,33.41032399481291,0.031065569098634956,3.6261657425878813,771.8604753254522,59.63805363815819,52.13420485388464,36.11645173459618,0.5563977478608334,0.2650108649431072,0.852329486284432,5.089351307697387,0.38468350091740844,0.16194733718568688,4.484157054866635,0.18094618577633242,0.2595634735332292,27.555441756524164,114.34249239176037,55.42808080862399,1,KL-1
103.23963959877118,31.787394732562543,-0.3345994081892631,1.651180735912531,857.0253161484329,49.26833080098705,51.86716911040976,59.464977744008635,0.42957352086576067,0.21672860785172046,0.8828759802904979,6.1321957487033325,0.4071139128335516,0.13009098987427525,4.568139623521237,0.15577853720444595,0.11933360428861797,21.775374826888743,91.3459318515275,60.73832376292738,1,KL-1
70.4222800064894,40.68076099403102,0.2784427143976677,1.679589176747009,602.7583107253757,54.87349995500013,42.45561373709037,41.61704156347823,0.6313266047533377,0.40563922286253323,0.8733073506204647,5.5396877618465945,0.34771929218356235,0.16633158155629738,3.7701903721210335,0.779641006349571,0.27067535259482456,32.8145128627207,103.33324373290387,48.44061303677796,1,KL-1
115.44515633459086,36.804976641653866,-0.6214793350675671,3.019696889185946,668.4112923903803,60.5717623624166,57.069157201363105,51.660276929481086,0.34111396619180817,0.16550133518233295,0.8495637010363141,5.396239545039645,0.39908069228440474,0.2378673143402464,4.957779350384021,0.9530419991914498,0.24553971206080097,26.2642234739157,95.02280379738889,64.98831252294463,1,KL-1
100.37087271258032,41.98298880391571,-0.5075653522957149,2.481764468954476,772.1955104810504,50.713989454354504,51.59795265463621,50.53522809602409,0.7796853551589057,0.2306756764817043,0.7686204524395618,5.342016388408029,0.3831627813146083,0.13845456943321427,3.745315440466691,0.6542600650818536,0.2195374381306735,27.15474044133915,80.77741493075928,39.649796693270744,1,KL-1
118.39857885194658,31.565216719773115,0.059338905888027635,2.373361108241807,1038.1900393236422,46.70850262788573,46.98008039818795,58.37069351921406,0.6826503307037055,0.2373783288901763,0.9474293494087028,5.742522930100091,0.30160409111805997,0.09564789923264626,4.968739415557532,0.9137106539492518,0.22403072574105468,19.474640628730985,105.06773612212501,60.18407935653104,1,KL-1
93.12318111676213,26.323366447459414,0.13155866711463152,1.4605546246604821,646.4172345399807,35.11302433458307,63.06461770812072,48.36650898945784,0.5416193020662149,0.4254983763833938,0.7548191894464095,5.5802724531172085,0.3979580657989279,0.11741144851343545,4.390381293681204,0.19891417877742315,0.12577488943410337,32.08415444506426,83.11369547167155,69.85348922941563,1,KL-1
118.7436777975806,33.801975509041995,-0.573020489401598,2.8906366758385453,994.8160663196303,48.08493179422805,39.49783974105198,47.85633162767221,0.5632541088451019,0.38341153304879066,0.8724631587141154,5.563433928140374,0.3199928791864482,0.15376428000912154,3.051572907452207,0.6531839626778524,0.3236280121032532,30.136640601369045,96.50951956712278,54.02527450180139,1,KL-1
111.27625582819509,32.4018843444099,-0.22812699239470002,2.8327959135993876,990.5307964410205,55.33738547649849,47.77504104567566,72.23027756903078,0.5867377498869827,0.3646356886185318,0.8465641908443149,6.374661963905369,0.4219601425831024,0.08685587067305812,3.676194308039679,1.0732152245731967,0.1784500344762439,29.784739411702517,92.15175501993633,68.2314416292592,1,KL-1
140.02929447782893,36.5272695995182,-0.31743353288786347,3.3977831855613925,738.322661915809,56.315067420541034,62.27718748779533,58.41480148569431,0.5153671689608846,0.25516048025742005,0.7662928813759442,6.469008140930817,0.3414394462433056,0.1400820922473621,3.0540368802767373,0.5668783830355887,0.1991545348094963,22.934885739155888,106.96692921478831,71.74586169696714,1,KL-1
138.67035292618436,33.17892871437766,-0.2696705291526387,2.930124906496778,714.2216968560119,52.78492052574728,55.15522940920253,48.26738977573278,0.5779095318069549,0.4205706802305065,0.818784953056075,4.894989163545502,0.36693572831694277,0.1464100995094765,4.822969279676525,1.137708697295304,0.12307389331466885,23.13180077530935,83.55218809035176,36.03680038002089,1,KL-1
129.28018404515424,41.446101708018695,0.3024391105091783,2.7689167374076025,666.9521761602371,44.419607240302085,51.52141072347243,51.98999593826523,0.5509800017838671,0.29710112023045826,0.821062355687768,5.863796365571479,0.44361394567232876,0.18105365219437958,4.110158747518559,0.6000053144930327,0.10050677913784317,28.117997272229527,100.94043889362352,61.289096771394064,1,KL-1
112.60079329008181,35.2710984254649,0.2076021854189011,3.81660050943227,741.8156963600798,32.935427448419276,54.510035431501464,74.74425942724893,0.5549581826215227,0.3336358022181873,0.8902791357905261,5.3115689506893045,0.39981908232644225,0.17430584568162902,2.787994536030132,0.40586455914152253,0.21318368070475385,23.527507948759744,86.17243111181558,39.4938125789738,1,KL-1
147.2807059289044,37.902846992643404,-0.082648871941483,1.8250261572411601,581.193668092853,44.78827921596212,53.79414171048841,52.178021460986834,0.5770168850784511,0.2857817228663724,0.7893344549859894,5.575874443069454,0.32102630402127275,0.16093754375255315,4.350448129031795,0.3618383185111093,0.19240107967510284,29.17446481338669,90.11673745205458,61.55433243543243,1,KL-1
94.20447083240269,37.945807350645666,-0.29338477084597114,3.304111375078061,740.8513179215283,46.31524103156839,36.833374537140784,46.728680522171345,0.45741777613168044,0.2720320057206049,0.8119027496787823,5.854639192563347,0.3242541714600458,0.07011962968456413,3.8027014425670083,0.5291628256033432,0.11185181072779381,16.19543698616639,52.62759726951877,62.44263031214938,1,KL-1
96.44662055654506,38.16973055447313,-0.6148598680880563,1.5380822681637207,929.6256328621027,46.24656826247989,48.50738114652039,46.78004619848329,0.5656655779306918,0.2598932795644172,0.7081965197489368,5.593640041534541,0.3450348605688137,0.16263159384143777,3.2347164869800062,0.02336036367744023,0.059925862497967664,24.562277217967036,121.3551828594149,42.63964811271329,1,KL-1
116.24325350166403,36.85522533727016,0.49307397551277954,2.204310495999354,676.6697925027939,53.698450855823396,68.16521654513748,48.41048222812507,0.5755758197293982,0.26242160039485024,0.9117381396561788,5.815229940313817,0.3947322041678333,0.1561654015818074,5.131779502181218,1.1042033046482755,0.07340615301379622,35.983767327132455,102.85668319391478,77.89870689663893,1,KL-1
151.31057163381678,40.063604142461884,0.16184556011396736,1.904874293901349,721.1130835213139,64.63541128811872,45.406758652228326,47.866027330879334,0.5728079697084731,0.3115094989206847,0.7714765878489964,6.036485103015959,0.3929149907466384,0.14267833131235041,4.189371519657947,1.8650119491382549,0.27069069736728857,29.197429139978823,87.04183016874202,64.788126461077,1,KL-1
114.46491639694868,32.226069197045156,-0.3576676416292562,3.5005540283615346,545.863143087931,49.73823361472874,48.81698985895666,39.64422581980908,0.5452335395651077,0.29703198792652324,0.8413455432119588,5.84728840027016,0.33284488476685653,0.08309333621563544,3.9489411586120124,0.43792698109941414,0.12593969482799428,27.833968322654965,82.75413174000407,55.70781254334372,1,KL-1
114.75132135186077,45.3965075599233,0.21283979904995662,2.822671813123685,794.8874505757252,47.01614568674831,46.58379236690813,41.509598836636265,0.6535286220775497,0.27311171778777893,0.8199296085139067,5.376581847916189,0.31663952571928206,0.1116967827243882,3.88534513140839,0.04712634203825893,0.1478873163459333,36.92613267835679,90.30221496544792,74.22303541998815,1,KL-1
95.87134465832287,35.58077569978879,-0.10308944822985028,2.8641974043256186,781.7378021941648,46.67622549596726,51.12984776681863,45.04815550766356,0.534207795609476,0.3655714395619312,0.8200999516608329,5.385400196514838,0.38907917025429173,0.09999531691397802,3.217032318505337,4.325691473188646,0.29102722070072495,15.32023190599282,104.85255441783342,48.13509423486147,1,KL-1
131.68894377905568,29.13070517260791,-0.18984380194493716,1.9896136098164392,757.6442831718925,49.745078135261714,46.16877168675702,62.09885222143717,0.5806860725458552,0.09699481587555614,0.8654930992435437,4.980147351690983,0.3659069967104919,0.0745497468147873,3.3422706602495342,0.3061152652649882,0.08522795508108681,22.92344442605946,73.54498089298089,52.666631731853464,1,KL-1
131.7976438149403,38.12844014195064,0.09908461131584094,2.635245203253689,723.9807539733428,42.12364991721281,56.8674150215806,50.42515255272552,0.6662838027140436,0.3055932348752717,0.9085631230151817,5.273039851239641,0.4828607943723869,0.13491254545755618,4.89595007092505,0.13538582151915043,0.11684041394263545,24.994134141263054,94.55098696846794,44.10435581064081,1,KL-1
129.33612802099864,31.89291710531509,-0.37159929996509,2.2642277573527108,714.8690497473054,49.71158846996844,53.973134122902664,52.514059730871516,0.556149908798375,0.31806432239953875,0.8375746834970995,6.681034180949264,0.37683018282815395,0.11106533635671662,3.8406702781285684,0.46164269225249416,0.11349865371514453,31.29175616502695,117.49770246955208,76.90836157231467,1,KL-1
108.06168990728956,40.99200720705325,-0.21250260780404404,3.1817640118833728,810.2280280440806,52.3564986906544,59.73547615107018,70.24105630305877,0.5796570613974041,0.3438177720953101,0.8577539008815263,5.3039982129523775,0.4657126413850137,0.21375916740806736,4.138240620562118,1.341539147888474,0.30444547849328313,31.378281816141183,82.64264396838635,65.15877097177602,1,KL-1
106.89939847440492,50.25763345625427,-0.026415574320181653,2.082127091734709,746.5420078093653,50.42748850859591,41.49058833811039,70.54008579926102,0.5547892290948082,0.2711077135367983,0.841444576836352,5.10331059377809,0.316480820094783,0.1299368418168627,2.898401714279355,0.3480219137503384,0.3344706800465931,22.66996645508687,97.21462046516386,67.77521431878796,1,KL-1
98.10316624392544,32.280567450652896,-0.2747804771540854,3.9388354921640607,787.7966245866398,52.41033547203825,48.59659517117097,51.61450068234718,0.6614895834850879,0.28747520404303745,0.8758765711965313,5.859963930922387,0.29633935302191466,0.17381259467597882,3.3341447785226968,0.8549680100673787,0.23512505803217365,31.989771610712747,122.68971778309309,64.9080098713478,1,KL-1
118.758087526414,38.99423399934391,0.1926340841070096,1.5345356403007244,775.7979380945458,52.219980874788284,49.74277368387865,47.429637871799095,0.5418820350730964,0.33415690299888323,0.8018541810256836,5.64481762035407,0.3189957433737233,0.08792702925920327,4.490887511924852,0.5371011456599832,0.23767077793233918,24.983426163391464,103.83581955628927,67.09014208915667,1,KL-1
101.29389006082248,26.466966467772234,0.6726266014713044,2.229784134034751,884.8112744514914,34.57482654202845,56.55646910088595,44.626836235917544,0.6651683661830564,0.36446998425681076,0.8787695277208206,5.6022033815753876,0.4344564890726733,0.11909731241985391,4.3516270560683,0.12529567631633173,0.1285715997717815,33.058198128245834,97.76108584582546,63.12462171116792,1,KL-1
99.83875242126066,39.72343137664809,-0.37671925304285714,4.216760407972877,831.2392916850065,53.84496126716323,44.06778802792966,63.31330923649885,0.5542129684282349,0.2569678408892739,0.8805249932823691,6.4045229832060455,0.4628050794846767,0.13790693628102946,5.17702511923459,0.4009060352305974,0.33078627895234264,21.83678650938971,102.32963745890804,64.66737074165952,1,KL-1
111.14463924633986,31.68571720120186,-0.7410501185216178,2.5268890016303724,773.1434211780229,43.38188123470037,61.15653804258344,52.543513197732544,0.49374322212415866,0.29101854698765356,0.8791268504341454,5.974563337779183,0.3358910273023683,0.1077553815417699,4.930773798978736,1.2905134038361903,0.19641570034869293,26.383442004669195,91.43961597988357,63.3608274897836,1,KL-1
110.16265737223675,33.25099228939311,-0.8756960669905047,1.8230970684764705,932.2106436782616,39.98328669596834,63.86415590517609,50.362061316126514,0.6168498536459297,0.3757144378609254,0.7919926066331762,5.4350035341482625,0.35197169851202215,0.12233397945585768,3.9865734165091062,0.946759984077986,0.24324882115597918,24.549163423117196,111.84557542364128,57.63126555544577,1,KL-1
109.43032206767067,30.392281060961032,-0.1351872565979929,3.050257250030135,800.4322234867874,39.91438537716003,42.111276523644165,45.236025098349366,0.5381265732995475,0.1475583754472689,0.8165831182881405,5.48776204120411,0.31655095448937504,0.12846147281269385,4.408772138827962,0.12758156217510877,0.16655800489832365,32.28015185782857,91.45803972519745,62.12700187828265,1,KL-1
124.49666895260393,41.392907356328415,-0.3402658360504731,2.494686206228366,906.5955226548502,52.218332883780235,47.09127105106434,45.76400309186334,0.612140071927933,0.23359924401112486,0.8369733494390217,5.448706743047158,0.28441800764408065,0.1279827604366532,3.9350379342581556,0.17831647949129123,0.15355739301379112,24.386093917169145,72.73982069516828,64.68875658609342,1,KL-1
118.68571703225419,43.04382614483958,0.008144200426832076,2.2063037955053555,822.8331130063965,46.969400582201175,46.68068491707908,58.840698297918934,0.3441476492061013,0.36295015871617775,0.7564578977585497,6.137369810790129,0.4109205848888315,0.1906535571910604,5.357885891183189,1.0236904344484374,0.3080433807676894,26.78775735494122,91.55436275271448,63.384392956417045,1,KL-1
113.17765954233323,37.14031128795104,-0.021960931189559694,1.9983033513610262,528.9697105282148,35.29424972811672,78.32386204677499,39.214740809352854,0.5629164209515957,0.3405522700164981,0.9047460104043007,5.545926185273432,0.3861510151481082,0.1463467885629453,4.81440881763144,1.6788706002021374,0.21817789437906454,29.534056988315246,84.64918564147956,50.67782313797346,1,KL-1
120.24519392467224,31.81343976798568,-0.7162867386456385,5.089698884500755,906.5801715983196,52.574302521538264,47.700998947921136,66.93842432545526,0.5257315760994016,0.3063467126556016,0.8243861733248912,4.8034232487729245,0.3755243991336938,0.1493853168882391,4.226811054514651,0.4299747749698115,0.29111003688563053,29.726292415130597,92.87567185363085,51.74010665113273,1,KL-1
102.62709438343052,46.53713821662318,-0.8009535317925625,2.6737584798526908,766.2211489611203,37.23313495360938,68.77625442156135,48.59386427422098,0.47743930507749777,0.24808418761345274,0.8391963943802361,5.675840160632828,0.304997173141831,0.1511896432303521,4.245236870925811,0.9046357948944294,0.19542625373960354,31.434763037365858,93.14099129103244,71.16273147133113,1,KL-1
119.07917935864516,32.49753923347206,0.04337329613843809,1.3345461117336983,743.7654274919066,49.86857086814569,39.33368004893391,53.20436866897849,0.5182407198528161,0.2220908900608748,0.7961497780136398,4.931486999436036,0.456997834091433,0.1533787913201134,4.991910172355885,0.18710528711094518,0.10713067708615273,28.055623884223333,110.61907839765888,60.04404763293279,1,KL-1
119.75903739266951,24.027806200435368,-0.020828466112017205,4.069967807204427,783.7618016987492,50.657991405384436,42.103490338356366,38.956264502313346,0.5166037484565879,0.23952706284545755,0.7586561220316488,6.792115300877451,0.34983216309752635,0.13251339048375405,4.472746708268308,0.3730603646038458,0.12833256536972096,24.908755423600844,104.59351271997262,67.17780277628752,1,KL-1
94.95429710963779,39.75033405974241,-0.24532719934662053,3.3638567240884565,708.6020205651519,55.83461665356036,45.13395468151799,54.851608741091624,0.5586611364119535,0.36788049324912153,0.7947985057262614,5.217166043076385,0.4016813212408238,0.12537760885563462,5.0601768102420515,0.020478465409831004,0.18323721939716883,25.251506273206246,99.40918585090476,53.76304072222083,1,KL-1
132.43540631555544,30.3713519581509,-0.7378574340529219,2.26182685518417,777.2434632466734,63.00347829173481,43.543106885534776,51.06014868771328,0.4531138830972035,0.2372934386506792,0.8359602093816794,5.619067617321135,0.3022719297377638,0.14000448178554833,2.808811244244676,1.462208045419662,0.12487998271653385,27.12836157603806,96.21465506400885,50.71483298682776,1,KL-1
104.27849442159507,42.93165276099505,0.11355650510599631,2.1285047290510866,678.974872038829,37.83258939279567,49.321012658415015,54.3990328137224,0.5878019024207771,0.2810853778543794,0.8586714406376846,5.829101367350569,0.3654737405189981,0.16970411846740419,4.401736956899279,0.5125100746120274,0.08640308730978474,28.247962380371916,83.54370389370406,55.751227099746295,1,KL-1
118.85464698809652,34.713173819959486,0.4337598181695774,3.4137782369265848,902.9126710481244,48.3302091514956,44.912217972785015,72.66050678034269,0.6717971828164631,0.22977754130829522,0.833089577030136,5.555670919660385,0.38956872281192917,0.16878714565309152,3.815739081191169,1.693502219869366,0.271113362542962,26.26414176075782,70.07589714801188,60.719479433828695,1,KL-1
134.96617610802906,40.62227944326518,0.0361929760875689,2.677465338008436,736.3694263654739,46.539317639646264,43.80658407265427,57.13237654948288,0.584974279755826,0.3255664418059416,0.8423362008120975,5.5549847992669035,0.3913537609026654,0.12778804572934768,5.178826792576795,1.2322796769032491,0.13141039433411902,27.096017104827737,97.6079201367134,57.1788776057247,1,KL-1
131.38515136570805,45.40900207931295,-0.4139895562260259,1.3342177452439188,704.089938873308,52.2199974876877,63.584719964733274,45.464089790250355,0.6272190887383207,0.2426764231792135,0.8081486812659311,5.9109136430804385,0.38273242716183126,0.15803531084004335,5.052839212313898,1.7645973176031906,0.18605541982330562,19.413730697139474,105.78569444288391,72.85146818484571,1,KL-1
118.01500082853254,29.74684681227567,-0.057179133771539485,4.304791971683735,639.0089021136871,50.47535016746895,64.23793622513165,46.46416107344118,0.6500649963691036,0.2691443665907351,0.8498124283122713,6.463107979398139,0.3997261246024386,0.12916246010880997,4.144701485460784,0.3363943770683825,0.19869068719084837,30.33677642227339,94.94999340106493,63.93618641229969,1,KL-1
112.06251495676898,33.60437721464557,-0.621445632373474,2.5278076302272345,782.253094697837,45.92963005810704,61.492964983753154,62.14157423096522,0.6614191609747342,0.17399707201743045,0.8991416433192954,6.083754540908649,0.31847397719835197,0.13601611648305734,5.046378587286619,0.20470058620929746,0.12794774997435449,27.905561444447148,89.8317481265596,77.29150894849487,1,KL-1
131.7126786286335,36.54597356405762,0.348184285535517,4.071457389185941,772.452852015011,45.22278249111316,57.23998955584328,70.5843194919211,0.7121110954257044,0.1781979058277036,0.8602394721219493,6.439256939286771,0.38486863027198304,0.12079429855337409,5.194868711995504,3.5721879526904154,0.29106395730469914,32.00935206770544,101.82402598257055,65.73526523257134,1,KL-1
127.6204246671293,46.22530791420606,-0.04226226618818448,3.897747966372572,796.6109536413007,39.81839315852762,52.927430657795526,58.3830162490126,0.5225638401379256,0.27546039159929037,0.865477094412647,5.176690445953249,0.3806878841740139,0.129550645832813,4.169644003155688,1.2634673107331607,0.08562865910363096,27.000802537035426,95.25001359250784,43.19959345664151,1,KL-1
108.22452469933805,33.049703692357326,-0.7822627647012927,2.0741923644137485,626.7297734993846,56.652892659252075,47.02969309334091,63.26455293465723,0.5050212811871106,0.19549057068813425,0.8397008199653315,5.858681316627681,0.38658363420975306,0.1752399020864904,5.608160263459115,1.7960221491125932,0.19593002108646165,18.30801210739107,116.47893030368753,70.94833285166844,1,KL-1
105.57659529497464,33.43297782430596,-0.19526974417747306,3.7015518914905186,557.8582561426113,52.42363345279624,42.468424952449084,62.31685268004046,0.6251772518659787,0.4013051983600701,0.7498422465200199,5.77762302602914,0.3786172608659591,0.1377726344201771,4.106195308398166,0.013220379084792604,0.19468941651012667,25.207769053466624,111.04274010481942,50.42358702024036,1,KL-1
86.41467227456003,39.86884345333485,0.11032060409369233,2.353845960109055,825.0709563007872,56.0921455823611,55.62995703432687,72.02877296029025,0.619161297572592,0.151308613273265,0.7727666734684377,5.8755456458383675,0.3113393613043301,0.13905847525656956,3.9962874297984547,0.4376706131366771,0.17065963177086815,26.000350384407916,107.76409668427995,64.34426933769072,1,KL-1
119.81047762525381,33.53662764573657,-0.208219048390209,1.3816395305568463,928.1570234251809,46.26683090819589,40.26369607453203,31.60491792728761,0.6245540239692552,0.22698948208015374,0.8477437900331921,6.3881159853177865,0.3091100123945513,0.09158346662226126,4.644523553150606,1.3579661821043225,0.07124699093824138,30.714516527167994,105.34280937051885,56.30252753868924,1,KL-1
116.25953382472402,37.9151552973857,-0.18535828857606956,2.535321467182286,626.8375653132125,43.49531625044456,42.06079070824607,63.00662727165434,0.7136425963400201,0.276002052036053,0.8244530474019957,5.589605425103973,0.26428659070577243,0.1257226827710181,3.9127255613146117,0.08119143628215963,0.24466540414907711,16.648632277433023,80.76799102658252,79.64168827571349,1,KL-1
134.54287061963814,27.69077547419124,-0.5647608828189088,3.193110001421023,940.7329540274038,40.123479466966174,63.5291325620481,66.80483252684277,0.5634095927038796,0.2530920237322529,0.8469921443236413,5.497248316722956,0.4158767254922649,0.12776055288765814,4.1762038654769364,0.837802916039257,0.2344808536267677,27.205897584744676,104.20592442463119,74.01678341944108,1,KL-1
122.8858264022055,50.28597965533958,0.15161639483266245,2.50481068160293,784.0693270483657,51.621340669925274,71.00649041722087,38.93531552637312,0.5965925247716948,0.20875127260016482,0.9088211708922036,5.966990398709332,0.41638287548675995,0.11012569543669785,4.970660654430546,0.560493516072343,0.12095451771270269,29.56837607896653,100.7659114917589,56.565434866385935,1,KL-1
137.51343791259035,28.91374461814358,-0.334387680007655,2.629361327259919,749.1524514539004,40.43165420377412,55.93295138166481,44.371981791923005,0.484068939881322,0.2175243296302839,0.8613017999614666,4.810898636217076,0.417177514561106,0.1356499623511069,4.136531311330362,0.01777352460207717,0.23159897657642894,23.692560573592402,103.52709674069396,61.4811386550311,1,KL-1
107.03953658125744,35.06948377605875,-0.9375781508020131,3.7898528359428902,702.2941564145067,63.5393045517324,63.064571522946444,44.79060701646216,0.7333256899180767,0.21556075535004565,0.887944310287141,5.581573975438911,0.3903394981230726,0.12212453129317039,3.1079893242148153,0.26915552320541714,0.20499261490406204,27.37314004908424,102.16131384175662,64.45678455719374,1,KL-1
134.5722549645143,36.80511378494743,-0.22350294826815756,2.9601951842320733,583.8578376690004,38.288859351252476,49.541516825560166,46.2545176434714,0.5355764063032711,0.2577966983107962,0.8297340694735365,5.632901155357274,0.26834403911409443,0.13739987565730746,4.345391632709518,0.3351818542162037,0.07255102837111133,23.864817454250776,101.68315105417679,69.40731257249288,1,KL-1
109.56625431343018,48.47612880614077,0.3174598862281412,2.200361350972038,868.527421910952,50.93928095370001,38.62325813912316,49.21939538877369,0.5378427257471337,0.3921157453710454,0.7846392161257779,5.239820691846537,0.3236644754107367,0.13864509029456804,3.7072238525685632,0.11862583034768984,0.10668568683429139,23.352135333898048,128.66039763459514,62.7332152986001,1,KL-1
129.1639409268841,29.05092531440356,-0.22977177863997897,3.436624258933861,656.9272366274877,61.28483765771029,58.12171618618584,57.9112337566593,0.5347600087193406,0.27967623779349254,0.8221066920392829,6.228529505678289,0.3835207708796556,0.10632736926532067,4.644162694376727,0.9984147344932152,0.26606251559116634,24.957900749343413,95.33577196057698,54.30084080495307,1,KL-1
95.6186241120396,48.902224812872504,0.6201939940494081,3.033140453563396,656.4231989114879,53.542718074110475,57.69289323270064,65.38809581400844,0.5109083313084529,0.3459740293632514,0.7847624093140431,5.1688798413283585,0.3817759001395898,0.12303894652550433,4.542713829495748,0.27759693385639544,0.199753294811364,23.446540037664946,107.48604856995196,56.759530886399574,1,KL-1
121.02702949049282,41.543060926612135,0.09658717941940682,0.8577161588303656,869.0311571864346,50.15538969993423,52.716685538802444,67.97580349322244,0.5041450360921881,0.3054185807496885,0.9029147478386224,5.632063475818102,0.36386258934239896,0.13732122848282502,5.007840208899913,0.32520327007228506,0.1298557643351499,30.418091559681663,90.59812227683196,62.46414562898567,1,KL-1
87.72968087831136,39.502571946539476,0.060503264912146436,3.217682331017159,524.0419863993928,41.002130824304835,49.576245418948886,44.94612326598662,0.520603657368838,0.34183174387893317,0.8645195538267735,5.846578612661484,0.39344586014541233,0.17052898293470178,4.669519380475618,2.285124403936341,0.10632192870618863,23.325240615823112,105.73769900665206,72.37565583011752,1,KL-1
113.49293771087368,31.092197877892264,-0.12635930636704357,3.188462966172881,567.16826271982,37.69584649145837,61.62210578581098,44.86356401556421,0.45323632575592443,0.10700214184438485,0.851025624831414,6.3767257807380595,0.37558258538426226,0.14270157518387222,4.779146570194839,0.6294648246268642,0.13376849615076633,22.485449964760363,107.52183868278946,65.92270288428836,1,KL-1
124.1053099081687,40.426847452228444,-0.10231448310571627,2.891096903664688,747.8238907790302,54.910400871340684,42.14266966572526,70.78986208019468,0.4996745663789409,0.2567325187311062,0.8867971601114051,5.694721782559574,0.3810385232775681,0.11514194460247718,3.723541943917372,0.49779118727224153,0.13944163760978362,35.83964333419767,100.62311292562417,56.312680587079875,1,KL-1
109.68547173153357,32.6590802654812,-0.1803694540478016,3.58836046485566,785.1941314805822,60.799177926199576,44.26219421109342,62.760927225023735,0.7184170489158095,0.3534281253890428,0.7239971792738387,6.1680767970641055,0.3430467333583992,0.14697014277731557,4.607391897534302,1.2868872699105274,0.10732295738965986,31.803700059120178,116.280963308518,67.68698222167832,1,KL-1
101.74343556866049,44.59996751919047,-0.1959077568330106,2.3370851325387982,808.1681577562708,45.239200076174626,41.91893493239572,55.99437810242795,0.6213524114913095,0.24069585063503995,0.854406897567133,6.0502976986385635,0.4241005493060795,0.1862264666796528,5.306070773616174,2.4036636436178784,0.035658871009335805,17.692433196704,85.63868756367499,59.40412128897472,1,KL-1
130.19177703943902,31.173627825353602,0.1373468648268595,3.1441998310567207,713.7841807924497,39.637507939069195,52.849729626358275,60.680040106659604,0.6365723341382175,0.3807483898921767,0.7594677107847813,5.761728778084572,0.3534614195659808,0.16250119417767056,3.71181005481794,0.025355076614596482,0.2662010629120628,23.176158550737334,90.40334869998134,69.62326404149474,1,KL-1
115.94805815229614,36.3210490332635,-0.44933249191622626,1.6214325030661176,1053.6443602370027,29.084644555607852,41.12106987890741,54.642354617782715,0.6566767029933532,0.36403340922606564,0.824637215076717,5.155243295863272,0.3084675458489687,0.15142579591306862,5.204842975036259,0.5946400193788238,0.25265069380891547,28.212314858613556,98.79856103228188,82.71608334662884,1,KL-1
110.15644029453992,33.668361471920974,-0.5053575314897039,3.2006723067190657,722.6528929480999,40.9038812506997,45.15757819484757,61.295016196571375,0.7092307651489913,0.24685215703235222,0.8094146203766392,4.982709569547826,0.3364500493590636,0.15676770526446965,3.7953899452792017,0.9436140266263114,0.07313956385545123,28.61877533615747,106.81968224181067,59.629389032451606,1,KL-1
118.12843881731415,31.074862225438032,-0.5242780203501511,4.437447756431917,722.3056617476733,47.84074526000768,44.94244437772802,50.96719964193111,0.42078619588449245,0.24481018885721856,0.8580868306048474,5.753252700709593,0.357576690431901,0.17819862124285893,3.6138172529700157,0.3835516192574455,0.1859049036450934,19.547535671315533,98.40315425553919,68.91284127781097,1,KL-1
157.05003712918383,41.44791890144749,0.7432618190708618,2.079114918025967,654.3615997423346,61.54298592669387,49.39391667666042,58.225659213270774,0.46410935077707677,0.21418364945873183,0.8364093644480477,5.428651563048693,0.4247001394184423,0.1672688038205298,4.302720266012903,1.48019950579079,0.10282094378281867,32.79282746411161,111.67910843812679,56.53685334369816,1,KL-1
134.80254274672316,40.2127524844578,0.13713716066823198,2.26715829440978,764.8688179825285,54.13506953786375,37.12625553596023,36.873447395566046,0.49820210712842516,0.2372243460881721,0.8922558586805894,6.159630545840646,0.37288660007826036,0.15200281143352976,4.554546249677285,3.557046963265721,0.15407462214187714,31.12612209590813,88.30972154840417,61.60188986246962,1,KL-1
134.9386050228176,44.25406119340598,0.046796880672057915,2.306987645686758,823.7953478456129,51.19068323765402,52.87204992037267,46.74658846209483,0.5249216162808322,0.20104465614986505,0.7949051419533693,6.072928259049289,0.36569258905171753,0.16705926658770257,4.672050074383359,2.87222991335328,0.14741867361010744,29.409508160201693,82.56305812613735,62.73649829497681,1,KL-1
124.03319478488547,26.320749350750994,-0.49800586811737263,2.978998580641276,894.4293665440152,45.54904270959095,64.47303650664678,46.87586587851588,0.53845444875318,0.3007286708259803,0.8604557194816641,5.6076945027814755,0.31256682876186864,0.10255046711207819,3.547942547536079,0.30922246233985295,0.14077326274257018,33.7836424535606,99.94754003843805,60.95053071964495,1,KL-1
119.99727908865721,43.38502421404626,0.17433692026993142,2.024570981717025,571.2858882671738,44.08467426195235,53.35491372316762,50.50731960151703,0.5267417957755167,0.18763721039921397,0.8331111608449415,5.121143538029365,0.4142741294914788,0.08993204242979158,4.385724058352574,0.25662055317239313,0.3352357667261029,29.26144996285459,95.32383668663564,82.2041095102002,1,KL-1
81.55876567504376,52.032693432141365,-0.12162853858133157,3.2119979029527843,720.4805593973159,59.995180780063706,67.4132114480132,43.881840942643024,0.5800447130505644,0.3112239809714133,0.7432354864964223,5.955367774803637,0.34240239229883074,0.13971295951931492,3.713667257109897,3.1580284283672078,0.13977394522590475,29.242904396259235,102.76436464429864,60.047255402572944,1,KL-1
107.31529480305302,34.29015346493832,0.010667576452700094,3.552471956375332,803.6044332970973,50.355908326067116,65.33998185876925,48.59747649012302,0.5653236312596173,0.3126847218140149,0.7790691770738484,5.191025276932425,0.3699986070529332,0.13706042128951615,3.231646646357654,0.6136495212717723,0.11033889399464601,34.78839635911121,95.92117250960196,67.19481231027895,1,KL-1
110.29138380196288,48.37089167265382,-0.46564812634542246,3.3024777707630277,820.4469041513443,31.929194464631824,59.777350472478545,36.82703125122255,0.50467321638574,0.17532773568896462,0.8175060983238915,5.320768038534568,0.44900915384409323,0.11868269839460228,3.567758210680329,0.23356987082643133,0.11399348564023616,32.50609790363854,92.16976251251852,47.05930504541254,1,KL-1
89.37661903928701,35.42103236764104,-0.010892457032969323,1.4602676594895418,750.7858389365447,43.361682816822054,52.74685842636886,61.5844057167388,0.3884560978409944,0.36798911637970033,0.8806146224945863,5.210292130892423,0.4004381665524652,0.15977558009483128,3.674459780426509,1.2275723069826503,0.2585021565121404,22.792462705442343,95.35074913931531,65.95597250695688,1,KL-1
100.1387631467685,28.76554157463216,-0.24453341528259329,3.671134132126885,815.0908763438522,41.884271745826986,52.225003882454395,54.00983777306327,0.48307050356970416,0.3058165576649133,0.8481861528778557,5.630749489030023,0.2935872976142413,0.07911409240646293,4.4379570962115045,0.33466232895798204,0.042831813464565195,30.165975893359576,96.59618673751822,71.63643673881798,1,KL-1
87.78745293616049,35.16620534555923,-0.38124446281207514,3.624893931402944,652.924332848904,44.37988792658028,59.6379977236326,34.5375087066878,0.518560907734994,0.3199818812866921,0.7666249588059643,6.285096167035281,0.2865244881823764,0.1189568323182659,4.816328197841202,0.3109465712127607,0.11399016668515838,23.67866067520709,92.59022440182004,58.279221259367596,1,KL-1
116.92514246453942,43.28922380605165,0.21864253432289948,3.5391290978770433,936.9486518782028,53.25328528228068,48.083293904959675,44.98204107343992,0.5427336450553825,0.22948008790743366,0.817984188597642,5.697479564888236,0.3717844774940377,0.12045133365367156,3.2410760220748402,2.1140250616591976,0.2907458272089227,29.52077275475139,93.81241544411887,42.4182228716767,1,KL-1
129.78148956273225,31.970941106010812,-0.6900831234120011,3.17327379892466,869.1153723575316,47.890440945646006,33.17479248532536,59.039217130746,0.47212660325515704,0.31234274710838705,0.9258903224396515,5.478390653786152,0.31436296925625973,0.08591094644701623,4.3361766445248335,0.17730912410243901,0.19451889503981173,29.383067535099073,91.40687995615708,62.1907858493814,1,KL-1
134.10161777936494,33.39796804596108,0.15091050572566025,3.051151451364106,588.6086655521793,48.13507674397071,56.9200405410296,48.48373664337052,0.5232354826802864,0.3425836069833239,0.8305611667420428,4.937192534977378,0.4074273373816499,0.17984193021807915,3.418981088537456,0.06655970525204546,0.19035376040288904,20.082663437720072,106.52998143843288,62.63747080308423,1,KL-1
123.72176693118861,40.56123659375915,0.1987944534211985,3.7009115185011177,620.9876342259894,59.257785290601895,40.68931370065029,46.63670247834284,0.4720210089211531,0.2690834960597193,0.8086337212463802,5.976062292364921,0.37711315324824896,0.09422396194010031,4.5024512454084,0.31359689987714345,0.3455717168114961,26.390771943444825,98.5782520540696,68.29260040595443,1,KL-1
103.04905488202147,37.01836070043144,-0.4268574702204963,4.4138107900827634,624.3693899871712,43.17831128170649,42.378587718096156,54.10488787590308,0.5524344518761334,0.39511534755490163,0.849586982037811,5.309797697035687,0.38326923845119315,0.11734979828076943,3.751361651397751,0.9338067781278727,0.1947078362358799,28.32628511790201,123.3310296660252,78.58722428330748,1,KL-1
88.51902262220061,40.507737714920445,-0.40313138445298696,2.11256762930812,831.3563965075834,63.6635962070988,52.00223947995788,59.12317042213859,0.4766526937309908,0.27764387809477625,0.8631696539790985,5.7587588095790485,0.33966284091788235,0.16223939273415403,3.4942025891860324,0.13134846654600668,0.11834510709123339,24.818549045029215,98.17845461534154,59.45957079519754,1,KL-1
91.14696950897748,38.42697724455002,-0.1642102725065609,3.7375003166358174,595.832668029904,43.37953926903131,51.0487512244653,37.76377051553007,0.49458762749036284,0.34344714802714843,0.802191582625997,5.52289069204168,0.4620691827643353,0.15438136030286195,4.604798709208545,0.6378916236383813,0.15243383544989209,28.5735497119538,89.63971035605606,55.64969501071776,1,KL-1
98.46526134118253,39.87775191730944,0.03781448418488822,2.8060263215940378,710.2770798950303,49.46358557290057,37.87924393684369,61.60154177461455,0.45780526952086886,0.2925805284355193,0.8501287387185719,6.119088609799719,0.5171296864005229,0.10175475910545762,3.772846436732943,0.9870810492960098,0.08416541527755449,31.029488885005343,128.29810449835676,53.16465758902845,1,KL-1
104.16710452946488,34.40619288514275,-0.13614199672569022,2.7712615583771196,804.5645275700128,46.50037123677786,53.6549156413314,45.39648062071148,0.5502199443544173,0.31013129197141204,0.8085555251664595,5.621381803985724,0.36107076381216424,0.1554746762778191,3.9354216291883812,1.888735186384947,0.27547496320125575,26.84703467884622,101.21351653257203,64.0846289362528,1,KL-1
115.10377253012621,38.39038565218235,0.09842498407675171,1.6457754476943691,742.0600878544278,49.73735306800769,61.66139660861048,54.784864381002414,0.4931841784038081,0.17472006394191367,0.8609663800914719,5.670536822738474,0.39265196242075007,0.14369353435974666,2.7930065474661743,0.2611954163995503,0.2209649374029372,28.122997383541296,108.1314974427138,66.33483407054801,1,KL-1
102.28753672809547,31.435761965824398,0.6301918610149596,2.647168472387684,781.0665018855246,52.30673596058503,40.71658429734217,54.574958311701884,0.6350427413340344,0.29726322429292173,0.8334846578985642,5.94287357372773,0.37987086715321566,0.20499106686334403,4.692930816854084,1.7001633966403409,0.2649531319976711,33.91712039277988,103.3552357984299,58.134756845099325,1,KL-1
122.58463840502392,44.73060173502033,-0.2780867076598856,2.0771880336252675,622.103674638149,52.220681920711016,64.72483330848759,48.67520658112271,0.5949680213354319,0.23090149392456402,0.8490983913526445,6.753470091131593,0.36201565682794656,0.14711821248204915,4.617545112701464,0.2677569181933669,0.27203871428394966,29.365982916126132,103.72613235157299,68.72946196580632,1,KL-1
114.01589745800791,33.19435169909612,-0.7610719882813682,2.5039164563952436,821.3825248076694,42.72506135503536,36.39829174870056,42.71608304643143,0.5569118505453086,0.22421610165333872,0.7870408226916248,6.1442234651792775,0.33339647661336014,0.13076274536794405,4.128274706568789,1.129380434301172,0.14186313752579738,28.00412144837237,102.6778486162297,66.2230726145534,1,KL-1
117.65818567611538,43.77308492529634,0.2553694332122613,1.99645089297748,676.4145729028804,39.766682580419435,73.17324144370953,51.571761422892834,0.4987011602124969,0.37964619106795866,0.783935680796357,5.655696946825696,0.32075160062597613,0.10930494128641732,3.2084514351865447,0.5633013212718591,0.09941977183928882,22.209603101793196,83.0249852226872,62.84585351715912,1,KL-1
134.60375829006807,35.59835823410281,0.5983258303710118,2.515873290149595,711.045639072247,68.77537432724569,47.88739569516516,74.50396370890233,0.5929416244253042,0.26217378511625905,0.8722748652329697,5.701598995307644,0.3182201367237238,0.11267269899133288,4.850621507000858,0.12180752071957211,0.17086295109535632,30.355130056944244,100.66034857073694,55.280682234047,1,KL-1
99.79652398699444,38.21199406454393,0.08210734522044975,2.5501117143812775,778.5278073487183,44.87812528319557,53.45616996826892,38.65989963443643,0.617756071147891,0.21480189014147016,0.8210301809307252,5.437570269837783,0.39526200127745725,0.11022692713595526,3.7252419681835254,1.252685091404338,0.10517911433691693,28.650749746959693,80.35166435379713,58.64508547612222,1,KL-1
123.78056867438552,34.030212694655795,-0.5100994701414673,2.9524039347510405,762.3693865837017,54.343699509375895,33.0796642751433,75.3077562292585,0.5739150729761304,0.2534521023134675,0.839251737104968,5.2250021482401525,0.3490162760898182,0.17613296441735768,3.8529879299396472,0.2455970276581943,0.18819655003272195,33.41869716850704,94.15764596304959,43.06195761853964,1,KL-1
117.2904015728589,30.904027412991827,-0.12455694529408039,1.583200110166935,752.8776022818712,35.88886951581443,51.378639335306914,51.88334594708161,0.6907961484373545,0.19697298626468515,0.809680228645674,5.42362460646684,0.24608535749297347,0.13553909745049414,5.5122264338157185,0.19434162040882627,0.2655677504667751,27.234392716516556,87.54259052124056,64.38629651358427,1,KL-1
112.49770578545457,26.531437674368192,-0.522409393684653,1.7185854818037412,659.9247813627893,46.51309824076259,54.28482177718192,55.42445700506367,0.5992709854459852,0.36103306809177615,0.8699363387006821,5.313925518144029,0.3972429110299161,0.1519574137192419,3.7028181335344623,0.44367010587445,0.16154882831606662,17.91866749933002,100.53964223018468,62.71073030997948,1,KL-1
130.7788448129894,30.668055048445243,0.18214219758517905,3.1645314165844214,714.054070656097,47.732404928140454,51.13837895900505,41.959470263383274,0.6355885774054427,0.23325915535000907,0.7946095009985171,6.026684191897943,0.3730869358767922,0.18042742799942663,4.570325977455901,1.0592672892756547,0.18699960719261913,18.49939565585869,100.25951496805881,64.0078319287159,1,KL-1
130.6852123183551,35.056546880704474,-0.6155161610793738,2.237049506343921,750.2620309004443,52.53252055942266,46.36918922947626,45.74476699987023,0.5731852332428783,0.30675799603662013,0.8182199380049558,5.164402571065507,0.4423336500700573,0.06424607573377607,4.46225535724957,0.26656851237303536,0.16749235070213067,30.678403818798667,102.02375068918224,66.53455212451648,1,KL-1
103.30263806017358,38.2712750729733,-0.19505151473128002,3.734623832183945,584.9897720199498,26.97036687206449,42.53435481472185,48.96508419954377,0.6165531562605582,0.35636640285261945,0.8642996406351565,6.366605280690022,0.39365611985455046,0.17336621294101126,4.359103315728051,0.2029262291112983,0.23921820579501582,24.149032011509235,99.69755887298905,65.58657189145778,1,KL-1
114.76759124213115,43.062275879699584,-0.4767351305175626,3.0552157776120374,694.4960440423945,50.079124904626646,63.30526619537311,42.45166034946505,0.49875750138646596,0.2449908391271162,0.8836483849582133,6.076023191809415,0.30106632018448515,0.13666190735350003,4.294200325532707,0.010003494236813697,0.12157740845693679,29.183838755552486,88.96809589856322,61.616934554831715,1,KL-1
121.71817523876098,34.325455241218904,-0.024270125946015263,3.360409720165126,796.5215854839415,39.552068357056854,52.3080713499795,52.49298451154954,0.5258281309429765,0.3069213459363671,0.7988120354486657,5.710250864683834,0.2635161679635009,0.14805145114921334,4.350833137133519,0.637983271169984,-0.0007157009314479416,27.57116322251178,93.11795812777984,62.88934434530202,1,KL-1
113.40489877966124,31.708235414396956,-0.2215366708551031,4.0035538563367155,596.7076075385589,51.34476568955939,67.40752376516772,50.115809298318744,0.5904490842785903,0.21319483670573416,0.9229841990977941,5.700159305732535,0.33902638078310315,0.11014790334755248,4.288164354564324,0.5597455426547719,0.21266950875003046,26.165801661530395,107.29475393505382,51.26546866643064,1,KL-1
126.27531998431698,28.343711283983726,-0.004295158699894471,2.6272313505547418,888.7897981913088,40.4593664252947,46.73517645205077,77.2093737092288,0.5898679585245905,0.42174617414682103,0.8406620846846807,5.421359345192724,0.3437446289653174,0.11234626804654446,4.093848984734364,0.2664004657084526,0.25402675370463945,26.518193572058884,109.0642801275328,57.83023483448459,1,KL-1
121.71788026865413,39.880381707424625,-0.06605977801345375,2.4154106356669796,902.3535915119811,41.90613843259535,47.65205306627783,41.00830977183447,0.6031089458354598,0.3311828080769973,0.7728535869095631,5.835042205673882,0.42215796005000833,0.14966537669438965,5.031769874466446,0.05514508619046715,0.21070993958068285,22.673052474773865,82.4886028164814,62.90376842946769,1,KL-1
144.9884186053402,45.29916709197606,-0.4696636110896442,3.572362068479051,600.5819308847897,46.56097911685386,60.15594244596163,56.23228620098305,0.6505314313822983,0.2634436136743516,0.8434526024294984,6.244046231604295,0.37455645338552135,0.20653793400994408,3.337403663520433,0.5608142863905765,0.12378156036255887,26.921111555501646,77.87886840984824,56.61317139270112,1,KL-1
94.54581296105319,44.59798160773773,0.17575082541160875,3.282610851143749,912.9143559660167,40.331364243174434,35.77025037996436,57.9741553828219,0.448502306254767,0.22862997614666214,0.8058500392758271,5.348421768872093,0.4316844249049254,0.16509939938444704,4.7378748624092255,1.5521369777001068,0.08419903214511447,24.077532836028006,87.52732740154346,69.38120636698036,1,KL-1
115.66346015378903,41.259596488883425,-0.09450626073724613,2.7251357521429593,732.7702093545439,44.94572442611716,39.86536639847077,42.15615341617795,0.4845437961911763,0.2681602068296224,0.8467034243591588,4.933303955540635,0.3087583472148683,0.1729656876425562,4.618405379212531,1.256256523503557,0.2145598025424257,25.138717399371476,108.792490984387,57.23094335235976,1,KL-1
103.87246232731714,40.83125990360559,-0.4704116031463602,3.988166373564754,800.2217470988465,39.202993851653474,62.97484971353163,63.24192994543406,0.5808658112859403,0.2546009766589088,0.822857187616983,6.051609127428372,0.4232632192190224,0.12923996189215742,4.544039472797641,1.971806820981003,0.18631831623477388,25.381754776454194,110.8286083621964,64.23044328998652,1,KL-1
126.56161183158567,47.18574267825605,0.8213706224823171,2.7052045521280554,690.4018737446104,34.08463638641018,40.28066070776805,50.22007584542046,0.5045509094557231,0.39217667323997035,0.8287136845095072,5.8621829871219004,0.411049457671546,0.11699387326243116,4.795187656584077,0.009628897108816783,0.1649365897873336,25.866533650506405,85.15345743518594,63.43252525452269,1,KL-1
93.24242164931684,38.99248876850086,0.1155720666868499,2.901218910044625,860.7653792672114,56.893656419434876,33.80948984697452,25.091324181003195,0.832721459303149,0.20146791666710584,0.7794203311706926,5.139900599279411,0.2740882944284402,0.1115758514526302,4.069440362838964,3.3938042822329297,0.32079706743950326,31.61086728253543,99.93771224483606,68.47022074888328,1,KL-1
122.6946906533733,40.87677805614503,-0.13630422135972217,2.8919781206674067,798.7312822618401,38.38161045740857,70.68527188073091,62.91819534525478,0.6037575695336109,0.28308808539741215,0.8745030615358179,5.333304314542941,0.4411308920630386,0.12035178825909937,3.0036155545038743,0.41765751326311035,0.09925599246549345,26.351045853976533,118.26317599768105,69.70632939222642,1,KL-1
108.04927352977488,35.07529682888801,0.49108181068072937,2.127324884081223,652.3016092082876,47.32055289913613,38.06182352125794,41.596709390771636,0.5562335320855875,0.2738997160019774,0.7671936316424484,5.27044786297493,0.37967292458831764,0.07341652700488425,4.081624404171309,4.645762633102698,0.31700296169019726,32.11851168295049,101.233737726884,68.05226088774351,1,KL-1
106.48757200818478,28.827739774871453,0.6617262437546428,2.9370683115891127,610.1757600041653,54.77312865195028,53.8411939832817,42.426700646330815,0.5212624581532913,0.2679553819793078,0.7695617552297502,5.337733865482876,0.3946022251934253,0.11325241971325195,3.5302834694252674,0.29118080000291574,0.1775427123896512,34.68927475663241,113.30803942279712,45.651950388934935,1,KL-1
95.80252694688969,32.89690659700254,-0.13313976892555404,3.992408141918793,574.7637077748933,43.830447179871655,52.69085192724271,63.25482499470878,0.5240870173445564,0.2684830007036994,0.8433680174573743,5.538158622979406,0.33175519437857887,0.11818940531820471,3.6858844740851615,0.6377813267105521,0.02815436185033001,31.274723255280747,108.23471884099717,72.05318518410502,1,KL-1
110.52386080698491,36.94504576879207,0.06395899457390465,3.2309746523009406,772.5530131719307,42.1486728020357,23.89371683381917,50.8340622109786,0.5649112529052142,0.26803575139277097,0.9051422123588985,5.5667263478596265,0.43876235064609864,0.1297392547681548,3.379548195700553,0.4368438257003304,0.16066378765446873,29.672342675342556,85.32761552526507,74.71846579355679,1,KL-1
133.76750795436388,37.364712235007815,-0.4702011272011764,2.8998507411191454,818.6965694135683,50.55990470933937,49.32682976832191,66.01326580661801,0.5714585546097006,0.327383963979926,0.8073703451467796,5.37460317246577,0.3157073835380565,0.13895250329241876,3.8385930849336996,0.439685061321464,0.2517596861279553,28.634161047417603,93.97022291803506,58.643005725428246,1,KL-1
117.12216974705781,48.55771512913236,-0.13387710030720462,2.7455861750674644,828.115881453533,57.693470581817216,56.4841324947911,69.52199314438383,0.5259640684245189,0.31153906678954607,0.8600486161351982,5.320918090250037,0.4166046009186973,0.14587352605876833,3.7670257836099306,1.8469472768594704,0.14579559737560233,31.32679354525035,96.66705373950218,64.3931753013828,1,KL-1
126.91520626811712,37.48766300554641,-0.15462502150394797,3.139693622725081,735.8422686471147,39.395477879308245,55.543093815188605,47.26085847613243,0.5406478202784079,0.30013469668236714,0.8786670088431773,5.58560782804031,0.41603037379543356,0.13455223882671122,2.698458102043739,1.3720717427148743,0.057017716700928395,27.4468036929812,97.49960065625608,55.37334655895374,1,KL-1
142.46962732949413,44.073060664153864,-0.001069186551338404,3.474813302791348,611.1604253202763,47.54881734386049,61.035206838035016,64.51914995146036,0.6700427660187677,0.09296063827128384,0.8657342218647034,5.7838457674297805,0.3262916285913889,0.1175567074097173,4.545133146769373,4.8474245957568645,0.1618388374563064,31.922849229785992,107.24594744126286,46.91297194614279,1,KL-1
121.45633377233864,34.389536550542104,0.05810419145480414,3.3623910647118023,668.1510242371461,34.89004324026138,48.12508685094566,45.934470383285415,0.6732603970120827,0.2929876924497898,0.8094395855413159,5.5418517318175775,0.4741686799711287,0.07609924070203439,5.457193114802929,0.9506614005960831,0.10642621008866353,30.070529026448423,101.1542171473049,56.59027787566091,1,KL-1
109.1180064190649,35.129944685408596,0.14893137953122398,2.6095081105424165,888.2818366754311,45.60439197054248,59.125044420921604,81.79739100558612,0.5826627183947901,0.175661638389795,0.7704476641402962,6.279333511670651,0.38657642401087594,0.11774074174794621,4.488742316097773,0.6222351467134835,0.214345152087037,25.20079769609806,61.01558867466262,58.17888768429112,1,KL-1
124.50878322774184,29.02595417665931,0.020057062519983643,3.1348252752880916,691.8445722479902,49.0236374763046,45.10670931919928,46.68451594562542,0.455199221821061,0.3137792097881495,0.7146226217164322,5.954043857210394,0.4076946305135512,0.10582648086938985,4.0032456260794635,0.0943918508390544,0.23687198528540893,31.47925440051403,80.49591672288729,59.66119414918548,1,KL-1
109.33555780528562,32.54603192274057,-0.5592970506516659,3.258951792918623,767.2101156817771,41.91300286595948,37.89532583587225,67.31304929152004,0.6055802525311235,0.36346984205423083,0.8118579750268803,4.904577071570652,0.2986439602332122,0.14898200244835813,4.092152162594271,5.672696542136989,0.09049836738015148,27.457400029887843,70.00142902028749,54.8286872799521,1,KL-1
109.93365975054246,40.161888348182515,-0.450386842296434,2.069244009978417,620.9219419710136,45.09406532939815,39.02271624318767,65.12548031057891,0.686842595328882,0.2194256532446869,0.8839043684281087,5.961863882706927,0.4808865001504283,0.16227862190081083,3.8724084791920945,0.8019149452643893,0.11853567559074803,26.46933996193842,98.354382887864,56.63259866546209,1,KL-1
94.70160800571523,37.0453610823648,-0.2935630477854692,3.0095844329469554,790.3899654550842,37.484185853540396,37.37889544804585,58.79305386530721,0.6720824881569903,0.2592931566594376,0.7687917007619033,6.002771991292791,0.3137721529887455,0.16315713201179818,4.179024950320175,1.2055656378457864,0.235531397208555,24.619004198005065,99.13585179361313,62.41194942697274,1,KL-1
131.3938623662659,42.6576317193834,-0.1878962367692916,1.1459568909581104,695.0778525985106,49.366628891051946,62.095859678911935,46.953482062999804,0.6212540682247734,0.23903865769682014,0.8600104923759382,5.482632515937905,0.4262443216382965,0.15770858208383462,4.10279514355606,0.5221265513698565,0.10629245773608326,27.830094239372862,99.64869950332863,56.338184135118865,1,KL-1
111.70996136525841,38.0875236900703,0.34530971618884554,3.261026967856948,875.6055256530916,57.195553991065196,36.85426490941443,53.18323009670309,0.6762938364228658,0.349125906545408,0.7774923734974063,4.952401206348422,0.32526141410341525,0.13099422793642537,3.6203709417610233,0.7934443326597618,0.08842734913376038,31.98231307706492,84.7428607874246,66.84819466040022,1,KL-1
120.23147368723794,34.885277610173546,-0.5401755947411653,3.403274443650145,842.8269247448176,39.97284904183629,54.74038840649303,29.156942644665378,0.5667707417983218,0.2807016731163243,0.8303036288193418,5.704033379705568,0.34405055985761585,0.11934133303572311,5.134733033368699,2.8573231047713064,0.08070470945629961,31.444700027965187,104.33972806143987,67.95328521117952,1,KL-1
101.96057107090041,49.88978118272175,-0.21796601926828,3.4730369006291677,690.5152864110121,43.76862586758094,49.34075805927567,57.69304046058701,0.6127482375866964,0.37869976283397994,0.8603895807077508,5.6961456742588785,0.41443770219427234,0.11258691738998802,3.2327074585741373,0.18202492631105,0.20316308903664962,28.766968987294785,104.84514995762235,81.54310196931591,1,KL-1
124.03921444573209,36.43657858772172,0.3062037992856199,2.558962518264346,734.8003167182804,52.77036997163346,50.973514265493684,59.19538397234063,0.5080379546939856,0.2998252521768432,0.7920252281580785,5.139176881733403,0.42637763568375786,0.0897750325019475,4.555998925916548,0.34583757286008127,0.19973261756139712,29.998218203625175,81.18821119353811,71.5054394569877,1,KL-1
106.07088142797375,43.97800581823182,-0.19495098979864492,3.122237468019228,683.8660511951246,58.44672575458189,65.636072951997,56.60199302873646,0.5858812364924569,0.28954701083814915,0.8335242340348457,4.974390391870032,0.3114357875442949,0.16475561101523573,4.064281423609481,0.16494507937131336,0.12027631756967665,33.35848395761279,78.65754158261353,64.44482446662731,1,KL-1
115.37436917447263,34.59274476073193,0.10916625993712963,4.014163076432934,579.6680164145988,36.80448150232855,47.61572632784726,19.320325944489312,0.668862739517642,0.27909240695617016,0.8042454331637335,5.65622322677328,0.4295236084528497,0.12975866886210077,5.265499089039447,1.5712557374363467,0.17540683169025872,26.250168544145694,96.24841976527675,57.53788562665857,1,KL-1
130.6673904685869,41.2575968763014,-0.13081681717116142,4.006015718633007,647.106908454334,47.399722100672406,58.116015615496835,39.81236265892227,0.5153461270810488,0.32407952595544015,0.8602574329469088,5.583461403974589,0.4272490247566597,0.0976097911913738,4.329518759548932,0.06405358318893875,0.2971705907324104,21.42289998234897,117.75138728336032,64.84997881339198,1,KL-1
129.36138968348794,42.56809395491012,0.027713302929889133,2.8516618406187515,773.7860793264985,51.0150465785562,52.37563351381112,46.02290820581605,0.4935845256428571,0.17073882810527938,0.8367658584242318,5.491367317338804,0.32810232955775537,0.11020525872869297,3.9090566776900513,0.08515671595680521,0.09707518744654225,33.505649260892866,116.6469129063837,65.11276767933084,1,KL-1
117.16954891224589,38.250951823453484,-0.16638901752381624,2.9864557045836477,789.0311397875498,47.93354887496922,50.47981094367302,58.49990719826855,0.5702991151218958,0.28012063733123055,0.8278253837214633,5.65829463262672,0.4549323796795555,0.10899079630702345,3.976375680939302,0.3545259871546211,0.018860591279164025,24.35110873984641,103.01085232537663,58.393495287954714,1,KL-1
90.97803450939922,22.873102463820388,0.1918261890913416,3.7637289157875466,767.8257484311167,28.935663464983303,74.99969124386473,58.47206686771581,0.54436702370208,0.27079721337632207,0.9029174980070989,5.148611813089841,0.3021571185875981,0.13629073455045382,4.148944016711857,0.7219339336054662,0.21140604605762964,23.548309383280476,87.49003994103909,68.76985117402302,1,KL-1
162.3921585509096,37.10951476513668,-0.6930225629625741,1.6743583877902601,713.7920335249637,52.758720074470176,37.5865825428463,52.95731449634585,0.6144318176856336,0.31852512962946594,0.8581153071184151,5.482589693566943,0.34376137086111924,0.16702403553212058,3.4393255830021596,0.5213386938691644,0.16616790688787292,18.019011223327244,106.89211191386302,51.315215882545,1,KL-1
143.68788455409705,44.38276028655985,-0.22032480335541804,2.61653940585838,861.9679926865182,60.90469080872515,64.89131835437445,62.62294643924748,0.5262392379242367,0.2637379036475578,0.7904824066936855,5.966662515307174,0.39895013120459943,0.12456031351213251,3.664878284929253,0.04585161214998303,0.11819799305479188,29.856415265821482,90.8209088222915,60.544801315699914,1,KL-1
128.34012237332448,40.164884998166386,0.04362907067772325,3.9434563644294056,757.6250285473125,49.683294009356025,58.56406565489972,42.6850914963652,0.6999751692482171,0.21267593395023976,0.8207068049601118,5.525014959824356,0.3323216857648697,0.06742399455649054,3.0540336184848855,3.1580525844471947,0.22716641898839263,18.892736877238892,87.03991555991428,66.94686767453925,1,KL-1
106.20194327613544,39.67503325137548,0.13847809920247717,3.6551604333478127,834.3904593715137,40.50115157364589,47.20475005368216,62.32282006832796,0.4593259121631155,0.2754410404951819,0.821205060746017,4.864013764103724,0.38819095428396705,0.1293245899452324,3.5712138609755435,3.0548353611002708,0.24213801157350318,23.248705961541315,70.52239802053607,60.19932681926323,1,KL-1
115.79611757447053,26.666458396254885,0.5221810491015311,3.1704110221199238,537.1469841356977,44.64498202908574,68.29318517441612,60.696905258078694,0.6627987828975788,0.21002956826789937,0.8290159786312605,5.463653861138214,0.38705380394016475,0.13031418299708414,4.1813438889962695,0.32761047084905837,-0.0016622415904074266,29.941183972575292,97.47858638017183,60.84596477256583,1,KL-1
109.34869355335225,32.677269575949644,-0.2314098667462306,1.6703340757355036,279.3119698057989,62.909304541244744,33.51889887611463,59.53065679405493,0.5013120617353517,0.15948426724475084,0.9512254638303747,5.16492076824657,0.365646286503864,0.12825239307193437,4.305105029570712,1.3149997709569612,0.12279216725348092,30.60960626204186,88.6915918103515,61.39771311046176,1,KL-1
136.45783908644583,39.468145786908636,0.5167927047443491,2.8350718135670703,784.0545633405696,56.029700326884466,46.782333427009284,52.815514826972134,0.4188213812332781,0.3186273488891295,0.8435425946355498,5.8335681482308654,0.416620026929528,0.11617616500572896,2.9374021830021584,0.8641144294880964,0.36040129849574837,23.741479258908832,97.40716455434205,55.815190074498034,1,KL-1
121.4375433627775,39.46229966072135,-0.3386095306638683,2.4030676830000535,579.0281215534212,53.870212947074634,39.91517795730924,76.96892589797514,0.5815300125079094,0.3097436943616802,0.7232048714947612,5.859418701690213,0.36358196036711804,0.14152317242177528,4.04267297817348,0.27112220704058726,0.22167239326385527,26.329233365037975,68.65770764515526,71.89120745259366,1,KL-1
105.73754212460251,44.28800068079742,0.4564585646178576,3.1398311222537707,724.5057956744333,51.60130066827501,56.1208346487146,60.91834826187854,0.5421313611188893,0.30302545663961444,0.7978600514141517,4.870612687456985,0.38657705344069027,0.13698423345447006,4.46304597049328,0.30404393633793875,0.22908829106377196,22.637027367969235,98.28792007100425,54.35569862461748,1,KL-1
110.43867351312826,36.13079946912343,0.25198685067934895,2.2275226521640956,713.7483550770473,43.46090310247222,40.869358988128226,43.37996964095729,0.47373125056775756,0.35317570531674863,0.7283813956252095,6.079506485291095,0.4323235938743951,0.1342550905762006,4.027252683974258,0.6756082395683323,0.26883154229051826,24.258016060944087,67.07654603234046,65.04527461927908,1,KL-1
134.31782213854856,39.43494452004288,-0.44038343185288914,2.054421284020314,940.4880722898645,47.14543055475385,56.33063946741319,57.97966570883181,0.4279898486627789,0.23509808658176445,0.808510087147708,5.143906849360721,0.414534310501292,0.147379240843289,3.7447268125333197,0.5434124220008771,0.17636550601597809,28.331076300764536,109.30528303922263,65.80918318625899,1,KL-1
141.50146770230717,37.098245451587765,0.04781569490072874,1.2231077778530866,797.9995863532328,48.126618114571876,50.135635841784456,64.02980052489062,0.5618311370182835,0.18913315143372467,0.7256344885136785,6.479591145241176,0.4143008645407104,0.1221050153055644,3.8777033129710716,0.34422325784877505,0.2387347328073296,24.491766606017713,102.51269480962101,54.91102479032826,1,KL-1
140.42497345229367,31.07834358099066,-0.09549433421287663,3.8524437479813614,769.9030832158408,53.14659452851556,47.20646057343916,47.94269681290829,0.6405669513299054,0.2707982133915173,0.7814204764465785,5.675611867749692,0.317541019889161,0.12040242990898041,3.8005419870136667,1.6477193676150608,0.2324449635069762,25.778924799121654,92.90602274290495,63.084834035045944,1,KL-1
128.85548097580966,23.465252013431517,0.17523383747000007,2.555183590845554,850.4389385560409,60.82135115413523,55.88647246033311,68.07126696317319,0.6092962794469156,0.2541499820176453,0.748963923518294,5.0768032507304195,0.4012396287750661,0.176403698687562,3.7429616645351658,0.6567437353306069,0.2181233197402207,19.676466591912167,103.00263832098496,55.22294261804238,1,KL-1
113.71062696796045,39.58605815278046,-0.1643086353733238,3.000716626962028,794.2197104206847,57.69670509434502,49.31378376061936,59.584404468592126,0.5670365319071412,0.22446225699379585,0.8442080088983739,5.12900696465366,0.33107506045152474,0.1517806622914631,4.229294115146909,1.0637705600258047,0.14923904235060761,32.664780824030686,84.51310884803738,73.62833980044756,1,KL-1
68.87729262006319,38.04368325047687,-0.1978984902646926,2.8732095068206553,695.0787608413881,37.394925153631675,41.11365156940961,26.890259948015835,0.6008078058574188,0.2702090507907322,0.8250269681314439,5.874047645893673,0.3109292510110987,0.159808381828284,5.509612936641271,0.20982451992911197,0.1887647137893007,29.55033296585533,97.11850618737871,53.389736504190296,1,KL-1
121.95740035712332,33.29094974739898,0.47263783310514057,2.0210528536316,878.5771116305472,50.54195975120839,80.01372989634979,58.596063728055114,0.5603228694097714,0.23830369122772488,0.8401481153749365,5.5043500550508115,0.37141468268575156,0.17178313756002206,3.67878004985689,0.7625136843740911,0.12793107485545774,30.96452685918601,105.78728846152403,57.26882324614429,1,KL-1
117.4725686173385,27.284961660904813,-0.11448835778226919,1.8677480708414451,616.8299846534071,54.644106761343174,47.12832816970855,50.12765014704742,0.4481220605575703,0.1648396829985901,0.8197724305715737,5.65167304519093,0.3297852406674205,0.150778325418744,3.934114420403144,0.38269050364184326,0.17602514436531957,33.45212662308431,59.11852901090332,52.706199933155354,1,KL-1
119.59973144482032,40.77843708645243,0.2555689296767065,2.0707478992022113,788.7896625040274,53.70088264115708,29.823909198479853,61.44615777450083,0.44882848118212454,0.24852939855237435,0.755285112489779,6.50639011634852,0.4145308859419989,0.16285166037408513,4.093981236374861,0.7474209339901512,0.0815207286320586,22.873935622271418,90.88330768386972,51.638410185059584,1,KL-1
118.3084602054981,35.404479554826686,-0.16514059401767994,2.2964652489364856,564.2916247036427,43.716129892900646,43.579013102786114,66.33057808302178,0.5462465176812257,0.20681748999776853,0.8506760684627367,5.350377967885462,0.41572677298476624,0.08761964513789221,3.7125873393850237,1.5178885840055494,0.11175008069816379,25.20802758485988,95.97827043836351,75.22972232705834,1,KL-1
97.60606757076265,40.34124833420887,0.5916653036910094,3.168284997611044,774.4732629019194,72.06287372614689,39.327233116272694,57.341944565701816,0.549647737090714,0.28889888429665533,0.9211112280134726,5.729981428847854,0.2798686881784279,0.1411246161598808,4.783941482114056,1.4649619251324915,0.1524150366460056,17.525828162088946,93.8944765870508,66.8421973913005,1,KL-1
125.86112835276778,48.18429118247055,-0.3463338517341974,2.238425869183511,773.1587570127515,38.53332350135105,60.26145616040515,74.98302680733634,0.6305786142805412,0.23563791450556068,0.8454606289303273,6.409922243686527,0.33358487302115547,0.12951844614557018,2.7024687760161368,0.4372974404246556,0.0995035654855939,42.70211455051118,113.73522191472887,63.62234740560435,1,KL-1
126.98324471047775,24.15141471808177,-0.3206574124988739,4.272192505275697,951.1745954297595,40.0844924266716,55.21652659591586,52.85551738523805,0.6230843379019798,0.34169788844846305,0.8037037700341216,5.8352567377332,0.30201066640410007,0.1853305227269943,3.8063644977727944,1.185076198714846,0.13459861834038586,26.25207342341312,82.76318650092539,57.24738429322463,1,KL-1
127.73508173089489,32.802395147785816,0.5348068724463613,3.6967208287145206,562.2031327869864,50.61876065009261,55.987128017903444,62.497813876646504,0.6109106412607159,0.3712319640360719,0.7535966411947277,4.896698632320997,0.35186853617035546,0.162829365954099,4.615988241791977,2.8351443639783973,0.16188592185955872,32.19363949957456,88.79608907865725,69.76089448837415,1,KL-1
131.6986550536008,35.74374632012852,-0.2529785563581012,3.5216876397325665,677.8935388975425,65.68442443971082,48.29977534162756,64.65931088364817,0.5400773829538256,0.3157628823807143,0.7795966514620017,5.952694505866068,0.39775878349344124,0.11608664427620462,3.94854341496682,0.9826157276073884,0.20718098757315018,20.809194278322707,73.25957168429862,55.90622048506037,1,KL-1
126.56077467382435,45.728957044879905,0.5654297224657571,2.7792728780214797,848.7218911888973,42.06044119436663,49.206497529430784,53.83184837328721,0.45204782639118885,0.18193842908100077,0.8476519828286029,5.118498571108278,0.3628855950910806,0.14618382475587618,3.6324966246898254,0.16065023351895216,0.2509405841482327,31.98194212821505,114.37343981527775,68.84911435464082,1,KL-1
111.34955882691634,27.18158188476109,0.2817362318379251,4.086424588576387,790.238070767677,46.62337307482406,48.290688963923316,64.34529169573338,0.5954656909652819,0.36531175993274234,0.8786559013399687,6.403403764366483,0.3455120379666432,0.1400304400034772,4.389454052663258,1.1385241639697063,0.13789725028975136,36.28795438324833,93.2945182886944,55.51990978715491,1,KL-1
116.43744728125864,48.615166154083624,-0.1368598826243334,2.7005954951031006,771.6366061605004,57.368349384125544,51.1880681586453,47.863924154053976,0.6045135450609734,0.36954322702242587,0.8380433087360988,5.288566197501011,0.44000882634065697,0.14862994299456686,4.668805941238292,0.1108247355186711,0.2818083693814899,26.698596254860092,90.98909334355952,57.34393838499462,1,KL-1
118.86687300880065,37.81513540939774,-0.8003173888068634,2.849990868676603,635.2637156449753,48.60710276089813,60.35333435364835,49.92917897174538,0.3714174830017851,0.2761274306784764,0.8649943644852991,7.1847547538728325,0.2597571413701856,0.10443472591876045,4.251381267129035,2.0565879559844844,0.25008888629003945,21.945592517051992,95.62020781227143,68.56625908894337,1,KL-1
119.11549173659928,36.42399602959685,-0.08272732170873429,3.0109796317994157,679.1017982290285,46.07316916375763,55.36075412505346,39.25013571596425,0.49575294507338696,0.3543755696201319,0.8603839122013621,6.433687994163839,0.4368435946759112,0.14580049395714675,3.64426778411227,0.7270359650107976,0.21532750655551533,26.30601799527232,103.88482994116389,69.41061875324614,1,KL-1
132.47326483957593,35.81164142068656,-0.034347978586630135,3.436458432434675,899.4049209867908,53.27506321509376,57.00112829620867,57.89690939644056,0.5072156498084883,0.2418994917171993,0.8503267195692958,5.301693715186011,0.3477855853422257,0.128155459521353,4.398721991491046,0.4863618768944036,0.1872919303437295,15.866192375213869,100.4183608421935,67.27978347117408,1,KL-1
127.15503129533737,34.38242180691983,0.3918870933217492,3.384526463202388,743.8188967495287,50.930143921836745,56.995589082492025,58.90302011025213,0.5719680160898749,0.1630252439090246,0.7920763202369372,5.710006902500806,0.37109454949436055,0.14347349292166803,3.883770419835126,0.05869598963897813,0.2005296673494833,26.81056649489079,128.02461056268504,54.10260707394564,1,KL-1
148.6601515935493,43.28870055561493,0.5603788704960447,2.4948997772443176,795.0431635373368,56.99351028509433,60.844424373817375,69.15115790295076,0.4982311653787445,0.22938293368270435,0.8336961755987575,6.0768221408167316,0.3486318331139946,0.11326844504633492,4.572112129136297,0.4793006886280332,0.26996409205331057,31.10483569656498,101.69723066084529,58.92618507421737,1,KL-1
150.59703469827008,30.58887547550537,-0.3489948716574991,2.448605024459237,736.1774005468225,59.08175111252291,54.88150041540255,64.4936800522706,0.5594492344940287,0.3787580519626853,0.782581109805893,6.091830237113354,0.45214440527695593,0.11744810485810203,5.0149553309139545,2.3351771704997546,0.2728863727807419,26.82121177813243,90.66705484997102,63.755189929588106,1,KL-1
118.69474373920887,39.07248508986312,0.2454727055952731,3.3869223657216674,608.0297381700282,51.20602448004289,55.588480726789186,51.582453320230805,0.5456572047717606,0.18553520458331157,0.8258714476479051,5.921168129988099,0.313451075159737,0.1702152606110011,2.5616539465868806,0.02120626815128505,0.28179573827069143,25.579302226555164,89.51371914971263,55.70575230471926,1,KL-1
59.95016677310946,34.694910005758146,0.2311608624053398,3.4471892671129862,862.0572511289996,51.08386180302647,63.888062411931564,40.86184375198868,0.5497680422769817,0.27497127691588963,0.8415431765533455,6.326079518483056,0.3755868184860968,0.10345357324979518,4.1916404839173795,0.643687065204229,0.17830614655016025,29.637840580560166,91.53689257099829,73.46770208103435,1,KL-1
136.052486991909,32.42719930891541,0.35436508096417807,2.560319100141702,810.3878861438996,50.462887858289065,45.34954081996888,60.194204830239684,0.5051884565039403,0.2770486336004127,0.9089391903693427,5.6385155266828155,0.40137193259299986,0.10566736796873856,3.083559637831424,2.675942578659832,0.21939737319988903,30.02012423474776,78.22795690444194,43.284424448395626,1,KL-1
109.39435491519419,52.51585105410337,0.12447596485421779,1.6052495442572368,1026.6764204840626,52.6630444531943,43.44257420048493,68.3290380689757,0.5113811956746658,0.24422154536193127,0.7595134012816184,5.516641165711984,0.2944498616057416,0.13345256228353267,5.5900731511978625,0.5022640451741242,0.2824837205297641,18.700472187474087,96.72837048989904,56.27008387704678,1,KL-1
105.47774117253489,39.51430440852076,-0.8519990763847081,2.709147123193404,628.1302344419346,49.19136510297171,40.14078400813144,64.06221968564732,0.47607863521754457,0.24838870400977306,0.8490753815495652,5.526568006037695,0.3290050914776923,0.11184328874442137,3.844125279722286,0.5589234806941562,0.12510271720668856,27.44411481139394,105.651617274507,58.42346797704135,1,KL-1
111.5233208751595,40.679593267966865,-0.1371689730111039,3.373820639060687,848.7087505440577,48.745132141421685,53.82914563620256,68.01373029828746,0.5929053952459066,0.27933494805417214,0.8990618295811798,6.129186615986064,0.36759107332508856,0.10844914103211604,4.572823945095223,0.8640779914046399,0.14952665170253568,39.17992562114622,88.88963679252117,39.74845068182586,1,KL-1
110.8003542977809,43.826660684011976,-0.5372830299667661,4.3193334771358245,592.6147240755598,58.32301696661794,33.46267758780877,52.45732562562109,0.6081882102873095,0.24127025948391634,0.8629423882919398,5.882590520151323,0.33066674826578124,0.13815227913624886,4.103809884243063,0.6216404940326739,0.17628293304107825,20.32491877175988,86.56143932459067,51.330166958110475,1,KL-1
126.68404715158088,28.471900328088715,-0.15604230916722955,1.9166336301274705,768.8815881207693,60.878929442840345,56.621540960596775,49.40057238189225,0.5008505639899729,0.1896764901699241,0.866647272141252,5.8456418328451285,0.3342204114390425,0.08984802429288886,3.6431492515685644,0.18464628637008612,0.2469678990383525,26.572905835834668,114.4413417555308,67.50231610033654,1,KL-1
94.10846331310663,47.51375145473219,0.3170016944535576,2.533742997735541,867.1807906875797,36.68957644293263,50.90806905499447,46.157183773218414,0.6841512076813636,0.28790191657660735,0.8543847450933906,6.0976171246285915,0.3575068668461781,0.10476113295259087,3.571768171693544,0.018729852775844495,0.24821377205748982,36.70873061025851,79.13220212054603,62.74226909242371,1,KL-1
101.33418881312598,21.946256929029545,0.04706033434998906,2.5634771507796987,501.3437860684216,48.830169213924556,63.346396998210565,54.32924240063685,0.5373318842046361,0.3394019949466983,0.8899167244887708,4.674473796073073,0.40747906658230865,0.1966228674877093,5.076407503860455,0.9411257281710284,0.15653087110416516,32.52087578271838,71.43617948227238,75.08508817634322,1,KL-1
122.64737831296125,32.387401539768874,0.3842363465589731,3.959644271545201,725.4081030910071,43.24044453243812,45.280826895350096,54.05691044837417,0.6849148499037249,0.32717435111920523,0.7706260915943816,5.8550344119375755,0.3578641111560928,0.14878425176907029,4.698562836106986,2.5358621529110716,0.05431124364962317,24.433016596119693,82.41517667623141,74.86181156707855,1,KL-1
126.84416045619962,34.2458099609266,0.061701568285415724,2.8470467996330937,682.4148319148856,46.26222826811142,49.96681714582493,57.48013154246939,0.5111298260934717,0.22641587195661128,0.7557036667014876,5.809284444436858,0.42892130972364734,0.11260309943190268,5.291150452426538,0.11245689441755986,0.19469471554367737,28.03067689811302,77.76480739450844,65.96437102883158,1,KL-1
127.12312467404018,40.49034018982304,-0.5943303758675611,2.1491387525021874,665.7651242045854,51.97012967788257,63.22203333293369,53.448430515573904,0.40037377787204514,0.19992632507733943,0.8246832929767371,6.534404040650353,0.3251121108670323,0.1475464523479859,4.15827200109462,0.23692903503023474,0.1015347090137279,26.98944160007588,100.88471276925497,65.0059059920057,1,KL-1
105.69445581600051,38.31230959684893,-1.083338802629094,3.321956226337455,796.2255182711225,54.10550697233975,65.83135646778152,53.39646724327874,0.5946758259929881,0.25794872707071326,0.7169418948214145,4.935706008868166,0.31240388697632737,0.15201991430959888,4.2977517727476,0.46239978917076247,0.05580510362878219,23.259640978391662,91.92154599460511,63.027448868631204,1,KL-1
102.8260152610064,35.99911155580964,-0.015476495328163871,2.551289183967243,884.4822847707114,47.85298845110924,45.1984763424818,45.679671364334276,0.582383608409519,0.3690674905877398,0.8865322902089006,6.478593316188379,0.4713172702860567,0.16483243260270716,3.964685060606827,1.6541331745316636,0.07389027514130267,26.62873946253459,93.61375545971393,41.25934385696408,1,KL-1
109.90047749318121,36.928015932233656,-0.16057058654046616,1.8954901813136364,734.0065541725014,33.443277322217575,53.8178123258716,66.29942816261789,0.5652515036246066,0.3137358847375727,0.886035759774772,5.737704564462333,0.34210209361672445,0.1311853191162981,3.9527506781309945,0.3136979927380283,0.20111048062764483,25.600169335967355,110.08521012369728,51.3435238933914,1,KL-1
121.09809128427088,31.13186185886459,-0.46577829575275287,2.1607813541790795,774.6583713072024,41.02963535539056,54.94418977684048,55.918216746924536,0.5111214017244808,0.31723788060765395,0.8033324722457736,5.944494765330023,0.30945439964639204,0.16429493108318668,3.4998678405135792,2.1375318140440855,0.28388298887462454,27.563744690383746,87.95398166604669,63.30540402479147,1,KL-1
139.78216053908824,28.01660563309496,-0.7552508998605512,4.2622335635380955,763.7170503671098,55.92199736160133,55.73653405621148,52.906672788576614,0.5597342219611344,0.32839141710712966,0.8064614701669744,6.537959393804688,0.28789730291140847,0.07384660425353483,4.175406114554611,0.05652577539204642,0.1781115612988995,23.25808409654483,105.55107294094769,67.42820566998137,1,KL-1
86.78844221343874,41.35906973401636,-0.36889728538908373,3.18236737731957,750.2164207627698,26.82658862372055,49.37424340684378,46.030848961009546,0.5215992433704378,0.30024599375111516,0.8213826262424664,5.9803806340027865,0.42875517269044694,0.10331075608572741,3.6514520430682817,2.8294828723283088,0.19191045237167717,20.616908998776694,114.38587359043844,64.81735849710512,1,KL-1
114.1890686456245,41.16223667521711,-0.15279659394591044,2.9612080443620346,619.2788834745472,58.249417213456,64.81383398123634,39.01704267530696,0.5383120346934599,0.28223651285681467,0.8276010325219809,5.900184144731281,0.35793477426699705,0.13991614205209368,4.3901453532985215,0.8226798994015204,0.269631595110234,26.793596133038147,90.78205002383608,55.36028025827474,1,KL-1
97.50982338462194,46.506966250942355,0.19135112948255606,2.675085011350363,883.0133522067472,52.91983992515633,33.102965163784546,70.69557031059213,0.629830580461206,0.314738413798878,0.8313586959597142,5.82114559290116,0.36231451324668007,0.14488900598423377,4.2270061313881255,1.0752210448939687,0.05144360727331565,35.5755910908939,105.09427426667577,69.99925025975597,1,KL-1
92.71635983969766,32.25989741910875,0.0004524326271920273,3.1087190736950387,785.4234441790603,59.27940865224018,47.78869765198916,61.65566449758168,0.5772373783624075,0.2422300337469188,0.8529116053439151,5.458260932502812,0.367039914420668,0.10764653136994076,4.2976092262054335,0.458374743655289,0.21661411372802172,27.411014631313982,93.34818504965224,74.3595522300371,1,KL-1
132.00434968017225,41.156891261805534,0.5682268988690916,3.099188756801995,797.3857788003094,47.161446504952316,56.47930732772947,35.51298588916039,0.6112961109865582,0.1901322193180207,0.816368682349576,5.685755437744803,0.4256471442334891,0.14278259973789478,5.130077963814135,1.5232340032845924,0.1740728172544943,25.342031105342272,107.33917754608947,70.00391680233072,1,KL-1
125.66936861749008,35.29775962981161,-0.4892416224181578,3.1087350625658607,653.2188445169302,32.258756607816764,56.57224811949344,64.15770760851588,0.5439505194699368,0.31837981607745935,0.8721596651738897,5.342243616938626,0.366023508301204,0.1162847925393822,4.102369230140646,0.18220106415477152,0.22028459670656536,30.77042902519249,77.39212974908472,70.41679463672376,1,KL-1
124.24150273920893,44.142849911160894,0.27742355682297337,2.9668760722222025,694.8935522412911,52.192901132051986,65.52759030614763,66.0697740427973,0.535138612335618,0.3492642863449535,0.8472973888562652,5.6777165502872595,0.49220268894163133,0.12669122717318504,4.579036201712057,0.05014850283624393,0.1363212873276947,26.20840193702311,76.50385305849585,58.02619361635831,1,KL-1
131.3153875959649,43.13177666006885,-0.05608050274850884,3.5700386706444394,728.8638962747066,58.94722499230673,63.98225393201287,56.492513467611154,0.4702213975289085,0.20790608363863808,0.7946518277063682,4.532034651472452,0.38168802870271146,0.16574321401995035,5.355905678451348,0.5033816376204325,0.10956501676588142,36.34016462479555,91.55478742110951,71.10747298160639,1,KL-1
110.30421654850795,38.26725639534674,0.20286764964743384,2.893483476800585,565.9050367861378,56.14777444410737,49.144583746927765,74.17733074902111,0.5328970709945442,0.324315288944954,0.8917556333902048,5.914519783783774,0.42808923834791607,0.162268124906658,4.908970241577029,1.9220666752883897,0.18624071234284842,26.98043745352461,85.58290229128275,63.66606911462126,1,KL-1
111.01043725499707,34.96281906000408,-0.24960594530621744,2.092648931557889,547.4358809762786,43.44846813209572,64.99871243530605,57.600635705474595,0.2968108355528689,0.37584594280329137,0.7570871506938756,5.639131373108188,0.41526199289522037,0.10508819017910215,4.816901819072907,1.4061984870486766,0.30693530586675694,30.502485315790818,90.04949068684138,66.59244422817603,1,KL-1
150.2859592508386,42.76559307164957,0.35367214955623594,2.3850616872793053,677.9102483233719,49.444088603701175,44.85958256222545,37.99811766460972,0.5152822426955492,0.2748652278945727,0.8203917094589261,5.531898131666618,0.37317763398709813,0.10328245613939692,3.9409870706877,0.7280615977465348,0.243872808363317,23.226978088033636,93.61568101063432,65.42345474259767,1,KL-1
113.80143418610639,40.88142713953939,0.04308990333809714,1.29178504520823,812.7024919730868,44.48730984976061,61.308873827918376,59.38202801257985,0.5559500658247328,0.2259198689154952,0.8733458700537734,5.809879041970071,0.34565145069897685,0.12266479813340052,4.262785833340678,0.8489539743730677,0.13438457838559267,29.515446266683313,104.89016238203502,61.52810315647671,1,KL-1
128.52698169581137,32.8933575874829,-0.34677799396709985,4.4964536928339145,671.6235132084071,42.19586828648502,70.10522478420994,57.93876762055275,0.6075938923416125,0.2823811204116053,0.7888463447543927,4.98321803851728,0.39159819642832766,0.13419761096481225,3.334034224782035,0.13913888675819616,0.06772223712149761,28.37546738471877,91.35807305720878,55.61998019902158,1,KL-1
117.59572311444973,29.033207959123416,-0.07980961156527526,3.5652036735621495,627.7433762891144,56.39310856943881,64.14944106854969,47.76043781466214,0.5410057697980034,0.24196796190795788,0.8404777823383576,6.664634998310642,0.4005049365603637,0.11526304534275778,4.424348640578649,1.8368499898171047,0.04043461730417715,26.71746937670396,86.36366427252295,61.84290669156763,1,KL-1
89.77612204882378,35.26880259590922,-0.17082234357483964,2.2109436038966104,652.2377216114796,39.169741509878705,53.057703835241234,61.8827060425291,0.5903138833796,0.23799619340261588,0.8521669798499524,5.6486162692562,0.3463706975936736,0.16621927328399005,4.289676106568305,1.5462738493260324,0.2802879561480385,24.4912111941514,92.03183947889322,70.39409293986259,1,KL-1
86.83056494298097,46.09248289208925,0.12067134025511747,2.64952412048232,695.3589092225625,41.5994685553471,48.682212282278776,34.988016805709655,0.3881169070887803,0.3009910440362925,0.781973806600938,5.627077783513905,0.3833169432975328,0.14542169525125667,4.139031075093708,1.0684819814761763,0.09859341694913379,23.80984917173813,87.02025664232059,58.968193557496726,1,KL-1
108.81523670090142,43.87892295239823,-0.5469106997498034,2.365498820634853,707.5369244615875,39.917794932220914,36.71408703740714,66.88680192931348,0.557953051823444,0.17877623149820626,0.8213761140202982,5.217301894933539,0.4368102489129798,0.1471825532962329,4.741316872945716,0.6277172499626265,0.14895892696040508,28.411763319898263,85.04193397524743,69.64677810086516,1,KL-1
133.34151877504985,30.326035181976515,-0.08674068084627784,4.109037769099293,1009.8625742647868,36.828019813607625,55.10539637914204,44.46253955673457,0.4281397765669277,0.18836426465046635,0.8171748084895395,5.711973191224631,0.4784973869534839,0.09700383513165085,3.400335106545362,3.33707586782133,0.28069689008620613,30.144695548482368,76.89379823707637,68.39656536494138,1,KL-1
129.32437484954005,29.993455504600472,0.08312290105973248,1.7390982685832568,876.5544754184782,49.92131433474083,40.84782772029081,43.180646498595614,0.4658357187472534,0.27615745282243653,0.7974131074083853,6.39347994513664,0.4177184660174711,0.1700187215215134,5.105917710696208,2.112228998684453,0.04588788356168064,26.36418601852934,97.08373739465294,60.10850082384136,1,KL-1
131.2111574633605,44.648103098076916,-0.061790677122786714,2.9665808470550235,872.9728934738074,58.042024387855804,44.06865336386063,53.634102732310275,0.5475267561708911,0.2736614876652541,0.9400837426025387,6.2179581047160175,0.4681379843190141,0.050394935332779285,4.66605881276417,1.0340345313101538,0.2943811607580047,28.43633964560396,89.42553152083536,73.61040082895661,1,KL-1
102.69430731595527,30.186184571453026,0.46377649775559837,2.7881777259481217,890.2296437128058,47.270985950037876,40.092541992633286,60.195675136523626,0.6646011190298844,0.2956132746223961,0.7868446823277262,6.1272188755702786,0.3435312894396772,0.1600216635554811,4.082619612208815,0.46489828009484685,0.15470876368859984,26.81042660933615,107.84534487081606,59.65562663047435,1,KL-1
141.7380873518347,40.05577194185205,0.234609109628421,3.5364709045672913,630.1414956799141,36.70401759548667,47.39607667343345,56.967088763121154,0.5921965410776047,0.3875135233090033,0.8752465147033941,5.973199475833636,0.4100941126029647,0.16302935213012315,4.035762247309564,0.9623929932320981,0.08311333478090088,27.49263012452694,78.88124689529272,74.57637490090106,1,KL-1
103.02660049720424,33.303572707982056,-0.07799231869629866,2.791792617820244,603.3162462015313,55.469556317936224,51.72030585513018,46.08809001073146,0.5639584797709694,0.28127084216454923,0.8053599491559429,5.520728736218695,0.44192597542906364,0.12202796438166116,4.413366729149157,0.8567041227963876,0.15521192582808693,25.997775086613874,89.74499733942545,65.97301585232778,1,KL-1
120.69236598004953,46.70226954713009,0.011675638999069253,1.4684328986756519,617.1755650159132,62.23561403227977,54.73614581165705,48.92692850569734,0.5609375688426318,0.3108903290200876,0.7706681905557359,4.974918416481649,0.3301833333514002,0.17318730651742273,5.037510739238268,0.5012746925218268,0.11719225748788177,27.08986289684154,118.00488664790498,62.37307265237189,1,KL-1
117.34471565138395,32.377451205172726,0.043266220592799824,2.6741057322860473,910.1407360005405,43.58006140682724,45.994933645860364,41.403491831470454,0.5054096885436427,0.21646802386312206,0.8301407121577534,5.599480614066683,0.35072049439774955,0.13310707341136963,4.185964631214007,0.36625493109895935,0.21026558391245725,40.49020228408713,84.9746857948258,55.39758895729877,1,KL-1
114.8918926952812,43.860169181234966,0.08631984166672961,2.09727022564534,684.3369853341011,44.921565866258256,62.692837063951835,52.30384118044156,0.5189813269301853,0.3210762598109922,0.857454669219375,5.582064267733162,0.46189523809176253,0.1368729510998233,4.211418541187536,0.5225790795384245,0.12314940528897776,28.558171494037126,93.41160097484651,61.793918158919666,1,KL-1
137.5788820744341,38.10915192436219,-0.8052631982658432,2.9386636372452486,599.8372581312856,52.87528504066715,49.91794742010034,67.90025457413091,0.5966900836376637,0.2434165480933593,0.8710254787532838,6.2243972198356206,0.326245057210653,0.1451858636221265,4.135871086575523,0.853107987277166,0.02206862312647655,30.226484792155215,81.65987220609559,60.86992389204464,1,KL-1
106.92334219751059,38.51316912540572,-0.19561051830773882,4.022341629216261,698.2804559736225,61.72498998228041,44.12277566734481,54.94884474827349,0.45167115852444045,0.27928524995486553,0.9031132555327535,5.85469522122991,0.30794349836721446,0.23059724735433165,5.194214467620884,0.558852057895884,0.15735499724728083,29.190118026640487,80.06886984662823,52.433628917992756,1,KL-1
97.25592116432108,25.178148511891592,-0.6687756272773704,1.4834598046141774,721.3673361942447,44.59132683419819,54.262922672434364,65.31297105711344,0.6099443240226416,0.26846908249585033,0.9722623144967549,6.506155763951774,0.45139907868197554,0.17533301724249015,3.9036701382377856,0.305947186281672,0.06647639581707689,25.685915883514703,114.81773179705215,60.75907661825866,1,KL-1
117.79993229309629,23.78251988076569,0.4363123789837946,2.234821811680077,782.2095928433474,38.09040175201436,71.63552833543815,72.4648160527143,0.5314194346304918,0.33697845409484184,0.8375257101877798,6.298744270019087,0.4348381612490219,0.15603393602138754,4.107295440828557,1.4311382566554616,0.19134559071906557,33.46994606645834,98.30247391164576,56.06957455922331,1,KL-1
111.5025989857021,35.67660435839612,-0.0993398080011711,2.4328456369732026,780.1141224854451,53.80134885017925,55.35160566535118,47.9437777715564,0.6285445659895652,0.1964014067375,0.7918453913087306,5.471752195247952,0.39660601219918845,0.10761586540196416,5.003061392556597,0.758149800750638,0.08002957341733404,25.544181147868294,97.85414605885147,67.18793415183025,1,KL-1
168.1607437862397,38.48143638049967,-0.15233637987184911,2.569695123669431,650.618332335179,55.142544585138396,48.37144372626393,52.76112096333562,0.6393874765785666,0.1380056819230976,0.8476437163397446,4.802435401690066,0.3727144622677086,0.1393076947643848,4.213206500167718,0.07007398770997708,0.1359589757462331,32.27527274471276,75.89420517860533,72.95024380582562,1,KL-1
127.64761214659963,30.24881303357366,0.2837189328132941,3.467100531284195,832.2787671016453,48.799051603481814,36.72538643881296,81.05431433274994,0.42865327899954075,0.2621940381747245,0.8116893524796753,6.3927876169707405,0.3530737747197509,0.11060627718460841,4.807235316027313,0.45936681031884086,0.18960702433714688,25.328965009667755,100.55489665729964,52.68467458963808,1,KL-1
111.35989137172064,30.46783953714195,0.09392991897994986,2.73616446595089,673.296775949981,44.28493392274039,49.8058767902793,72.33212094375935,0.5159735389418225,0.3031118754143074,0.8712983064926114,6.379692611615372,0.38909744369045257,0.1596633254184844,3.5782319658582247,2.1620708876569683,0.15800330199725843,22.200137404279797,110.13906335192591,76.19846182693539,1,KL-1
101.6583264621937,40.3688357789568,-0.5264538057516829,3.207642180576356,731.2468395953948,56.70502984793637,54.349281250881155,34.93114569025177,0.4940577849647501,0.28413616254845,0.7601417851817138,5.016894204548887,0.45399034787007747,0.13921400927204572,4.001824487022891,1.4074629682376585,0.19503442264008358,28.826981041180964,110.04372472994235,61.47159172491896,1,KL-1
89.29567384146823,40.377126882742786,-0.10336214501094754,2.3743815650145788,832.4128884604027,52.97428803638371,48.1241910874443,59.64577979273088,0.41748176279414856,0.34893225424483465,0.9434167271200218,6.45462000991375,0.3869283063071038,0.10126434961158315,5.015660423064137,0.39044859829215756,0.22942297325742053,21.476658219489465,104.26999875527393,54.69982892049189,1,KL-1
102.1217137139385,36.17355363767244,-0.20906678929055394,3.05893947633435,672.981431526679,42.60251586477206,35.346153617590005,55.00671990807634,0.4798973379032471,0.30124236045078007,0.8678024047387756,5.891058585296259,0.4833479633623483,0.1374337375025551,3.719196170541873,2.7835793310337342,0.0823653040214955,29.678201125083046,82.69617306885515,68.56203824166546,1,KL-1
119.22412657638698,41.68121032711645,-0.7728131554424217,3.497238104702172,681.6778291702635,49.14275785044537,43.494346104965665,64.91743733030515,0.7578004676212272,0.24116910008840836,0.7407997991101917,5.780342749062827,0.3301029007179885,0.10951747590851084,4.034220576138176,0.07969591853323624,0.16984819675002336,21.029206719543417,100.0074810063159,58.928364173959615,1,KL-1
138.90992977392153,29.954786225679122,-0.35111049329488186,2.2891603602103294,821.0001659631757,37.936339743802826,66.54538460887758,46.060254790179336,0.6112607916969952,0.13547479075161917,0.7895485548842514,6.507391627123663,0.3740159622835865,0.1395364866401264,4.279011138534887,3.250229862805341,-0.09136030380065036,25.404959847635734,104.26101952571929,61.84610659174805,1,KL-1
134.32533713581878,34.864390497478176,-0.14841612880658625,3.5000864958452116,647.0720188073976,54.23712365150336,66.34001003730461,44.924699535511934,0.7158830374884603,0.26076126594828686,0.8658040522056969,6.372342586615307,0.3563470666168042,0.10922768050904232,3.531507289204208,0.281971863417615,0.19478666413460188,19.841351517376292,74.71667697893318,59.26577404630337,1,KL-1
120.93642247469569,46.88726563470204,-0.12098037259673705,2.9168982149820546,703.8249571675116,46.652131444937154,43.13360830795402,46.887151416476684,0.6288278752014669,0.33667754013546786,0.8838172028085727,6.025665475997602,0.3207429228418834,0.1358246290008244,3.8767139288268617,0.00913578479134652,0.15093486957001262,41.12083504701365,82.79464490221858,55.9660965450808,1,KL-1
112.65248501446273,37.40993277963891,-0.6678925694709235,3.711368192385802,816.6890613651472,45.2643133409221,58.72756787199422,48.13685744561881,0.503152547119322,0.2514771330399731,0.7613881186384018,5.936608532905992,0.3673458133495172,0.15751409585805284,4.192582009095384,0.5688221001852308,0.09632401892176229,18.730202201918427,106.9078878609213,68.29197625921523,1,KL-1
121.53218534618232,37.757875087522,0.38566623321899024,2.7138640799384213,996.491092972317,48.487004118780526,40.214272152298264,64.78389000170817,0.5319583042660766,0.2766992158206658,0.8606512925216474,6.0081971452651795,0.395866465083022,0.13340844024224682,4.153009040497177,0.44467969159196563,0.20025755378372193,27.049068701982023,106.76254932006314,60.2095887768465,1,KL-1
109.72043003773136,50.83567951580644,-0.11584122355657558,3.1799957241296792,822.6485405715296,49.072461594641986,66.04316281994953,40.82558592221344,0.6095748944192246,0.30028161525840247,0.7276330063669038,5.499971283058737,0.4012115089976015,0.12327335198482835,4.8932112125022815,0.7745503244887672,0.2688158061748054,32.71652137165007,77.6670035965433,51.00678566256603,1,KL-1
143.27545993645813,28.603947004907376,-0.05997876933577485,2.842515014657176,806.7167715588014,55.90944049252448,54.452358478942365,47.52863320048817,0.5975004962778429,0.214082457545011,0.8205332067264477,5.67244927513384,0.4835226089472278,0.14109828663172388,5.049874316899352,1.5934310120084094,0.13691858019208455,32.18192954293512,105.79025751123007,66.90848099372747,1,KL-1
114.6621472808738,41.778582199852664,0.08525665533593467,2.7980301903675366,813.6961900407275,53.47872425060177,61.49641498616534,33.5318513139827,0.5163126387433333,0.312394153798329,0.8806023421051603,5.2488414227027285,0.398223373486178,0.1559154786237856,3.611349076799453,1.8478905657772942,0.09941484078066237,31.256710610865685,97.39364078984342,52.855341191809956,1,KL-1
116.2049321262991,46.9839176788486,-0.3902305015614685,3.082144342580552,621.217167111954,47.498725769657575,34.84906652817461,67.08541388094848,0.44170054635366346,0.3732273074001023,0.7974242134948509,5.53348011213054,0.4325068401839808,0.1017845019035472,4.191761111500494,0.5128777272436118,0.18820202099509692,25.41385805889262,105.62210745528581,53.27391861859793,1,KL-1
84.26266362468998,35.05085244100872,0.1075423892530785,3.304445975379923,763.871608641589,54.85934519775196,58.776371019248884,70.25236119317368,0.8255208949910992,0.2646311988863956,0.7496538850430993,5.5166830606655335,0.3783047123149488,0.14281968464115607,4.529548985054859,0.5618483296893233,0.06815146666829114,33.75544473168501,88.6357441187927,72.04084963981853,1,KL-1
114.56847730215854,42.157784721129076,-0.22182985840727323,1.8753480704607959,746.4280213996318,51.955898029532904,51.92325936315496,51.07511882963456,0.5512080262125756,0.20725613469006188,0.8323107398188779,5.382347315189168,0.45890278002262974,0.174526224570522,5.034808479479518,0.16037737758668502,0.12216949035715685,31.566955454010913,103.99220195777082,52.9292808063183,1,KL-1
130.0472620694741,31.107883016734572,-0.4336342162588767,4.021906887054302,788.5901448447307,45.337202909711706,60.519290707908425,51.424607622241325,0.5364408885453904,0.27100393837868153,0.794764056668226,5.768373251324232,0.4949224642794035,0.15220970889830146,4.5560941783902775,0.04871515630781366,0.27279217293204017,28.061498088302383,106.3759452938275,43.96844114458008,1,KL-1
101.48416134442182,32.87960562659589,0.1543789973421596,1.3872695675601612,763.9809662971045,47.752254734108114,61.1486779809785,60.438662827394765,0.5715667571124241,0.14153695348346784,0.8564779183032918,5.5380095746497116,0.4015542565487975,0.13673262440001685,4.299548040955399,1.0250319284746712,0.179974338384983,28.20290378863296,92.03398077453146,67.48289187969196,1,KL-1
106.23919498260781,39.30979849628581,0.5216695435207231,2.3271503122088832,795.5639612900535,47.564216889255036,52.65784689474749,72.69378408853906,0.5430817128551176,0.2952141958385969,0.7807336783890969,5.951117360175987,0.32536704922742093,0.15419212520096684,4.524925519189578,0.06660746050691042,0.024642642884306683,25.480386761923135,96.46303055407944,60.06909256415096,1,KL-1
129.39066526600496,41.79140003866354,0.2149317493943327,2.7995847433880794,712.6239366120958,52.792090745393615,45.991703609040854,59.90332897076701,0.5723183126164387,0.3021364626589147,0.786368155517345,4.888839693353118,0.3475597488611416,0.1485748936830805,4.529261300601756,1.323620525258271,0.03124066821764791,22.451739870834807,88.46774044594416,60.75875903089507,1,KL-1
95.35014164722921,43.725619074437475,0.29419102605617226,3.2048847752687584,757.0330700846151,45.813819082226864,59.796961821794945,46.62949669029862,0.6654557828893135,0.3755381776307337,0.7239498839561878,5.64332260294635,0.3890967151602581,0.15760803327479442,3.568371424629379,0.7745527974539945,0.18796685541174205,33.185754877393585,116.06966738423056,59.9839968531984,1,KL-1
133.3670151131288,46.41777152163696,-0.2832522426249196,4.135938022193103,602.6605720731609,45.62672650862693,51.398455005948726,35.57412913616272,0.5525361216250861,0.26336031244600244,0.833497235552574,5.765775820088748,0.39782490176253227,0.07428205167051168,4.240679275503761,0.22137384095834653,0.243991246073415,33.56103996800766,94.80673672809081,64.35335951214981,1,KL-1
109.51784164740347,36.59532064866891,-0.7140478916673826,1.388366809419914,711.6111266396504,64.50005847547168,43.27215046472357,41.61848484803815,0.4694831648537791,0.2995091202887882,0.81695475308617,5.54468538008156,0.4099212567192186,0.08839631599010205,5.000496596513215,0.7754922475739122,0.04559028330990798,22.579454294850393,85.18570809787381,56.478246064775455,1,KL-1
111.67147669263196,44.161670531035526,0.5210550088399365,2.4688446972882314,916.9000257811972,56.267883853976834,42.798477685423144,55.87863340374958,0.5495684964417111,0.22332271385684593,0.7655807664629964,5.6138036500953845,0.39800988406150206,0.16514487448449713,4.000585938783598,0.20211338926936762,0.21097700859972066,26.23107417426904,87.660089033503,74.30891899652612,1,KL-1
100.64182392311609,34.946170939305105,0.746805955761904,1.1735332097605875,788.2570007553907,42.66519468459889,37.22835583687618,47.13606972159047,0.5253478574872071,0.25361437276849524,0.8346899356883546,4.907376994635071,0.37534924581279694,0.08984162471515679,4.202667985528467,0.5775660473309264,0.2814274805991775,26.282883917705355,97.77124721370535,50.69015615752481,1,KL-1
123.17069390641825,42.412547869529604,0.5421227095078728,2.9002975791281984,747.4894755140308,53.317527951537585,46.89708840436937,57.339612471889104,0.6764119149797481,0.1834888738002681,0.8763535150322069,5.8782385523347465,0.3431900779398936,0.14704615907157617,3.979490130284387,1.607241906631974,0.32602871903669106,26.83672048129845,105.28997406133854,66.05899933341698,1,KL-1
154.3980797754407,38.24493278711309,-0.2093143755918999,3.0923468676000248,977.5347931505216,49.696800525241414,63.02692046074378,48.36491180516519,0.6561895251790056,0.2633126227230058,0.8142216028290524,6.023802991283535,0.3950569130632115,0.12443851031903126,2.736684302635875,0.6197467178231789,0.20149782078879008,27.32147439293791,80.22007785819373,67.63696803101267,1,KL-1
129.2224585919095,39.67406744249154,-0.5368537354915377,4.147636593737002,586.6998026038705,51.882409402080754,53.778297997054345,42.30224282446706,0.5711020000344639,0.2566814507888861,0.8384083474910986,5.946768647101884,0.4677493678740328,0.1051143226321201,4.1373541063408075,0.16098988531428143,0.21554420756419793,31.7343073082309,118.42192003530938,56.42278591333297,1,KL-1
104.53572107089197,39.54104724413222,-0.5012730791278267,2.9715078087147635,616.8653333464537,49.84873059652084,46.70232294076959,40.875620422563145,0.46020113161445947,0.2929519859653337,0.8386655624792582,6.219363529721091,0.4259964302713877,0.1454894927144242,4.306075158391724,1.2867338877979357,0.004345245789748467,23.263913457566282,99.9541035286674,54.31012443777745,1,KL-1
134.53430878237214,27.371769941213127,-0.7484930270456195,3.7102201035539037,955.5253693531528,58.26714116388189,60.0485593818008,73.74825411247876,0.4644286189248043,0.2375841871800416,0.7647835086410519,5.800764802891251,0.4017351974818099,0.14103100511149713,3.8175039654714586,0.20673935916022584,0.34298020383967914,22.7682650424367,101.84747167563295,70.63739371336125,1,KL-1
112.74980681098626,30.25526884683536,-0.11795144736401816,3.3420696652312474,755.5153123258721,51.51496275721156,43.675233782766114,65.66785299020371,0.5637098609267643,0.2800007210585055,0.9278292910353797,5.939340590325469,0.42647834619113756,0.19831027956289132,3.4322178306691633,1.341511737836005,0.12896078295231028,33.18309871071487,95.08372547411876,54.57311396786628,1,KL-1
138.1172747214134,37.615248638905136,0.5672711832329819,2.526801442395865,720.8900356452248,48.2532904142857,52.95350274332779,75.7662154219355,0.5894058375457024,0.25499719666354004,0.8014575084938858,5.778045369228426,0.35644679855495737,0.11625566386392333,3.5966361241310105,0.6526816448579865,0.10032230732599667,24.68677629059351,96.4811076082135,57.64668847399547,1,KL-1
129.60014603246543,26.87632552215299,-0.13166505274889725,1.7478314025663686,606.0954809885228,57.08752461586414,50.20369627274485,61.479410809061235,0.5325301744539156,0.2551100367020291,0.8578058100930135,6.043775359796247,0.34958674269583395,0.17820330360207523,4.583512569681338,0.6046634463599133,0.15458350924483003,20.68482323211467,94.47060234487117,69.59847169967797,1,KL-1
73.352876517924,41.987266619198536,0.0459291601393098,3.095001838633449,803.7235519674015,50.61628032870298,59.791306255883526,49.84010309662193,0.5240864332634213,0.2798217395577818,0.8634607638614524,4.911385181933939,0.3376107447817009,0.14557268743152946,5.308514863828143,1.9067329608899262,0.2959338731348345,24.57435028950065,108.46355162843153,62.77792986831219,1,KL-1
102.4388055056746,42.22933579772885,0.47523878572168343,1.6813183862837089,815.3351843432955,49.72182863463246,36.22771629080499,70.88009106987926,0.5150760613457083,0.27743137653902056,0.8180202436442123,5.253209516010995,0.3687356688615281,0.11516934355371863,4.95446000454326,1.2330704798057324,0.3516436838034838,25.349736323779997,96.15485695055956,48.12285065896717,1,KL-1
131.66577834253084,38.96302331726674,-0.2366381247329599,3.9111656581357153,618.6606766998125,51.26218081988891,43.498022541853445,54.60318398365879,0.5606284831804843,0.32067044234309827,0.8553397512529817,6.493449828516546,0.353899705164546,0.15897739372551736,3.318392397101669,0.03346454058060275,0.18503269435806755,34.77481363862882,105.45460262191251,76.47647315642811,1,KL-1
119.77485908217527,30.273195923452466,0.739212582687838,2.7453503183705408,733.1669297339486,48.00112781306907,35.61754340905466,57.65010124348424,0.3718790118341548,0.26776141795220987,0.8372909610908195,4.469782088951898,0.43541373703260694,0.15197215513361856,4.6377763863304216,0.35122455945169867,0.2548467338082924,31.624131061883688,91.04382971976914,58.25991392976027,1,KL-1
102.14366078438223,45.28083363321109,0.7218377629989814,3.8311419292091333,709.738100156032,48.82381594396375,49.4040327819073,54.48610745109377,0.47439386969842323,0.2540068790526198,0.7541180121386296,5.6299110350873285,0.3512338291158906,0.1360752988457415,3.727102574514426,2.0473280315039095,0.1784563238948403,32.73760308316121,98.5976863397478,59.27794168074866,1,KL-1
107.9961572675928,49.223263838310146,-0.1274445354721931,2.4908284526940805,780.7172575702525,44.05644328990502,64.1142750363243,19.637149368591828,0.5123359323642119,0.2641515532947664,0.8083863649374955,6.286137479804034,0.33486391418875416,0.1429888606932187,3.7756397624947335,0.018496172995471336,0.09197636215854527,31.09986821173393,86.60295586912694,64.54627401861092,1,KL-1
88.90645069865928,37.88246096467584,-0.30601370560768515,3.0900806291207936,615.6899709335228,42.74066224300897,46.94552790346473,74.25682014753824,0.6591002555961536,0.23212015298954042,0.7943724548822969,5.653369667229118,0.47212885894153156,0.11709038906863406,3.8478146412172296,0.7880150399786915,0.29313949366306324,31.73121835807657,110.84833879059444,67.50061437603259,1,KL-1
116.17440068710405,40.06321227070742,0.20389521855612522,3.042479085867751,900.2336945415789,40.76143690814048,46.893160618043495,60.89204735149304,0.49739490864568564,0.25340533438599966,0.8019127479326936,5.497494464274651,0.3524312384459328,0.1102263862423648,4.548640169913258,1.3013124958344082,0.12522980157148886,23.55958936709841,86.24503311137062,78.18883433033173,1,KL-1
150.66034589023647,38.210431928776266,-0.21400997700754323,2.838964705591261,859.8988537917126,37.61413370562339,60.717244241841364,58.95787673042212,0.5769374513464965,0.39686952278439386,0.759799841108168,5.76471083840765,0.3826764228625176,0.1577832652146775,4.700552025869423,0.9724804295891096,0.2978424618697506,26.00698922323258,92.35024666886409,49.21945480475443,1,KL-1
129.57400086098488,40.18221513399279,-0.5376220868269346,2.5288723892827263,706.418932952062,41.71226110892355,62.685495584552996,54.25868725275327,0.5806234200744796,0.22023927435824794,0.8813216858373014,5.5234399099987765,0.3975661412371706,0.12828181727060178,4.066181357232128,1.4293363267220076,0.2788833063815267,22.050423434882255,92.47047505054306,69.10761767140757,1,KL-1
150.35625501782636,36.28264746024163,0.43749546140919215,3.188964814776416,724.0297546033954,47.355863724264594,51.1142893273121,56.96113384463357,0.666333320452861,0.2582806199672414,0.9050996327306706,5.71542474637847,0.31816534405395924,0.13259751005252723,4.076357555395186,1.2935031655294729,0.22412290111657665,25.94755984731483,92.00258334791478,68.44407755240061,1,KL-1
130.7359563468497,36.79261456093718,0.411578954910832,2.1340693892134333,733.6293419666861,49.574940659565094,58.84714854049892,47.832652769845026,0.6635061925571321,0.2517506802038185,0.8739001487999204,5.358309481739935,0.4367741884751535,0.1433946478783283,4.4035582459414755,1.1777551605629395,0.3213179805003482,30.420524954673706,104.91994923331525,61.402680713007065,1,KL-1
132.91219015029037,42.43430560298419,-0.012795358494575679,1.907451736832753,656.6029736392196,46.57962749481888,41.230454591220536,62.39895222768725,0.5578997624964067,0.260169703265336,0.8885264612073571,6.254337209977862,0.4068559520205614,0.14295865034351427,4.465796723714545,1.7233900132078024,0.35358768265485907,27.672916424061235,92.45010682316027,68.79818955852978,1,KL-1
147.11118031617536,51.073744971378645,-0.5801459014912712,3.869261514661462,696.7884698117957,29.904372078981137,65.77974333925414,39.31481986721041,0.5244612207048446,0.25512564146729627,0.8077682581495922,6.4116324605328305,0.45291920059403906,0.09212020587077807,4.830735424055118,1.037584929465843,0.16098053096285506,33.55740409480148,112.97709436649288,69.97419214109237,1,KL-1
123.1589488901334,28.599572593589567,-0.5668105004869545,3.4567343911136805,717.567555879047,61.34669086209874,73.48706293937052,57.232821189646565,0.5093933517739447,0.29175440607326,0.7931871582506981,5.633304838944189,0.34103890313909496,0.17358756259364577,3.3543768146944806,0.514864593194259,0.1102964705266855,21.292921038863902,86.42829896643798,51.44429772010396,1,KL-1
114.69159017739679,36.3771250935822,-0.03210828463233891,2.927713286881792,943.5442044848554,57.44184098312306,57.212157911887246,61.73888164685325,0.5432149422027375,0.1723894939164923,0.7860706476594144,5.006755289654379,0.379956289623808,0.13863546455702036,4.137016403882418,0.6384868697770381,0.0258584130194822,29.5011917534912,98.28252963931249,76.49813204704664,1,KL-1
132.98986274933017,29.917237088607507,-0.2749484138020129,4.207113906035025,863.5941969996524,52.31607880973703,31.156683786571996,52.61597039412516,0.527777331654112,0.33723028835192026,0.8572032461478611,5.438078414843303,0.3769677877497098,0.12892040211533554,3.4841853744652935,1.2613363545512104,0.35457458043442047,20.75848599065341,86.9405681282488,50.02990197489487,1,KL-1
139.30760355682827,46.5521493914565,-0.21143717285664324,2.660787585020124,862.1585648803948,64.00992538042614,46.417697376022154,59.4504135096523,0.6067901927486585,0.3129549679785318,0.8363531526572074,5.608005669948518,0.3881944247175011,0.1479253801550924,4.094434632561958,2.089944745046545,0.13982543928652402,27.470882345868212,101.3016733903776,53.417469750089815,1,KL-1
110.30053035931687,33.47357218408061,0.3337852620240012,3.9331625759911835,794.3910735605268,40.93108706013032,58.12825321669321,43.103987293189,0.5961247853988163,0.2004277048362119,0.8211389144200787,5.952769438451604,0.30226926257114195,0.1420962658084459,3.9892948273915434,0.31775482656392307,0.26580294856813913,30.701667112782395,96.05860327627876,60.40569861100723,1,KL-1
106.67646376489957,28.340795237285235,0.21827172696902308,3.0154592679406576,615.9207589282519,63.85100096500804,47.785170028336374,43.41007874924843,0.6098440952916012,0.1388553636228559,0.8897574272097671,5.195993388414661,0.38054181893461114,0.15801188068469108,4.096950327658378,0.4186670656703374,0.11569957059924134,25.927487165878905,94.38925546361826,77.89952410549645,1,KL-1
119.5828404864632,40.82912199309144,0.4762570721990452,2.055199399938888,745.0210674507144,41.02828738599562,64.72198554250097,57.840605452316716,0.6632426969148935,0.2163756712315159,0.8452470676907671,5.315418840678925,0.30367680442881273,0.15113951016452823,3.645154267133681,2.6698790245161366,0.2980612512729628,29.755633020434782,110.51169959804228,60.03394696197291,1,KL-1
129.97248300397493,47.46586668845867,-0.4712492893509031,4.35343215341668,866.4586151536056,50.659903402330855,57.88157264435865,63.14259585545262,0.7115295297120141,0.26044001231437264,0.7830671181239707,5.955338068929404,0.3929167035598461,0.15653538686988802,3.232626124075543,0.8639634791782057,0.11899059265476693,22.20133832583533,88.39789754733876,62.24452887959352,1,KL-1
129.47136572992343,40.98158721136458,-0.21227662747468481,3.667568677299268,599.0082444759254,38.559301398926365,44.935244992342035,32.50161213397947,0.5724730714726045,0.42981751392144646,0.7909545585432152,6.169454416019779,0.268567543774074,0.17552981717182548,2.8683374839710583,0.19718566285842154,0.07966246931061254,18.681550109018087,103.288181891416,73.9566288312365,1,KL-1
96.13748599718602,38.2287872636915,0.2285926781840451,2.7781831751923485,826.3863848247918,48.86755276435493,52.32264810771253,61.2642476213292,0.6504571017116523,0.30759541789845635,0.8590996649627073,5.389202977414659,0.2824206582854707,0.16150873646912917,4.046291907441096,1.0897372057236174,0.15831948552369995,29.785148112439014,87.02248104790249,60.097454859476215,1,KL-1
146.17409100594983,39.45484553665597,0.1042313364051567,3.4567370076271593,1028.713107031532,51.83933198398711,43.0616677936091,48.48158199548396,0.5343671852932628,0.16654462104911252,0.8770866426327298,5.033391473024502,0.4159274358219999,0.13018541339014314,3.866399336500237,4.684446704026012,0.132457943923069,35.72005117037866,97.60222240192448,53.07250629655459,1,KL-1
108.74147747142528,31.750845249851764,0.3253140433952929,3.275094732879767,583.6681068054016,55.436374343439745,46.3912919875411,45.60005303887628,0.5726396240577579,0.24651909433636418,0.7938898924479627,5.652753699058926,0.48038086934122226,0.15853483132605398,2.631561104966573,2.4857173282516003,0.14079564455436663,20.463794323973165,91.87523750560901,66.01277556376151,2,KL-2
135.56187750708665,30.061181607808955,-0.2823530655420521,3.3008303641254537,667.5649218850606,54.738494834418844,65.84170406340633,53.865626417263385,0.5399001967921013,0.22279812074374938,0.8605191304530881,5.9188225325485755,0.4208198129371948,0.14973178272667692,4.537505606372661,0.10609404131452672,0.4057805390931426,42.7139830218501,76.16036142184225,59.01302162863614,2,KL-2
116.06297495582704,39.29230007636284,0.8433090623683042,3.4440767497227682,1071.6034616526465,56.060341599153496,33.78557907934515,65.31303985570925,0.6098833487346864,0.3979556398876819,0.7954539598438102,5.831932075566513,0.4630214699611629,0.16169325885962357,3.4753263882845884,0.49336426775719744,0.25223996361556505,27.36315654528124,99.4061934585288,49.81178871821942,2,KL-2
143.9598738858439,45.85137922180806,-0.270156441718676,2.7750166450514064,511.6772388729767,54.73138477733955,66.63404045918521,60.50301648286351,0.5477908719772254,0.26519454534184855,0.8747002623853772,6.890077175765697,0.48383176703184816,0.11525260882675152,3.953144514048989,0.059851719827578614,0.16512925954403326,35.565848935456735,98.48283629205072,74.8775622335541,2,KL-2
126.06902389393233,45.77127466518712,-0.30295572123144837,2.2936242266675904,643.5353032564699,58.33874428091986,45.38535670836538,59.01669021129803,0.5296883151620575,0.21790852566962815,0.8270414105192245,6.187453020457519,0.35390706600362104,0.1051165806064987,4.8199379350467115,0.020981258404954514,0.15145051566747117,36.023954209798795,94.96632397859753,75.68561115963772,2,KL-2
105.32786595409776,39.66528301735703,0.2698679253952198,3.749685315915422,530.4770617008843,51.065375777015745,45.20520743988256,83.24861089415262,0.6153125276701779,0.15090761719418855,0.682360676505732,6.165225926544576,0.4469195667029793,0.1225206528279928,3.4123174012212654,0.6539944624284402,0.14779161407551522,33.726071561251906,105.40289568353583,62.188097878370414,2,KL-2
115.76614456697618,51.053456514576766,0.08191537257292952,3.031114754772665,714.9716635452862,54.114280858967625,50.94838818985597,68.77245030462643,0.6265024470731074,0.36842400656415114,0.8588785207074732,5.078365482714862,0.3238264745348226,0.11746689640933405,3.373513509371308,0.32504095903306585,0.26122903253766744,28.009863902012988,92.8645441169555,70.29543651787206,2,KL-2
102.2017282278718,38.37107780435722,0.18074096250437371,3.3869952381479966,555.6770765326158,49.31807772603574,42.02921087199303,70.22929517785612,0.4140751952975201,0.2402032968863018,0.8456363406559904,5.717678972941434,0.42124512658931923,0.10041791143309463,3.6707029485868055,0.4687120374823754,0.24948861439521702,30.433424099371717,105.83651306787107,61.87286863831677,2,KL-2
104.97350454026845,38.16859425961554,0.14092551819692722,3.0248319360893636,686.9498772599659,47.824006275024395,48.27670998697693,58.0083791064609,0.45967150502883336,0.29465374717369586,0.8475666303055271,5.656668596338153,0.396434105474259,0.10339130057623072,3.7676596202519956,2.580111460437637,0.15112622611926457,22.627448953475366,109.38653225774075,67.30791875412997,2,KL-2
182.18626376538634,23.595384541566002,-0.38615687952297556,3.245150539381124,465.9885807977489,63.205997046096606,41.62373734729145,62.6417422842153,0.5165525632569058,0.30135983741839273,0.704451081072737,5.5069594005959965,0.4621475101521031,0.10900881458200606,4.882530810153508,0.26686114335883476,0.22148353707552784,38.95073886909138,99.48775462629379,71.07311359136088,2,KL-2
130.27936765050717,36.315822305032704,0.6953435716317935,2.8905717216513533,774.1144798101581,36.14985038778803,41.98936469020813,54.82680012569168,0.5328750099139667,0.22223016859417777,0.7668505019364475,5.5000596672433275,0.458612575649242,0.08489988940680411,4.689492356456468,2.2727835831217824,0.14056516911269262,24.740970009086652,83.52479653746475,69.44067939659098,2,KL-2
127.9164698351001,44.11209020945097,0.40741688235564366,2.4755331286769375,846.681430776157,59.51407991323411,53.868859503005716,69.33059718628954,0.5069213437318202,0.29034716652316933,0.7705647583221614,4.995938523029189,0.4284891675267201,0.14033889868798002,4.122525249544048,1.6861288084681052,0.29714414447553383,27.730495186295624,90.93057137797071,75.72775690727477,2,KL-2
105.65229527037904,48.383768021158225,0.5935799805068463,3.6289853286149256,653.9267653523849,47.53567299643471,39.98434504696484,58.67520115081148,0.5597365742289508,0.21375170279490294,0.7579439316219803,5.262073397659336,0.4149213949741409,0.1184310858728698,4.619648261398121,0.5927796047505071,0.2456325387109829,29.494932435201253,107.36627240870048,69.15104540564268,2,KL-2
138.54376099421617,34.01859219799629,-0.16133235564416973,2.767503929419104,683.7843991509158,46.499694578855035,41.318057649945175,62.66853298716667,0.604688383145368,0.19057441827763505,0.8870961265946968,6.337046701382475,0.4254184338360975,0.11074864592299061,3.6430685924592865,1.1863257318429894,0.21972779952660418,28.4628012258152,74.52846560716591,65.22467693630877,2,KL-2
131.49123402689406,41.77351397575829,0.21660941788606855,3.3811611847158485,680.3911323122426,54.59261987252326,35.27208750253591,61.92733562586202,0.6628167768576583,0.31986788155073276,0.7994116081088183,5.828542654003409,0.40308854356882723,0.08668937517174967,3.929498740313087,0.8816561439340962,0.14695114159459782,25.71563358853303,87.7965559818567,58.90864825698063,2,KL-2
143.22431934036655,45.28127419393972,0.12894738489387644,3.5783681775216625,721.709281027003,40.58312310119198,43.96069320038661,59.78199742313455,0.571313041901832,0.24050863721066804,0.7981719528685414,5.646798790862833,0.3969402129446048,0.08518881066997605,3.569091813276783,0.2061289519874957,0.22598755198217876,35.97169526027344,88.38442196263907,61.17195695740863,2,KL-2
142.49671222597675,39.06724891917539,0.5012010504806031,2.7805498275175347,695.4196495640286,45.971815424430375,62.11602029723922,95.25825680586924,0.45681330572375123,0.2811107700161593,0.8276004155157889,5.8972943326736464,0.4721289086126221,0.17807742152167236,2.9757789704522164,3.565725721094634,0.21682176949229384,33.7513964174414,82.11747279575519,71.48041117380014,2,KL-2
92.81366067853718,25.300317254836617,0.5140992527318476,2.286891492501612,792.1740342916833,45.70688282789607,40.54066359897031,52.00056867006333,0.5132099019841746,0.27465525963290627,0.828465083394469,6.483695339350576,0.47814449098390877,0.10118227611415291,4.472324845076157,1.264623025883106,0.27541813609676774,30.610236021628467,102.97454739902544,52.985387848687054,2,KL-2
98.35240766095139,40.48373999744551,0.12722032118324592,5.190868491082442,847.9646960141134,50.728813934519245,41.683667348127585,51.89146163809569,0.5189718206992354,0.28827591760331733,0.6332553644687084,5.902105260437893,0.3929170401148896,0.13831585182627978,4.069019240393916,3.183398881896623,0.26336143824935687,27.00223472001625,97.02178085248933,73.84645842730237,2,KL-2
99.94318276804546,43.568583744365355,-0.5571804527373008,2.8277824992436593,602.3114533009381,46.06689849471449,50.93921946481536,68.32916096174108,0.5661712191984928,0.1566077839479025,0.7676821231425318,6.1701870654655195,0.4118818201505372,0.1248790340970053,3.7608440840541983,2.6044290616823287,0.3133648081663474,34.321379359222355,83.9672997207941,62.750850191883735,2,KL-2
100.84089035001344,33.31546262988925,0.7618647548350757,3.7487337268809267,662.8805808670844,65.30894948511414,45.292035662004736,52.85797201109785,0.5560534426747153,0.2148825681210178,0.7293605711104361,5.476697578805871,0.4040827612386387,0.036744346166756925,3.7485192904126947,0.12470711872283805,0.21123387651959502,26.67765683611217,99.76615504283008,58.45115276473688,2,KL-2
119.85178546390586,37.47507281475368,0.27239497347605557,4.801570839656099,808.1943338709693,66.87613213198364,71.2815443334965,56.503123663813284,0.6890317320889208,0.2305314905502145,0.8200153046577409,5.590685024626641,0.3194150779031403,0.17377352469415777,2.846271077456095,0.3484101520121733,0.10116707982428044,36.85195920168908,90.59900518398139,56.21020658574826,2,KL-2
106.49794821856274,32.06702374722742,-0.19337481655645689,3.8819261974831147,529.3997142329162,36.32405181801549,47.374720353237436,46.963068559732584,0.4880789491796073,0.20011127962591058,0.7855553792832976,6.076988442531838,0.38317822111939964,0.14052251936328347,3.163514800108371,0.23543888042721375,0.32928743012784323,29.556104577417138,81.81766512133188,70.3949422851871,2,KL-2
146.08897811143777,23.579114708517885,0.212616855306678,3.0096457529379586,463.5134461785316,56.85458163812589,52.35218346217372,65.89869503283104,0.5557800427013443,0.2757404108809833,0.8007693782250633,6.846326854168558,0.47998521005240513,0.09696989537085574,3.951691902068415,2.664829311763986,0.17511739895614556,35.148907634863576,83.94497907708559,64.88286916957345,2,KL-2
143.57019823122457,45.16202647072594,-0.5544374193810094,3.196306889971911,727.1579143478174,59.369307512620594,58.43768784799322,66.05108693380981,0.7133769118195273,0.32121358465575384,0.6960740125554737,6.614887429757437,0.36251120624840943,0.11914900486711213,3.4325323996352965,2.9756148989393734,0.16144663575877957,28.430898369082087,97.73261289731127,77.71012178583857,2,KL-2
114.9030760888144,38.97750879718889,0.47214122698841765,2.5839142242089213,759.5615693284591,56.843881619128844,58.24577865862851,56.21769528091867,0.4781834482477119,0.33071107932077787,0.784507388765475,6.19141403472807,0.5057271731150651,0.08552449897789002,3.619372175269506,1.126073901964068,0.24655067639089984,29.35766591020472,103.76811854226206,54.89539479579263,2,KL-2
144.32989324224684,48.586049980229895,-0.5384846977116613,3.9553571415661937,613.323977445569,47.23509205526644,51.33287581557379,68.57780026176087,0.5366118956936284,0.22964771408740697,0.8557565125916408,5.975716880080359,0.45860631547946906,0.174786614353834,3.687206361132539,0.16502044109601544,0.27418164103636133,35.127105307293334,86.65878120454256,60.37469101550509,2,KL-2
137.32201940860304,44.14393315143706,-0.03833379681483305,3.7030165664469505,630.5618735055453,50.54723550273167,47.38872513313999,37.7024998351969,0.4494095599100788,0.26751795174747445,0.8704724741551083,6.600534677813586,0.4200749075273104,0.09277026875275605,3.3405187385897337,0.21860832008745085,0.20753308754282537,39.96962575902222,99.03329600402813,64.26223073498069,2,KL-2
108.23940161234111,36.874741430007305,0.1477817798422199,2.8384593453906053,608.7769213910922,46.513802761778436,69.24028536379257,51.51775918182788,0.5315669519701945,0.27673861026940594,0.835943170977035,6.2973391615225625,0.42804216429882097,0.10430748009916022,3.1692490079855697,2.5193787045701472,0.20690458548254984,36.801834087524405,111.4810498909298,58.98514604824053,2,KL-2
84.86176983961657,38.50091603937355,0.4655358847928374,2.4162601543212445,595.9689712786678,49.13788775072937,48.002397246857335,57.96024976546883,0.4625826281489887,0.28727536565221173,0.733226735327594,4.75316898881467,0.3541396651832487,0.09811316765557226,2.782585421444776,3.9716354601425286,0.2187178945787556,33.38567309688925,77.39355332355697,65.04894931313443,2,KL-2
111.73047422558906,42.397064344621036,0.09261787057374961,2.1930130098690466,783.219498472552,42.820279770662594,44.583098955715194,45.932610037164565,0.6087440722793077,0.1973118956156414,0.8629700901496061,5.373034576072389,0.38673856238876486,0.1224113820062751,3.6620890325930757,0.33373255856869566,0.36332322807945144,31.946417164787984,96.76803847406349,67.55600613132415,2,KL-2
105.3306680338229,44.80130050053446,0.3039851494450201,4.039211203043361,558.3401815602833,51.581689426923596,42.541510117059815,39.015443550975334,0.5367855087225116,0.35923481609589797,0.8362001127500007,6.069070162678966,0.47206995551608794,0.1611094950041794,4.121165128566171,0.016800095521384083,0.2497857529953494,26.46525654870187,102.4678682955449,68.87587391303792,2,KL-2
118.09758437718746,40.93602378445207,0.0387332366201795,3.3462985031644483,668.1372566279981,40.47758630955944,31.73196797293244,56.305248419538636,0.45016821920141653,0.3055912110607867,0.794140548296773,5.006516217224514,0.36927353304132327,0.17368123347285472,2.7638195146680298,0.6028512381650378,0.1725629728430563,30.476148705527162,91.35820220081403,77.04933704707568,2,KL-2
116.33842430312124,45.63355887173691,0.037125619622287706,3.421987629066201,591.3596598982177,50.8989235661749,57.21615752237163,68.3282410447289,0.5922454158233338,0.30715896062154646,0.6987481842745127,5.45120549762157,0.4530565878474399,0.1080301156733311,3.735571304940104,0.046461262119192465,0.1733773314477626,24.434754080016344,107.35939853026775,54.57222056974736,2,KL-2
115.94526488348843,37.21998757995317,0.08419090013931892,2.591641099310114,525.3653228918541,42.511346487201884,25.519316028991735,75.38530069711814,0.539373283109727,0.3222076034140238,0.8476797475331258,5.550092528171013,0.33114799052814703,0.13134776946953766,3.9186859516149366,2.640172464069355,0.22992926563341046,30.87891066842387,118.8860444591354,67.70208255948249,2,KL-2
122.85527112068746,33.01713871928588,-0.025623168340949857,2.079197517356475,804.4213809696125,54.15453089433123,48.94277159095079,53.43254540153553,0.6012255021778764,0.28204815653595905,0.770391683500831,5.771917046877084,0.3400920793762494,0.1224571623781222,3.1562517577625133,1.0144712526856587,0.2690286347222406,31.200253303467868,96.62026418063563,59.82445744329467,2,KL-2
96.81217079374483,38.61114447863322,-0.6246280972325743,4.020090859769306,637.6209733391754,47.064643512456875,46.95139365728615,68.79859005145913,0.43318698976418013,0.18836119461694165,0.8173082910527389,5.756284895886896,0.4950692332793158,0.09055172206667826,4.603285086928853,1.5402502230618538,0.2887184129572952,19.195774292659042,89.69692321266402,68.44010704018868,2,KL-2
121.17040416354561,40.2311093444171,-0.2573293974786513,3.2836312295977845,722.6128096504908,54.8246427829963,71.39965192231448,67.63850445690801,0.5545059529798929,0.24166163610669358,0.803419693031833,5.755439786416587,0.39940814268798375,0.19267666723787832,3.5185707785769553,0.7952289804130388,0.2599326883077772,29.193693045958536,104.22379369194348,68.45065749082437,2,KL-2
108.40575770474491,31.790787631564278,0.14790993644467937,3.9757877280460963,519.0308944238787,61.15264582691826,30.683487712863737,74.62329809201395,0.5868673355715767,0.15093679629628506,0.8769197492219138,6.312653758620157,0.3730750056502829,0.16088278686888766,3.6892441869260932,0.6358428369860758,0.1826501319266329,31.074374495445525,102.60482632453481,57.10464493414135,2,KL-2
117.9997329979553,30.979667495120268,-0.04964840139548758,2.9412534987875487,610.9672655492229,65.21557548883766,39.98896713015643,55.79770763575198,0.4911298007811411,0.27490435058194507,0.7937316507001245,5.767388067274733,0.4681370413499481,0.12567347549133104,3.6532382996412127,0.37692958251492115,0.21608469603513739,28.58145071430489,62.27402854098179,57.7907812589273,2,KL-2
129.36114767848284,41.684317778840565,-0.01232363287276265,3.0605457255705133,790.7305456834007,32.27596328783608,47.63903541318351,38.41799405778391,0.42427978184254794,0.2398471805100672,0.7992443204957025,5.707684933964384,0.4622910777481752,0.16745628280496963,2.6875353464453666,2.207991115047326,0.3087126305491699,30.790244194282852,92.46717332690663,69.0931445077566,2,KL-2
96.63400340168455,36.56185889177746,-0.07934146777548619,3.8206385412965056,1010.4725747014372,45.82644724900974,47.02470662530831,60.84223022907293,0.5216714003703685,0.2475686569883841,0.8789307695239315,5.225413947928242,0.4460377282628619,0.15636320138153414,4.355251243010426,1.7838607120534047,0.15831264316375235,22.29138878321843,87.76480639913063,65.18723608595305,2,KL-2
110.78059520995646,38.00495456602799,-0.2954393570927272,3.8358784637204195,462.8540722731626,50.07531138310389,43.50455409189955,47.83447510836332,0.6232492235024744,0.3222400678051391,0.7670888878124905,6.412173100992913,0.3715051040293947,0.12245584023245266,3.1766887389484575,0.6711401851510059,0.212739728553803,25.120678472198705,97.260468298167,63.243025274147165,2,KL-2
113.22198648956704,36.84184400579506,-0.14723978439051758,3.888052498148763,675.8670645652688,56.182622547051864,48.190120905978326,51.31793869125591,0.6150744264507245,0.22258035768661244,0.8407161425703887,5.564251243026257,0.3856541212031162,0.12977890815983978,3.608087690756558,0.5809578049671827,0.2977970286305082,34.17469081581966,90.17610063647452,70.26389463819979,2,KL-2
107.28596542644038,48.12360541057927,-0.0727326977554379,3.0138389975178432,749.47367177722,39.29716396676376,36.404372711302585,56.38537027136181,0.4907257252195539,0.23487261047367541,0.7900692138560768,5.356484835999363,0.41558144118623647,0.1653637842712996,4.108596600766798,0.0018654774943824824,0.3200225141308141,29.002858328228886,91.47788689274797,70.85374780689705,2,KL-2
128.49744244199437,46.57056696237,0.05205725621673975,3.741637790120694,626.067981611286,44.643260745598276,52.57192878994939,55.932868423810284,0.42235316508988463,0.25131839775779297,0.7498729018997534,6.006545287434486,0.4347199671073618,0.09161539256610958,4.626542055686721,0.09849213510736898,0.23456677031268938,30.699394906574543,82.14144688646702,60.762959098386375,2,KL-2
104.19417461799293,31.575877859764994,0.20735133778788503,4.137279572381375,801.9426384392949,53.54285762125688,25.785146579224218,61.698711202749536,0.4905056223720342,0.13960046503518206,0.8000580493360435,5.516529368808469,0.37457582129907313,0.17021072091964018,3.1020406308618966,1.464282159292842,0.2171034551543347,26.267394196457104,101.31435062109385,58.18357489886,2,KL-2
106.66899400836492,35.80324072151732,-0.02222011635429571,3.1661823906547726,595.9920795207624,53.17910593221334,48.74230644122743,68.43787579703542,0.487521787941447,0.2340361806542798,0.8345852556803993,5.637023630102854,0.4085368555310348,0.1132466231794465,3.482109848643344,1.0841955690490066,0.1442305646845008,29.097470116384283,112.36050665762478,54.90464818529887,2,KL-2
104.35121300571903,44.10002560781756,-0.3618621022769678,2.8392093089807573,718.461719225997,55.520947251360745,42.996433057364264,55.5871730006884,0.5607157426643822,0.10085230526282901,0.8676854919988255,6.029230087159535,0.41336956503987027,0.16574030228542702,4.579451178004292,0.8558719467536839,0.2920511938181676,17.489939099324005,82.32793660941958,65.26763296161188,2,KL-2
131.38083117158203,42.61161742261945,-0.5092328159675134,4.324198082653413,637.3513714601968,56.04940581510493,59.16287942756635,64.74837007929605,0.5165998797676703,0.21486870628625565,0.8737346992672841,5.736758688110222,0.46433848781876264,0.11984320207611539,4.028228327565268,2.636056549124456,0.3555023748117432,33.23005969210383,75.73533972223632,53.61471778281148,2,KL-2
107.61333831381675,38.751252226021286,1.0889748829500898,2.7264434131589543,846.3317299545727,55.2087554649269,66.55311070633304,60.177792119166064,0.4647388630610287,0.3013113432035696,0.7852617962887233,7.055804687650317,0.4377232914467559,0.13012818667418916,4.152702815430965,1.0514612103837835,0.45521232468797534,38.03966419476235,92.74003863792957,65.79542766583228,2,KL-2
121.90068086325334,32.17439877021459,-0.4019260121058253,3.7535811976915814,618.8362596357273,54.04924253305194,45.689478312496426,71.22593275054135,0.6133410453808534,0.27683599349506416,0.7506375383983892,5.8625857283404015,0.32465991775823544,0.11897074930282622,3.119320958534299,0.7279648577312939,0.2809156946814437,23.674912253926795,92.15613206757683,74.73469433139552,2,KL-2
144.6355765184511,34.904759723078726,-0.1574500005057532,3.203262151584111,657.7751444456181,52.945918186610946,62.907259291414306,57.7368977867242,0.5362340693955867,0.21431078137275544,0.7840630550211259,6.208919109439611,0.3893184845757307,0.10404469131566317,3.5224742820440653,0.263775237845865,0.24592962786848152,24.298339062452158,106.55119343344433,62.172321837709724,2,KL-2
113.87772369474122,35.89939459472226,0.25680012100557403,1.776747506812352,813.4826844996586,57.8181047177949,45.838837193695895,59.052879890705334,0.5598332522184752,0.25244789309342874,0.7409234623334922,4.929152976253528,0.3535608315008292,0.11189835305567064,3.6492987405717416,2.577942029226514,0.17641515094792742,31.204399491187413,77.74966057145761,60.710365755678694,2,KL-2
131.68091020049735,40.661965986714605,0.19434424382627236,4.152875253982864,576.6353609088563,34.585418667486195,39.3387347687091,55.50719462401312,0.3870011652694986,0.18550062597217568,0.7891306900291747,5.469675434042635,0.42840437103058365,0.161373342095057,3.2352631455942156,1.2879112361827227,0.09969144690054804,36.36939645253373,86.04453789971083,80.98275818901716,2,KL-2
140.0703112613969,49.22236292818343,0.25834627702462903,1.0437170963621056,708.2500068116286,64.85466789576988,66.45903632185619,58.05301752049805,0.33105881034421714,0.24985939581102878,0.782916735819012,5.3565431525416445,0.44615766752525216,0.05057508051982594,2.7452582245956556,0.14552639869573264,0.26415673997918665,28.989513413085277,66.72756112879776,77.07761455350116,2,KL-2
130.4078734006062,34.87871859127123,-0.1270868278128702,1.662697546593913,481.2958787576078,34.864143592957404,54.20776444734007,50.59814245984951,0.40999633748444736,0.4258192171295506,0.8363745102078382,5.4228101383486855,0.4050777992805122,0.08283102165585489,3.4437008647418423,1.5700194495108168,0.43802712961234425,22.853409895937478,108.99980363454188,58.88321703555668,2,KL-2
114.74798026033389,32.84378851466856,0.1454232282558189,3.6718640635845374,569.4479849645111,43.86670546476407,49.04438522609814,49.40883256627784,0.486556525951458,0.3607480792223159,0.689703241004281,6.107768996918502,0.38659364846860744,0.09823584871925693,4.562572919750658,0.8302624220794622,0.351664978372553,27.956913816810633,95.50653553988036,66.1121054484718,2,KL-2
124.6316163849792,38.34848113903234,0.07453746569634545,3.671656958942492,745.8557531068964,50.68591362679884,55.87177475098648,69.3091846233927,0.5711084814091048,0.25315732780103567,0.7633196026956679,6.417782533888706,0.40345848965179915,0.08764965622691936,3.7855040793362975,2.502080798681526,0.33932514152910387,23.850339598441035,86.93880503223045,67.62942593878466,2,KL-2
95.68932110296981,45.19043388308435,-0.0748525470165149,2.7399361136979716,581.1162988556521,57.880903128718735,51.742150351301675,47.001579801784786,0.33762025036741616,0.25960864989492244,0.7637240847779042,6.072315252317256,0.4104459636738877,0.16529938831246466,4.574574548144025,3.7683784825209905,0.26964822536463323,25.65576853565612,76.63274225690589,66.62928338180943,2,KL-2
103.29935262775072,30.31870219943578,0.14816389670853594,3.368257672242596,634.651248181145,28.53786487360307,48.30780592058482,56.17058292362516,0.652428165149759,0.19122608112192693,0.8593563626204012,5.786677688216846,0.36799501741415463,0.15773030933559612,3.8574125485377118,1.376183915115206,0.27876185282242577,27.479794504233418,77.734287301873,79.51738758170231,2,KL-2
105.92987227552122,47.721804905249684,0.47214621870028267,1.2248559633775964,759.1703682457525,52.275005408465326,35.73565172692003,72.18411343525196,0.5386452821416101,0.20189265352293698,0.7443077811299491,5.584572480643791,0.3390644449615317,0.13776095428183846,3.2911753622472224,1.9729869554963306,0.0561002145377618,24.353377058791864,97.4712027974967,65.69783913935537,2,KL-2
148.60918180261424,37.96781182730598,0.04111991062586874,3.8155803715764796,630.4976630623684,58.83916031532588,46.29463262838733,55.767590459956715,0.6338235994359929,0.27173105932628167,0.8113328679824496,6.456799875593255,0.2974930478722323,0.10086587797567394,4.516571407939033,0.08738281001420503,0.31100084646111975,25.110471379127176,79.21089945279148,66.89787900504814,2,KL-2
102.81123228617099,34.59407998611976,0.04378113854256921,3.4497803896428776,798.7410487859629,60.456144928227815,55.232554234584725,69.9448854442269,0.4541223934020697,0.2185064460618109,0.7935935792790109,6.935627727077431,0.4633591065869442,0.1600515560038241,3.8773956844007396,1.2323419503292223,0.20365275443393474,29.372670001111217,93.74806507778283,70.50929836117133,2,KL-2
102.58784873107255,29.398864279427045,0.4772644139503937,3.2134857173329636,725.8795344983278,46.92136273202033,47.772285743131896,52.9074513512779,0.5653087947337992,0.30424897569109494,0.852152126341819,5.967527852391846,0.42481831218174826,0.07235610222013367,4.3271032994564385,2.111828548343393,0.19386181227232901,30.07517906068615,117.01533833362036,74.51935772838134,2,KL-2
99.34118529626525,43.23912464052376,0.4345441439275253,3.266673185710218,752.2819734309404,50.09331770435974,58.02325761130386,47.38603672379767,0.531815674397663,0.3441811408586654,0.8297915932255273,6.369681532035787,0.41812555056720857,0.18425947920443808,3.109003097327657,1.0300385351799792,0.2241394437561114,21.880098330895166,88.32894852466215,72.49519355443284,2,KL-2
123.39717642896142,37.972972828550795,0.6835745763853934,3.6446033409544256,848.9158718486239,47.570814968858976,52.83655023866789,40.862089741190154,0.5904149050443643,0.2699572470868623,0.8060621865910189,6.071685174897738,0.46325994439764745,0.09946110608467347,4.373253773768702,1.350441868499306,0.22143964084391882,30.981908612546686,80.96266667230745,69.30467829049311,2,KL-2
117.13932089003325,40.02423289652704,-0.6524920937918308,3.2268787812017115,738.3787675136879,49.358602771791325,40.21863681914593,75.75268883127194,0.5062966905920226,0.2561042323503956,0.7722666562705965,6.277752453232795,0.3372265995153791,0.11213894334475685,4.391333565326519,3.438182819457795,0.192589152642267,27.09033068434301,97.08408646543316,52.53040155684873,2,KL-2
131.30138465539846,33.59512955393182,0.41204767326775577,1.750755597815024,884.6616748563213,44.24538759417252,35.80828042167876,46.35754582038702,0.5628572167206071,0.1491532225053609,0.7073828748445061,5.317726610944942,0.31321845620724903,0.10711968448515857,3.9238602866139214,0.33115625021372663,0.25110976577407806,32.60130761776305,77.79049911061927,61.094898207532594,2,KL-2
125.06889499116032,37.085423794493856,0.2906320181608717,5.007065787618018,809.3514739645389,45.38598270023266,47.42821500069832,68.96623908150112,0.613175625501696,0.294856614716323,0.8123542827843702,5.6559318599289385,0.41921159582595446,0.08780677757703968,3.2658467485141305,0.15512112935832345,0.20533779230335575,32.9024876034393,113.13981436395284,71.55536965764216,2,KL-2
94.29415229913899,36.080512521871576,-0.3042609591013062,4.210640655542761,637.1857084198653,55.97501537622694,43.75771551895412,48.00063567847941,0.472905896488658,0.1813797219076565,0.8265244899264936,6.0977347200227925,0.4146635687721715,0.17775339371810758,3.7223947027724327,1.7598919667284871,0.2580258364604917,26.277294095224757,109.34343602234001,67.00318957823444,2,KL-2
102.89083344984444,38.39644136773075,0.15063516719953793,2.2220442704361374,855.1777690025526,53.55292298618193,52.36321809621686,75.80860701527786,0.544379538599172,0.2249194522819948,0.7212566193762673,6.50624547204099,0.3134346595163623,0.1436668389235346,4.116774688342947,2.5961284041547987,0.13102577483599737,32.070738470188665,90.52994057255627,71.60902907058362,2,KL-2
135.47993122413732,34.98268604174514,0.4704486991031995,2.9738902156187277,731.6639225083535,56.43269206072379,41.8186234123727,86.4813926953812,0.37397102102221214,0.3075745535431081,0.7383152917835725,5.490932889181163,0.41797605310702357,0.15646411626239362,3.8907420119619203,2.8505898901418334,0.2328753783494386,24.81521980150585,81.73248182290936,80.09732849336999,2,KL-2
111.95052633134793,29.79491423587667,-0.2816635689941601,3.0611726478751673,652.6384349607396,54.21211511760669,42.84607674245123,39.76163928371596,0.5812002415250687,0.31178548985854193,0.8126164986685838,4.883350444479937,0.37998885238002156,0.08328992183817686,4.110649642864659,1.5393446406294367,0.1622963528250999,35.61881031417645,87.39076152669567,55.5842943595254,2,KL-2
132.81387727027018,55.37099847177964,0.22702497160912286,4.113079653207171,733.406283438506,58.134708809180765,59.53069717594912,46.982922790094236,0.6813730034769991,0.22200954835899298,0.8169570843103935,5.650867786779376,0.3596455970131209,0.12542813481011997,4.357347544591743,2.686560355443633,0.1986840545201707,25.004318995717675,88.95201265497487,74.10328139843668,2,KL-2
112.75478578127024,30.819574515974914,0.398541470292407,1.5225848517441856,833.4792189268315,59.52571198523996,50.48202968627898,69.2775823656387,0.4254451161801044,0.22546506790480084,0.750467634495397,6.405065357174125,0.3833288145858793,0.1356308606799421,3.360932007976847,1.8092839169511676,0.26147190744268245,30.763748043127567,97.10280558048478,62.35709230005095,2,KL-2
100.48515357567219,40.088754041655235,-0.37840782501259523,2.8507933884561685,754.6054113090667,38.56626704107117,41.97272934572707,66.15651508038978,0.5176894991657646,0.2080408676045997,0.771296764321598,5.108052204456076,0.2779235714540765,0.1281226957064953,3.0569546274239165,0.1371484739165862,0.12168019081960336,28.0619542767786,104.97558795161339,72.48279855419786,2,KL-2
110.45108833499941,28.367833029455745,-0.006914276978059211,1.841490845329997,918.6871399061677,45.665522796685096,49.1764180873502,69.3230622571223,0.5954385040731291,0.17812877528044535,0.7081755580714786,5.311540053934208,0.37043128883040305,0.08518879646796,3.727476719176655,2.153501142391808,0.184207409818229,23.915527428812,80.06184843089692,64.67023405305505,2,KL-2
100.47925306675457,27.017715380292152,0.17038735065696445,3.021923587337329,830.3836669478586,50.64899234007969,62.78911243001683,53.11493339514749,0.5275133978773241,0.2119122710737455,0.8688631951906616,5.977959293025556,0.3647852715257897,0.1522650006339191,3.5521541046780793,0.2965055655590271,0.2955171507869067,33.504578808926546,104.63091478411293,82.01603631114396,2,KL-2
106.51670856396365,39.58695895111361,-0.2684526022171819,2.8719992855320764,762.7792040082595,52.31857979610127,51.93786688274723,83.85040993228041,0.538207964119458,0.1532121988651187,0.7350062796315773,5.842014373619269,0.427855122346807,0.12364650248355463,4.22150784789369,0.4049780653188141,0.13694577265073593,25.929340955666046,99.91222735373557,66.04069549009391,2,KL-2
118.0138855984787,40.04620552660982,-0.30166127963741846,3.31375525390617,576.871830071061,47.139275409455735,54.9295080942513,61.416593600277295,0.4937200446781089,0.2909837548904959,0.8271129695624275,6.197233240776614,0.39208849317445565,0.09135107893070991,3.105300966204715,0.7529242673867285,0.3922293712223046,20.499639175108467,86.40652611032073,59.875886205152156,2,KL-2
122.6740763555353,46.5689939448143,-0.0040178407451096935,2.7661004807926535,678.4320983187855,59.79618936790644,41.477654634725575,45.39644907787777,0.49074781975296683,0.27367141630971253,0.7982519651923309,5.285636619777211,0.43194344368394405,0.06434248381342009,4.362229124506608,0.5665569305982934,0.3463526364904517,14.58993318415985,79.45945725187588,68.35899698233415,2,KL-2
91.14713015118552,41.397281046094236,0.3706558867614768,2.649181286887581,708.5996967701021,68.33958694632479,59.264193771346,56.96221799948466,0.5180644677131697,0.28363175709223076,0.8644796809812378,5.7375107029156664,0.2725230327631659,0.1381999954046964,4.56216726572806,0.5821416938997848,0.21043783324381768,24.624776527860146,93.89479260751081,67.59154224574615,2,KL-2
114.73947988736353,38.10113568752526,0.30749360047684393,3.7457253534105184,783.5957801461296,53.98929564465387,72.18102260463802,45.55719724525401,0.5283337137711486,0.19273575696549144,0.7603872953612621,6.497592701201549,0.35804508887144754,0.19351367202394504,3.750182978557374,0.27815675459733136,0.18702322497719492,35.879542096494866,79.784938195575,74.10477675288358,2,KL-2
106.20076396660372,33.302398535609974,-0.29456509167453687,3.6137381927540644,776.4799649526631,53.17472825758569,41.08532357487147,79.09129630264925,0.43048469907381526,0.17829576618909662,0.8030626355170193,5.303551903181608,0.42779985257857217,0.08954237179961155,3.7864416753487826,0.521936108022822,0.26615519226683854,35.2886923375183,104.78417018995128,68.5844223888394,2,KL-2
105.27377786561782,47.99407240940129,0.31086715404627446,3.6911186742225937,720.3448492261944,59.29565004083465,37.181060256280105,52.0760248463986,0.5197182411243177,0.25321085645881364,0.7150786545381325,6.638456148155135,0.38455676847134224,0.12511341151238897,3.289472099261908,0.029787705946183664,0.13420301943782723,25.40700798826234,79.01340673441354,84.80051711335443,2,KL-2
116.99026928699615,44.573107476301345,-0.28437591046660343,3.1084799276073256,714.4419898452605,37.57328195837251,50.75542243835148,65.90980181693547,0.6504827150967462,0.25384615389701354,0.7030736581530123,5.366291507055656,0.4422730266487183,0.1533149183727473,3.4244034606155602,0.9605786446507202,0.08982858201340536,27.127725426493104,99.07247431795773,64.10876691678182,2,KL-2
106.74322190966181,31.522023133509453,-0.5940679191973738,2.7926091342198482,786.4548274091284,52.72775152350729,57.755050498444106,54.35192226021383,0.4914692965128876,0.24116381034922327,0.8298166791932736,6.324690788688806,0.3097698545305388,0.08191043201696097,3.5049979916125897,2.1953525896771713,0.21325319007579469,26.675434622219885,91.53260362221901,64.20304040175621,2,KL-2
135.7320699227001,39.227782369263814,-0.09685742841889255,3.1549180143833833,596.9696529244017,60.33228660374014,48.08610327949739,52.61535228284984,0.4260196013700298,0.23263100384872903,0.7107487080465148,5.7135207448934375,0.43655554198447366,0.10560129692744925,4.615764040702759,2.9734435994177995,0.23927609867982466,22.332839272752157,85.77250138749758,60.168911599575566,2,KL-2
132.8209281437659,39.86431338915898,0.49918774863429427,3.6509296560547617,903.4618983099828,47.354768022391106,38.467936039573374,37.07694982462739,0.5128867145610859,0.3526465466616632,0.7885891232782734,5.327545871180512,0.3680430391107479,0.09419523662215794,3.7068775285135356,2.5757732250133727,0.25755417794828245,24.255840641883285,91.26602192416851,65.68534670683341,2,KL-2
132.72742440913058,36.92607806036599,0.3123842208565494,1.5085762392225213,454.33997378038345,42.687515360784275,47.9141583821961,67.1780952358868,0.4678309750300563,0.2755615007075787,0.8505647723986459,5.651550476423701,0.3631901457808662,0.14954030084473638,2.956696226015995,0.8079575532917769,0.20082075071056923,33.90574759700392,105.45979803561042,66.84847296866363,2,KL-2
107.57634706764547,43.63110291484077,0.049371277050722286,3.5652895442966863,874.6491378606435,51.013555119201776,54.98092272777455,75.5901750315502,0.41793265397424484,0.36824070348798943,0.8373342428047339,6.172464594089497,0.4495523523463726,0.15976567708062178,3.903212605267202,1.9663711930047185,0.3519157383579958,31.519439356897003,78.19291109207452,67.24968423964702,2,KL-2
100.56251747621016,43.99039883008906,-0.11668219343642303,3.4973105498678385,694.5777365889805,52.01451653438463,44.92968173053941,49.00838902361818,0.5361334769386097,0.326137901525898,0.7667707256025702,5.896573002549255,0.4580950564978253,0.12477108794195205,4.245774074773365,0.5092859582492887,0.1303888273212893,30.365444292649446,87.5541213376982,65.53750140395199,2,KL-2
116.23044894082173,37.85708581316936,-0.1059048544465725,3.299720724868582,820.3095777125912,45.230781744676335,55.07255017754922,41.45725062001594,0.46817743702791376,0.3521962555610407,0.7205748431795913,6.459234705721672,0.4517349848043641,0.09474797793017697,3.734753178407043,0.08574860688107705,0.1589390292033521,22.324266941695708,83.47907722375375,60.12143026618161,2,KL-2
112.74477450570599,37.31478452521405,0.09351396234431847,3.13054926250266,743.6608521151136,69.26929020840761,60.6471078523991,69.63979251285394,0.47502286665173804,0.18553223401863989,0.8254747430827764,6.617870030467441,0.5019320962524133,0.10671627186216456,4.6315280638361935,1.6903858236848643,0.2889308764915849,29.503516070169887,92.03659439741543,57.94667897534116,2,KL-2
105.86765256364953,47.99375077600519,-0.3773749943383316,1.197104491254069,741.5241293092962,48.67042895193644,51.402306257704474,40.245103810724984,0.5372741904308311,0.2855902594598818,0.867112839143009,5.308484667341075,0.4633401804221667,0.1010850445725974,4.2165052003595385,1.5695827452395674,0.1570682091490287,17.480775152559893,84.28382928984814,61.99861020131555,2,KL-2
97.36398329999558,44.597033354173426,-0.0892429380805189,2.8981173895196752,766.5105371231825,43.27072518858745,48.72052228721707,74.6343952313791,0.40234603237101324,0.22409407066039763,0.7668880960667187,5.271865427544828,0.36022817081338504,0.0906819341513098,3.1205227620672877,2.426427386585744,0.15397436382421464,33.214013456302666,71.28302509136063,74.13230128188091,2,KL-2
114.37723046097892,39.43416233945031,-0.03622778454390754,4.681550968861899,797.0865146905334,51.75102944743511,57.29343925226282,49.147258524544554,0.38567442797991003,0.15019679731842803,0.7598343570796441,5.247603113189579,0.4070819064067825,0.11693885397544605,3.419140312562159,1.4360840169076745,0.2598683833765731,30.29287450368571,79.83834943681165,75.85439748393183,2,KL-2
108.9389582462129,29.22474576551968,-0.49042978338059906,3.2603210364546444,660.5403008095312,59.76288510163593,40.438991725627695,46.76048708610448,0.5786697755601545,0.33976019017333153,0.77375490185655,5.450401951975991,0.3819901045757532,0.13724479453385585,3.885735768854765,0.2559896557401703,0.16571819037471747,22.27383773950085,112.15306022245734,64.38428370847652,2,KL-2
125.32520555557029,41.06400063783022,-0.28537930035903,3.0041681290602256,824.1758956631484,52.63931399198585,39.452901663070776,62.9815490535755,0.3705333119420734,0.23237844845766226,0.8285804355403557,6.452107260409873,0.5014544929974533,0.13470772333285558,2.7502864571840355,2.8776420160009906,0.239353245766345,37.0821277874502,95.46073853543527,57.4673362682606,2,KL-2
124.97659077282219,43.18850078950601,0.2142027165945526,3.2635249564720903,569.8635251705459,56.38475136035202,46.33427715071015,47.54232857986275,0.44686578437541163,0.18669390218399892,0.8614258803207456,6.180180975333368,0.45524349773493544,0.11975302906291467,3.951814042482369,1.4802822074390423,0.19401147522737947,20.019176704157093,95.04834464569693,64.35061111746568,2,KL-2
131.51199708134075,22.47287022960976,0.05380473597639768,3.533818294902407,699.3603312008651,45.52791524533474,44.081205451855325,51.51466702448149,0.38101283716892503,0.2251261682050784,0.7380196594309738,5.627486213538784,0.39055599316432715,0.1217116151047609,2.693050543647211,2.472343729209062,0.18106690373018083,31.651530911248013,89.10865131989634,81.73332348216064,2,KL-2
96.11056672179943,40.51121668990815,-0.07350471647735317,3.7770561957515714,800.3163909126732,64.40150757122811,40.966580247095244,64.24778319205208,0.48610908265209346,0.20222655263357084,0.7250859095337673,5.894448704688584,0.44389548988765004,0.11755347614730663,4.364060073338706,2.2315415640608114,0.08181556869240478,31.77585884489331,91.88049491068996,72.99174268253296,2,KL-2
121.01587461540448,36.499848079225586,-0.31457097501518544,3.0668958694736466,819.4021095539067,56.99368822334755,67.30468474998774,30.85065195400025,0.5592446998120932,0.20837812194299996,0.9169998160966223,6.6021527525829695,0.33839007668434473,0.0810836538250118,4.294364210875025,0.530443283167336,0.26116505222570696,22.801647803237596,87.34225692602344,69.40594153226039,2,KL-2
104.08801440649492,37.67487431922269,0.6807399302356867,3.589935681914947,755.2946617913681,60.88161255102088,70.71993209494292,79.70903095113987,0.5339870358985902,0.23670379658904103,0.791133860605498,6.85400542548956,0.4125130868822736,0.12480404690948617,4.052868816549043,0.11621758166556531,0.1502248006309657,28.810746545949417,98.82314237249278,72.70147933642056,2,KL-2
96.69378683783373,33.55571428342007,-0.2851916858717274,4.591320642209087,652.7929074453117,55.421285059801356,45.46294957744418,60.523681589588854,0.7163498711565828,0.35384891158268456,0.8126446397845154,6.029692166721402,0.3531038753698458,0.1024912324363605,3.344472981388613,0.2912956251967327,0.23654062371755843,20.815860789235686,93.70970625111248,77.3245328907305,2,KL-2
108.57096644576934,38.11086425757815,0.15063712290469497,4.055000639546172,807.6049334042444,59.099072301830276,49.917189497483655,44.48440785115766,0.6119532494231201,0.21002096700732245,0.765403457969118,4.5703594079763015,0.3155703899686296,0.07957970342521686,3.8521216947681234,0.14619158854813424,0.2090316081321148,14.768128418365933,78.44478147809662,55.77707038762304,2,KL-2
131.03057470201927,47.35194945708798,-0.14514763522951818,5.122240172685584,619.6760513057496,45.51557952258218,47.12157179936209,47.793055568557904,0.4505073719874719,0.34955623985315143,0.8244981154726357,6.048643547379987,0.43922681187649165,0.13112116701346752,3.441973507491211,0.41840549764165696,0.23347935530400935,23.660618865341707,95.54469403725031,61.86368105042302,2,KL-2
109.41522469644273,36.32160900710691,0.06451171705533405,2.724583713318627,910.1690888498694,48.5687166664835,60.07499240118156,71.89975653912963,0.4292355996138872,0.3009302077587713,0.8480030437350761,6.367374064770674,0.44542955475937757,0.10164809890744365,3.13151083352996,0.9229805298928007,0.23802597007893914,25.916875288690015,62.99509692074139,60.77022693730547,2,KL-2
138.4818198993867,44.7934413527591,0.23304389677614903,4.590951606001612,689.8394923000403,63.27184476444824,62.05645561840047,67.21263522088924,0.7415350352780401,0.27377629381516516,0.8149898085786464,6.012316157928038,0.4228606318105993,0.12683261763776507,3.5467541929371533,3.5596820266765254,0.26549026007346105,32.22128090405396,97.46631039613342,69.69691517656787,2,KL-2
123.233177732805,34.16201268672234,-0.49810263568315444,2.617461088061924,515.2449166952847,64.97793557827171,31.227362013103534,76.64136788742253,0.610005760458669,0.2948872019351125,0.8870429038507217,6.263257459367392,0.39085164797167493,0.1454291344520828,4.168959321895257,3.0838073346437094,0.19177925588068456,29.337040425304103,75.58771771796174,66.28088712511678,2,KL-2
109.08864281529135,43.552537155936236,0.04735350233860479,3.5328529173923706,556.6379838380137,43.32347520224739,53.76010800065626,51.80708586234918,0.5721495685815657,0.25081933983024746,0.7836627705029453,6.078532687230193,0.3366820672576795,0.09149283836564304,3.7762885156990564,1.9019662158226487,0.34941571834186946,29.467727296930736,91.34733896595908,71.05049032551527,2,KL-2
132.40072643359613,39.00993513373171,0.5262914595919382,3.8359812233904793,705.2372364255505,54.497888542910495,35.93178658838852,63.55900604580963,0.5309881449772494,0.32716300623180555,0.7868558763482311,5.282677291259068,0.34193265646413756,0.12276363846218914,4.620425954480654,0.03661173252551006,0.10220799513155386,23.927891883582074,78.16446876164574,60.944901201062216,2,KL-2
121.68095158171428,41.11214897273568,0.7546007573968012,2.841378246476422,716.7790325591263,49.05244959611818,66.58272157875278,65.11881494140412,0.5468817253980014,0.28401881579602606,0.8115703175638708,5.456880783318269,0.3515360010130601,0.06568731354808915,4.2094683236881645,0.626433769137738,0.23187271051782166,26.34994347979307,92.53387839439716,75.97561640543326,2,KL-2
101.01160917329942,39.042919536584925,-0.002005589302052427,3.3203714219794205,936.3588021941315,46.92374824508111,53.40248030210398,68.34321000302684,0.40643413796140593,0.15012004089846923,0.8232480822753048,5.739423906434922,0.38831633541375377,0.1659759927182783,4.145214488343371,1.7202002665018283,0.31689847811286936,24.350366950654195,99.43934223131467,64.44533033480559,2,KL-2
142.88203953370774,42.84975139464725,0.0666724828867635,3.978368881961473,575.3800794862929,54.778717562843596,40.766504616373645,73.52737348118484,0.5375631336157415,0.2677751159133979,0.8113973631031304,6.432707389119177,0.4538089366802457,0.07922800509333654,2.7846440703326376,0.20721971895523572,0.2881418042402083,22.87512996485096,110.53392502299496,70.55636441566546,2,KL-2
118.89218234629715,23.59448929239745,0.9345332114406132,2.6817832813504734,704.7354639164716,61.627703458923264,46.58678612062147,51.39283312986783,0.5306985117967212,0.2970383885795569,0.7357792486522454,5.51705796583969,0.4530202105539326,0.10455541012807876,3.578904881906833,2.4223380136425154,0.17201315387771224,26.031502865063715,74.00370813986225,74.56325199138352,2,KL-2
115.28194287978238,30.48104811925458,0.5039697126396793,4.585506767638118,572.8694311501532,56.11329978627355,46.110227417338415,58.62995678687423,0.45266889255188164,0.23265992688392698,0.815625758309778,6.1279513165838235,0.3175716200193561,0.1601513971129187,3.1113765537394804,3.6901515432058893,0.1853403605609581,29.37256192548167,104.20567546805361,73.92099452395975,2,KL-2
102.16700995141576,41.50248298805187,-0.19691382770208768,2.142322700218121,640.8814176143916,49.94390040064772,54.25112942885816,52.67820305303826,0.4819178837145217,0.25757535236283596,0.7812913207598281,6.051846296960599,0.3653383331641526,0.11296431221757042,3.6401982722256574,0.6556762055600884,0.1694565952538717,26.136807402878983,94.07383246452966,67.88662726721438,2,KL-2
132.69307401411606,26.738769876622584,-0.19759338035444934,4.801753154182707,902.0766436083205,56.61888943948128,59.41912604177478,59.36865751972349,0.6462141114754845,0.21322852031953557,0.7709511492962676,6.693098632539566,0.363991949021408,0.084078069410991,3.334034325646106,1.8354627763221805,0.29793821045315116,27.382486652875137,87.09199416610451,71.55477525106036,2,KL-2
122.7591314104196,35.81651786611675,0.4326197847149074,4.051060907839673,563.6396532212812,49.62019061135279,37.5179270802829,68.3811933847557,0.514986006376411,0.16734246063618638,0.8016241027376622,5.879160110935293,0.2734208435749377,0.14139219696859606,3.5234370281652367,0.24061255979073087,0.1908061017187593,32.47457405455695,101.61827806071352,78.93328531177829,2,KL-2
124.43857270442861,38.673954953780104,-0.3544148520182922,3.178219538937777,770.44509088814,55.79691440584482,67.38754500912114,40.15157399687157,0.6906937042026489,0.1569773877441256,0.7519238656335392,5.022620790861871,0.42830604734749533,0.14071597386453555,4.386697639424311,1.7607302439397552,0.27040984704987603,26.496227906546483,89.66890178697751,69.10880987179756,2,KL-2
107.38702984711347,34.03115917432262,0.48509070053554126,2.927865431010615,747.148883081727,63.67172560364587,65.05690107820844,73.31245883351143,0.38574564508100934,0.1577759207758682,0.7432304338063384,6.22343523244839,0.3876920087840739,0.10100440981904299,4.0351499574035,0.032533388657771244,0.2711441131260764,22.330166845060543,101.11036619680814,59.16282878350736,2,KL-2
127.51150857865103,34.850631583837355,0.18371998550040333,2.844377389767181,697.099428837015,35.88272272559338,40.24676432408955,46.32981450883501,0.4832295851019402,0.29014268454823194,0.6692265519998074,6.969027605817002,0.3943428731684512,0.10425220437658803,4.354268657388981,0.24514049510691965,0.43947147745882975,31.817267608006198,80.59276344246406,69.66440584771108,2,KL-2
128.67720390356203,40.62949320092155,0.25708830561082896,3.141363487794388,762.3323947830085,58.87801838832027,49.728017943623094,56.31155616363322,0.4012177159002465,0.10058309749742028,0.8873618664254945,6.2561916724332285,0.4672935529187819,0.1069377308814574,2.7895901345904086,1.8561984521127641,0.2750601007841363,30.32924824254142,84.90403561244449,64.70175025584328,2,KL-2
104.96832641828317,45.055769734678854,-0.05269352139202134,3.211203310760939,560.7975541668054,40.187560627436255,66.10808544114316,74.9273030995935,0.4282462036886533,0.21001120438219115,0.8277865659551501,5.506169204094797,0.4044154506642178,0.11378928117941906,3.784784817969398,1.86641231185946,0.18510847881996292,30.64329749086157,103.8232006335352,46.21599092476525,2,KL-2
93.74514790478514,33.24930371247115,-0.2019299216985639,4.254180997307666,898.7587009364269,62.32662168435569,61.32918586677483,63.93611661580086,0.45874354354725627,0.20406080288527734,0.7941617939346847,5.359027060410518,0.37846347675169906,0.0632108676923458,4.33002298883796,1.5373293192800448,0.13318797903468807,32.12919328767855,110.32480628284506,68.69598418962474,2,KL-2
123.72059589008386,35.549650822875776,0.634797132347328,4.824923280307667,930.9814594148226,47.40379512101711,45.63256969952104,64.07435937916391,0.5502247701416473,0.23307042784075213,0.7666388381556676,5.423515583246298,0.42860388105024716,0.11455728416645701,4.653777548932293,0.9733051328802379,0.22793178282898036,31.283207636539725,92.07961721016581,65.93320520012486,2,KL-2
91.3997957559139,34.61243416003773,-0.04869491222138999,3.409503936523206,705.6525637311177,42.75862897914813,57.14339814567873,45.83248745645867,0.546346093686431,0.13861410700382784,0.6561983858976791,6.901655940191024,0.45294359232877807,0.17351742594549446,2.821146966184504,1.685471010356621,0.24047313260581452,29.143643462356522,59.052532895730636,74.2513421719795,2,KL-2
117.28023666756668,24.47172148873633,-0.11437403062954472,2.5734972096084765,990.7727356736265,58.06215381670998,78.97198291719138,47.47096877011391,0.4706567744297916,0.2742332856844371,0.7635735561889258,5.736336279739282,0.41482337830246124,0.09312090098289887,3.539109818303298,2.229508866651746,0.07314403780875554,40.957263314260466,90.11140860869854,58.99925074009355,2,KL-2
108.2913234281904,39.85027074190505,0.017945172848076226,2.8134191674910447,652.1166482140095,55.41336050513929,50.05159981851212,71.29507676002703,0.34677603541307345,0.17361031635040608,0.8357933168582038,5.568678303085987,0.4344594799349074,0.10249519219590708,4.370536004402858,5.093493747794085,0.19289166717655892,22.57515626849023,92.88911341386915,52.95432270096554,2,KL-2
133.2799781618338,44.60830647497095,0.12720885308717736,3.1035273723109724,748.0518392627537,44.506504776306734,42.67351748559981,52.930277454187326,0.6432154298425723,0.31794433244255615,0.8471087151796933,5.820781677936384,0.3927216175128557,0.08449147010410812,3.6346330123131327,3.292494518440252,0.27378820342620425,26.06791360755721,89.70671947968194,66.34944687528407,2,KL-2
109.10734163849189,45.099859243895295,-0.36233005068777946,2.4259023157625794,871.8266876529416,42.47600194265285,50.724198520913994,54.06105752040181,0.5021388227170915,0.21269405874467007,0.832114599680165,5.74154647569715,0.39590711268201684,0.1383648577918606,3.203749395498166,2.3737135421140776,0.207411546378706,33.83667182339084,96.53606273998638,68.04141910084357,2,KL-2
131.60909458005708,33.775401741355566,-0.17594859768276466,2.3068468783140967,644.9194647732509,51.000148100069744,51.46552095497318,71.56741501265654,0.43569678637590886,0.24426321859528477,0.8079195977876233,6.683825179893752,0.4056510355149414,0.15609592074427128,2.8200004929023956,1.7799731866131427,0.32748990285646695,29.712931460477872,86.77708086883213,65.75066356308456,2,KL-2
107.28685833455461,31.489811708879145,-0.19721282956242317,4.927701769898422,534.2141129344674,42.867304398630424,43.75463260999902,47.40103745556567,0.546994462485607,0.25022643139331235,0.8651937072965689,5.392761254491849,0.36234395247836687,0.15540953517532874,3.1807790792021,1.2805216942678928,0.1253314844223584,32.789615170056194,102.56645032813633,65.16566946948323,2,KL-2
129.99986507589418,39.129633285550106,0.38811212184273935,3.4920908207570034,506.59395212573753,44.008216216610975,53.41625067814217,63.230821594635096,0.5413556136418539,0.2646544631716343,0.7835731388955729,6.490321615830224,0.37159691928151994,0.08255968233319019,2.7366589988617624,0.19278818349445415,0.30415062561225736,29.848782147684357,78.4994407272275,56.45018436634939,2,KL-2
145.90512315755248,43.975642119398806,-0.30438502719995575,2.5834934930557227,947.2991876683191,53.42496632337147,36.45598940272499,60.5148879140123,0.4991858828000028,0.25222086264976856,0.854259445806718,5.961046048225542,0.46889398209092364,0.13499375191490878,3.7850762741004154,0.2714859800355628,0.3231111793220762,35.870282755799906,107.34218448824969,63.888662904200615,2,KL-2
98.9792929245064,39.929102689862304,-0.6523071431032216,3.9032828562861703,636.5170419233467,44.77302692595923,42.34466132991321,59.96777128964109,0.5368824812513204,0.22437336707604208,0.7807708778139892,6.503513256713843,0.500397804793116,0.16301250102642706,4.287786111467196,2.5745291253950313,0.32651971806732294,23.96244572183377,111.10094588753311,62.21275336396468,2,KL-2
119.38053582596362,40.735827815242565,-0.7368378251624617,2.3073231001545236,677.7115883897802,55.912314320212346,56.582447761547975,53.77877241746995,0.43259761276735853,0.27058291184164257,0.7559429345561118,6.691309521867026,0.479609895701909,0.1352898932313037,2.9934151446548376,2.439211799859928,0.1247314892276497,35.71229944703355,81.54328314327631,73.58166992613953,2,KL-2
156.23173623865097,45.8509855664174,-0.538152053870287,2.373190361703157,566.4683106014735,64.42114876706782,31.45129148457749,53.04173782244006,0.5857930274541188,0.27796882782969723,0.7497143509788738,5.942398816956548,0.33383713216157257,0.1343522905003133,3.9046378447266314,1.4296613163664682,0.2751642236685907,34.85498246602133,81.53680209276325,68.0346029122449,2,KL-2
115.99883240354383,34.56518064461578,0.5946152811392446,2.607566079148604,813.8007135195026,51.31155668079534,58.031675919947766,47.05963003446162,0.4452506324194504,0.20409191997342277,0.7467751789413523,5.742468195200417,0.3290071232707513,0.10585072264094524,4.25716261766752,0.8666241684522376,0.1964996705182788,22.9485544288481,97.42834376533034,62.77602302603844,2,KL-2
115.92682405344472,37.68017947996182,0.05648263979362065,4.5736106246920265,606.2128168930498,53.541208495884675,28.88018634294297,65.79198031249568,0.47655442757572547,0.27558206913841343,0.8329534014401242,5.933089415932552,0.34046452840274194,0.1266032947138099,3.7483750038909904,0.039566245921391796,0.1375086046413679,32.15332704943837,78.25335508308532,78.79107901138212,2,KL-2
126.8274842102653,48.807633070567206,0.25049963472288106,3.0476959473773007,641.0484366806413,68.64477386268389,31.68675421123685,51.982209701799164,0.5769041452921261,0.32150321814410177,0.762862721445146,5.852614663997435,0.406719372093974,0.15708954539119216,2.783583423049653,0.5944093499937972,0.21689058200210332,28.784800338817053,86.58876554677215,62.84873859027992,2,KL-2
115.61621296142131,37.81913326141424,0.26459509084853167,1.2966344104780105,735.9424503299392,42.999191060981225,44.010212569441144,71.62493545400702,0.6213167172008187,0.29235365176627315,0.7483485577482527,5.071516772130637,0.25956377038211675,0.12984626905286292,3.981726932797502,0.8187459628622336,0.17760176064793526,25.96708990440468,105.73032347747217,69.46229379108931,2,KL-2
89.39161008144171,31.39597820420057,0.07247356735692811,4.218052746540475,572.3144887305313,62.02988156144593,51.868638428193506,57.30533950091216,0.6518619654437071,0.30594251449883125,0.8356867609830679,6.676240186892537,0.3705599216690249,0.0825517573191082,3.717211833141318,0.9977619862352671,0.32366003745310956,19.5569040514114,101.35128117372355,63.66462933128574,2,KL-2
131.98431062258408,34.98386342249823,0.0200874813394767,3.004894908670114,678.5701276582929,61.06686078329986,62.25263603127388,47.29859412694755,0.6094638590773258,0.26031525093444674,0.8163985195236115,6.022892508690595,0.47035496445805564,0.10631874977142085,3.6560972108394867,3.974486543026242,0.29104506744108555,23.945931644413417,116.26235610027507,78.04922012022404,2,KL-2
84.95577379202211,33.370920892672544,0.4678105719272563,1.7704735952972754,868.2651507403924,59.334538713390266,49.576227631595955,57.146233414218955,0.4990742252958575,0.19383097323550724,0.84812959914229,5.318450407474473,0.44912194153644536,0.1562783861666698,3.4218976525437212,0.17262713110463215,0.15780444255129059,32.540560700922946,94.54940977120249,65.69487820650889,2,KL-2
108.74812523292488,41.14297551420762,0.10839836572505597,2.996653209629272,751.3905277020236,62.83398280586105,46.5344639242401,55.06971361036231,0.401717354471963,0.2014213324177813,0.8256299755636398,4.8662383399007965,0.3745452674713246,0.12974229961053285,3.8020724557644248,1.0974170596335788,0.19206229489352566,33.069206346302785,85.16994397266177,65.9313138231254,2,KL-2
133.11138623734973,33.62431797846733,0.6096389917053657,3.6668031172839224,715.665075091403,54.744599727668955,54.79581247984804,72.10924094073663,0.6374044468482315,0.2691932780712647,0.7623444209901343,4.736200383534825,0.3783322279414681,0.12357186234729228,4.055890745068176,0.6881144168128859,0.21954420595067012,27.946447597119143,93.11492213983624,63.88103712981829,2,KL-2
109.65186357035822,40.62620551716747,0.2983319781159465,3.5732393332263754,725.7837651356638,47.83656403520586,40.29101179532066,55.571997728981614,0.6346556791123981,0.30656582350913864,0.8038051208234293,6.285240218343752,0.4283620853403452,0.103379534002599,5.184388880601509,6.922545842562835,0.24420758821456823,33.08492571571642,90.69293992709639,66.57209540800972,2,KL-2
104.59455261303394,34.5836086887561,-0.1971185093924112,4.688731983331855,653.3037884828124,61.25658632976454,50.394151593464066,56.68547542559609,0.47124190773172037,0.41715471483964334,0.8062566495384837,5.590511215796453,0.4467634377622099,0.15565797541603305,3.817399241032323,2.969275034621872,0.33051026198430244,33.72630038947069,90.86131468956238,74.59630270918328,2,KL-2
128.18895857749843,26.259728769610632,-0.1488536095479745,2.5677857099440557,939.5382783705911,61.562737693703156,37.0055374204464,76.93856046590923,0.5986951230259648,0.3089093166663162,0.7540420670762998,5.672549665947433,0.37334313661301194,0.1698723779346677,4.656684696007604,0.8664790871959611,0.30526258611845064,29.773199793131738,92.2143555028512,71.76675075747751,2,KL-2
102.2332781974842,40.83971872189153,-0.2409859225817118,3.287376096211978,602.5411443359119,61.3425112119463,49.82590516875413,66.09920785756019,0.49842577648554093,0.17977385455014988,0.7447687512953003,6.1440771322694125,0.3882816989140281,0.15789567369054097,3.964653050056126,12.145797996375967,0.2541113575179872,25.38833188074898,81.31879949384516,65.22460944892937,2,KL-2
96.6666142061207,39.89078208928133,0.5370192087802862,2.6903445771372625,725.3111394356716,52.85601665855389,47.701636741505965,79.95247219204195,0.6451021506809383,0.20396364565840105,0.7659639195441147,5.641975921949111,0.37169951357399883,0.16327774864336117,3.690283003411348,1.0825152004841911,0.22914809200840622,31.205270564078223,95.88661305964771,78.61060085165323,2,KL-2
119.11770981239926,42.10654689425304,-0.11202038117822112,2.0162456846502215,713.8030679611369,46.770443891093386,40.95732078550583,75.10854004876686,0.48381082700769745,0.3867110389573599,0.901829117833604,6.173262208026757,0.3334325279312393,0.109238812777015,3.8391285166267757,0.27429458893447767,0.10813167723140223,31.434923538294317,75.5960407868969,71.98388513074055,2,KL-2
112.25615052381113,34.96207668500846,-0.269389118719853,3.958421897844764,821.0515008559762,54.03089803289289,50.65040636537739,49.35404893964574,0.6832921030038803,0.2371366640813933,0.7793627952889225,5.947632032188358,0.38901281259890924,0.10499492707878288,3.0169581781844945,1.217472796128843,0.3533598100900845,32.36972195175155,83.89808070510263,61.49455104642121,2,KL-2
96.34490328716737,34.32273314784374,0.17791121645072802,3.620615655318016,832.3808726552368,60.037840140542684,50.58549653159643,71.87941025280129,0.5878896438078597,0.2528508780856773,0.8616433395693357,5.857935208425382,0.3852036229895618,0.11530964479502442,3.9335161624512227,0.38467393204139755,0.21423227217074742,33.3270163500112,91.07345484232219,53.9572131701285,2,KL-2
124.55428809992306,41.408801150889275,0.011133157450998719,3.476942759759082,696.1577434615515,60.69481431887972,60.75454012339135,78.3036395048951,0.668803587574879,0.19237498477544626,0.7765669745260101,5.113624797154256,0.33696779420056716,0.1211571972592876,2.5547609611071764,1.5171918474658246,0.37438721923410057,22.18917714039389,65.3853602481329,61.679889585627436,2,KL-2
121.96731408365851,48.11411743518589,0.16782740503006555,3.5914321546069155,734.879979173566,49.06259098340324,32.94366596937212,78.39375758788104,0.4878962184280097,0.3439062043344546,0.8444419409769995,5.4901343217805705,0.43230404688188645,0.16293059340375765,3.232400185266881,4.157447967312237,0.2656887433705468,26.45035377317129,101.72789843613901,68.30679022840202,2,KL-2
109.60367475091552,39.06700805703797,0.8059255615575374,2.701621717849264,739.4241704696738,55.02298316901912,48.23951092302958,71.85715180292024,0.5574023683555355,0.28001999243923753,0.8451245827778923,6.201267682793433,0.42416603393129443,0.1549766021840525,3.8159058558802865,2.3140614358330343,0.41202273668971556,19.5068932715609,67.86214588182993,69.77760296505141,2,KL-2
110.6300199081258,41.54751057628287,0.4152283223715439,2.445443930145445,427.34300133152715,42.029773564112354,41.39737600296521,71.6102759389101,0.4474576641324508,0.2035239191268813,0.8476295253976022,5.558989092567975,0.4347859850422538,0.13615408161763481,4.4663893639073065,0.4785809783420898,0.2985057226693053,32.734980191776735,100.53505229077814,75.87310146641616,2,KL-2
122.05589113013735,37.07047389344576,0.06080422172076253,3.2801178977354883,509.32124770266694,60.37960082404681,57.69762058176292,56.368067475893405,0.5925191401695358,0.1903704826685637,0.8193913671004479,6.502684777892246,0.36159648222678153,0.07706439702459338,4.608374638199036,0.5282959573849513,0.1354384295023297,27.93844276009792,76.98628852086205,56.243632199048,2,KL-2
132.85542129628098,29.738216868757892,-0.5133693536824036,4.178969121929291,627.3923571133636,46.23352994619949,56.53912065192133,49.9514149878051,0.59692332262697,0.26843223675387234,0.8688683289390575,7.073200661996699,0.3008212160942676,0.06935934466209374,3.608072052215439,0.10770841884334695,0.20084676157910303,31.154070353487075,87.640975711558,61.48675732842552,2,KL-2
110.75810184836013,44.80457651492435,-0.1499849988834543,4.536461708362838,632.6081588347757,58.78204287657238,54.07879845068621,55.77339217323052,0.716761913456095,0.2526523704928271,0.8189176984676363,6.228192650420661,0.42336655648228244,0.1272138823440511,3.8434303917182646,0.5050308444530148,0.2364692031462428,21.62160625904921,98.72956776339315,55.5788586410039,2,KL-2
124.82032739512216,44.45048543451697,0.33441844101812124,3.8863461654459464,556.0861093643041,43.30556338087871,41.96166741930537,40.022531982806846,0.563563183777572,0.2999266130332676,0.8856764864670139,6.6464159456825795,0.3667943642685143,0.1464078961680215,4.3406174817492165,0.14579886390907532,0.18009736903133408,36.00490424846525,118.8776742337538,54.28960630736444,2,KL-2
123.47800325626899,43.264644151051165,-0.41841641586472655,3.273339541414477,789.9499085648356,60.75132725147206,57.854705829400956,76.11354378506047,0.5829275362004874,0.282818108387632,0.7190040098405782,6.260363619148034,0.3554665933377149,0.11761298853041587,2.9523038566842486,1.0380678398783862,0.21983513462543647,23.028304176903625,93.89742373248819,59.977450032373454,2,KL-2
128.18960939063464,37.90832736994549,0.9063881185321416,3.465827143519949,700.2542105220967,55.07468152018217,33.69869071256668,56.600484486987455,0.48733356987969745,0.23413117907388264,0.8174143123833408,5.6328689886639065,0.33714734626782783,0.17744713514935215,3.992848503189302,1.8482862181673756,0.14064486731343126,32.87281652191229,68.7084840616059,67.93289795435217,2,KL-2
115.58963798115198,42.58233659843125,0.05576662505421945,3.2592750874602974,674.2366543135795,46.24913843506443,31.646892964072286,75.49596874877952,0.5683103498108191,0.217371904272318,0.8141661796267833,6.000075832403713,0.38623387359564226,0.08752676868658693,3.2532642795805145,2.0865453053046323,0.2504577024879298,29.589750854462707,103.94434159162928,71.17115547912253,2,KL-2
101.31511728900463,44.362570784326984,0.06953935728379394,2.4292453282404574,549.2613670591136,58.0308510486442,36.24129000098076,45.2220050733408,0.49460870330499335,0.24040347110206997,0.7531740077097254,6.9066604730487215,0.4788663648525236,0.08374944151513203,3.6469049731939687,0.09206206849153181,0.2689929559208752,28.052786112369105,89.71697914169178,57.4131671470266,2,KL-2
108.06251270200046,48.720952109740246,-0.21665807718319116,3.269717902568434,694.6546162906254,47.77710646555735,48.66525189673094,72.99149905202653,0.53426886070736,0.21695914920059425,0.8289792110881868,5.638223128686275,0.37472752393222425,0.10007157076577038,3.4745860497034107,0.6231729380143056,0.1696712474235105,27.649199466939127,93.33887985350589,58.52579264490208,2,KL-2
120.14280198672472,44.931156627884654,0.24869510271028744,2.1821385459292055,384.7978292801666,58.49644029956103,55.75164400988294,54.06143210184816,0.5389612529236636,0.24218826803171428,0.725495866221169,5.380336350560963,0.3455098477916533,0.09893108360426292,4.011214876228888,0.5098779627380154,0.4052203434785529,25.80968495341935,99.19435635865138,50.761414597412525,2,KL-2
142.2769656757239,39.38292735020183,-0.4132007226088929,3.150738219117568,680.4452427032991,50.30710819695423,19.239675259904754,44.58756710028991,0.4968156101320664,0.2509864557171629,0.7672907837119834,5.332902788442365,0.4325966700515014,0.13578857606045938,4.080182204405454,0.1652251561480863,0.2550810609024367,35.47598088450384,65.79546451713144,66.71481766621596,2,KL-2
107.73970565205582,31.15048046745377,0.9159570356405831,4.558884088477055,707.5820402569308,38.7316229949627,62.22742831879786,79.52541662591709,0.5300356077233594,0.19612414639719658,0.7000456093551095,5.791235308083226,0.40864061398856416,0.10734864444469491,4.284647206438438,0.6752340007538058,0.18466073071016703,29.063064171761212,92.57844217282235,59.142888784234096,2,KL-2
127.07181165291098,39.933949786030446,0.5769405218608046,3.9082873782266816,729.0297981185798,44.6406700761525,50.311121961784345,73.28774003208929,0.49497638642292635,0.2878407917258728,0.8779313258481407,5.39826395567847,0.2940349316155896,0.07356478616164015,3.958919297078669,0.5335562139908783,0.1196368560027826,22.6538923482339,87.58367332056766,78.30425102569478,2,KL-2
110.0791532398486,40.53946437509585,0.4437185780788183,2.511504652610776,512.3077883824864,49.05668233050172,33.32227652410225,62.541509042229414,0.4946215099972929,0.22777433713181977,0.7884225253027352,6.737009713718619,0.4331173159876643,0.1467473537008535,3.852992261981338,1.509730336925484,0.25479543115177344,27.0801989898258,107.16201887206623,68.27847039719676,2,KL-2
116.65703133829203,43.254178651909825,-0.5061716023159238,3.1920567442861736,726.978008402977,63.44551218998862,50.009469702895814,60.40725462161956,0.6111331721201817,0.1994869389828794,0.9083442017408155,6.008178267295644,0.50642338842508,0.06720144221783611,4.8624142802631605,3.222257348147729,0.2291609173749318,29.641695136014693,101.22536516006491,63.628434052345796,2,KL-2
137.73095123895388,47.123351155940554,0.13216530818310032,2.5824989505962095,575.0282476162549,59.7091490442338,59.9252541467842,65.27412022582942,0.5390330913461129,0.22890355430308792,0.8401474963259747,6.385863154880251,0.26997320362854876,0.08786345330967872,2.8353845578816936,0.9100186590999315,0.31264327258291547,33.489026407226625,72.97597692662144,59.87110057964438,2,KL-2
126.46438872130649,38.42909692765932,0.5336345592056017,3.199988985458232,602.50362012492,65.49089129857714,54.99441015306259,62.33554293500893,0.5527653017760222,0.26453548939721716,0.8224049106675512,5.750667304710151,0.33821469879889376,0.07131880287768393,4.7673659160775435,2.0595648561212583,0.23853037880224257,25.976901397413965,107.65151022818857,53.042638238446166,2,KL-2
96.38051090888565,51.605923138878666,0.2872421597430957,4.082886253219651,786.1517662987197,65.72908172823887,59.99073062553966,50.49268854994234,0.40841561848115715,0.2549822919887982,0.77068861528595,5.329901401121941,0.25757364556741963,0.1262136383121262,3.576106854678962,0.236754337111663,0.15450249741850183,26.311117220977263,97.89430105792253,54.057025784436554,2,KL-2
106.41287464282614,28.444277879756537,-0.35084364185350997,3.772406350647923,941.6936468031693,48.22199356327268,35.33753370602889,55.05537276258094,0.5588766665464312,0.2753270868942677,0.7476824982156289,5.245303027283362,0.3962347789629582,0.12558143136453637,4.092534951820983,3.38021216503052,0.3836574636942065,29.117160635737026,73.93310083056139,60.02287236342292,2,KL-2
133.84332016662037,41.516051234769755,-0.21003750212346214,5.237315264596269,706.1630510563216,50.99210512192936,44.85994764861596,83.52861398446443,0.5674338771180191,0.30390076750453177,0.8261485786948471,5.44600412891094,0.4495193118305676,0.1774936296304906,3.5546041916438393,0.24836434722079587,0.28484999036057485,33.36712409973663,93.16903724191327,59.40877694380556,2,KL-2
117.12817063942742,34.20887764689583,-0.13077445520239625,4.203981922006057,601.9485449631721,49.20976060535569,39.75307769476468,92.06588091153617,0.4931329101848998,0.328296412240482,0.7964242995363509,6.0737627470133555,0.4052750374898139,0.1474147996843665,3.3284750222690245,0.3199776777243843,0.22967130307213132,22.156227322019856,104.91791336627026,57.006625257232045,2,KL-2
97.76739820576205,27.556668001867184,-0.19137513379544305,3.413200304862153,722.6404537011998,47.12791515759139,66.17580205044318,78.75202206276819,0.6918023741008553,0.2671291697612832,0.7330364842257349,6.159941465883974,0.4695997849056334,0.16324938550026602,4.040746315676537,0.16885265158376841,0.26317108251597904,31.52677315495873,77.93147352911927,68.01675781953875,2,KL-2
102.71571332539419,37.78935374220505,0.6615115342841229,3.7917199793066345,812.6834988998975,37.76804232530833,55.3936284348663,65.73868728195148,0.3418618188652748,0.1858358567658702,0.724157079174584,6.201598036529343,0.4415275145165067,0.12865828953895478,4.375276985168665,0.5558989480248406,0.28792335652493267,26.67968734935672,109.030928030145,69.11412473931887,2,KL-2
125.55240284066758,30.25696380947426,-0.7184052555293025,3.0880454606533316,774.5197079047283,52.38201825586526,77.47009588957641,55.94701160757678,0.5877493708616438,0.23385335184818196,0.7520648135428207,5.155663658109072,0.4851073661751088,0.09069204536728309,4.033804772980443,1.205817963325391,0.13569147088852518,27.377837091257568,74.3484547104697,61.330940821586175,2,KL-2
129.91615421826447,38.0314326118031,0.3123676558635346,2.3479966023308028,1029.1735446956495,42.215475250311115,44.323904665827726,50.42176927323641,0.582024384396389,0.1897408969370195,0.8910483612633114,5.899795407050865,0.4580105384053547,0.12384322805980488,3.424730527990271,6.633537050124737,0.26261553759702483,39.007878725648744,83.00527388023619,80.48121814612254,2,KL-2
115.26782952223262,39.20861548856674,-0.4669213499713805,4.294621262630017,614.15949170864,52.226624947725384,41.75325788317695,51.21261107483757,0.568326634559953,0.3518112444227369,0.9106638959005652,5.3869690845538045,0.3798528465695247,0.1377726302216192,5.916810037689402,2.3652240200141805,0.21399012213648866,28.017653877242374,81.1855499753237,51.02616506787126,2,KL-2
152.12970701404154,45.711248456015696,-0.33450059498042717,4.057193181545318,730.2677775903157,69.42616647650388,47.5717336140485,53.36078809575887,0.5390970164510899,0.3692440529516298,0.8102494573654454,6.100732983792264,0.403336322811742,0.14111422146754724,4.469144202519751,0.7181084339833044,0.29058399885038017,32.7734687515429,109.02320477906395,65.4653111917781,2,KL-2
127.36228545183458,29.954489191416375,-0.753893346747487,3.0571566283248286,885.8701544101845,48.42523922935433,62.78357221422549,85.81396849710923,0.569054345810003,0.2890186718497806,0.8074471398120644,6.139538527748726,0.35656615422595134,0.10582763567674973,4.310005382524352,1.2864882279935312,0.19078544603149775,32.59456918601674,86.60780636140964,63.251358367296596,2,KL-2
111.3477839555065,44.45067099387464,-0.16962177246354637,3.4691485895450707,878.3391084422238,54.05819204502454,45.33880310624653,81.67538755659119,0.5944540383644715,0.30150753055834184,0.7831839814085239,5.313913476486781,0.38846719155659754,0.13466359421347196,3.5382214615546776,1.464491225553431,0.2016238515922334,23.099880429507465,78.54619596806802,60.59439294426195,2,KL-2
102.76440927850983,39.588482701678764,0.6542926606156855,4.242751349907845,465.9906488170743,59.75318708647426,50.24437597906944,68.95534067922473,0.4669289932934405,0.26505659159419953,0.7532757325845248,6.384014803598174,0.40309158360090597,0.09200916087476206,3.3749005270265764,2.5950984147347653,0.3830296878851246,19.77302837388548,97.84253054696875,59.41869723189552,2,KL-2
100.37673543041439,45.173094921657565,0.1559296969859112,3.927081140964816,699.5970855952022,54.74233033572725,49.96690702886819,48.47264188304609,0.5489356497744072,0.27196335492764745,0.8687589528803621,7.0694114707641225,0.3957546338232323,0.08870167217667849,3.5820965544942363,2.0002784253076547,0.3484729672705709,33.104910462084554,100.43417188711263,64.94432093670113,2,KL-2
120.03131980720555,36.409492949813234,-0.4293446187996388,2.079518999000241,878.142491901844,54.83987350353837,49.394967612021894,70.71667112053244,0.5103346526381357,0.15415274690025266,0.8936788196948567,6.317417868792331,0.4671126763151805,0.08652645865843545,4.3988439266354895,1.2634843285809407,-0.013644894397384673,23.582269037757406,100.51043313752957,63.19577738142617,2,KL-2
107.6683443262989,31.006532479419327,0.45685906975172497,3.4448960171918594,1046.8771588478965,49.600780530495356,42.47601539537522,57.13659565787274,0.4374985279819593,0.2455640580845854,0.7553290457080356,5.818582980224448,0.38349159687465845,0.1207387796567039,3.155637397754503,1.6592850124810952,0.34254095859714495,20.679085227144864,89.24393001728788,61.86498778309952,2,KL-2
140.10615630975136,31.695004042704802,0.5425217054274744,3.1158947796093086,784.4555060500982,50.64497619951014,47.62708932089633,34.16388673627054,0.5823735979690632,0.1971308162592244,0.7958580810787699,5.741727148395129,0.3533956793221321,0.08466490934771088,3.10907770112741,2.0551450474067625,0.24410783789937945,34.130811074220986,95.55441161244337,54.610242920085,2,KL-2
136.9946770437679,31.249155277997303,0.09161859241563423,4.140400559310945,655.856404756422,44.81991582249737,47.19897398648642,63.44520764881511,0.47985116602527733,0.26688139225230223,0.7775066849644915,5.795468009163746,0.3565194482548406,0.10725766830386976,4.073728520016611,0.21432371126611466,0.19334543496807907,23.902866331122034,84.69720296524858,52.05510545751601,2,KL-2
124.4959982124584,41.86688491752393,0.8638996632610362,4.074834191026129,578.8956217075132,59.26836007111526,48.924353403253505,49.897043509991335,0.4051713060176427,0.24642340927668796,0.7789880462567511,5.519633076611495,0.4327550135811265,0.14708749654241873,3.941517866785272,0.33556956011082034,0.16942602114338798,25.13741262157803,112.59762013522877,62.69186819843548,2,KL-2
97.31505740564657,47.86153213328819,0.37862564984984576,4.304886262542436,966.2492029037019,38.56806674708723,58.43516818152708,50.30335885091955,0.4818711471438681,0.36680931774076686,0.859295412771493,6.026199103326025,0.32984307959555,0.08912610965765085,3.2878118772654625,1.7499398516461913,0.17407058973760092,38.87186577544648,106.23046190389518,61.78323116402776,2,KL-2
104.91671691171392,35.61029084006868,0.3230610029170352,2.3556845290238337,787.4489903758911,60.26870670705762,66.60628034624493,56.99510407718391,0.4610880881525496,0.3049976613233705,0.7344019227316938,5.330768704422848,0.3899406914924541,0.1048706389948705,3.0952778529508653,2.849941645414197,0.1956051244193268,20.701323193092144,105.4954819484881,63.42370511778538,2,KL-2
133.8351628861165,42.7748117895467,-0.27135148286651606,2.622710772755009,598.2319687737499,41.27041292203806,40.59565237330293,54.02012432469105,0.6072783207352088,0.2670707189512987,0.8233234845468153,4.9551511067010505,0.466375012272771,0.12214893830328508,4.612738196021059,0.7895747322545047,0.1598293933054525,22.718569792965372,102.02939121488255,64.13102561688393,2,KL-2
106.55400700307347,29.85934765118628,0.30095939424853635,4.141265948908351,675.6212360399462,60.20085819261322,45.08006375212285,59.58891817075191,0.5372554512446462,0.23398361877162244,0.8364119053652932,6.009800840906775,0.4146299222870415,0.12740660704596798,3.9642026551797374,5.859831166037899,0.14163202711418862,26.701509287630397,98.73679967194002,60.819981264937454,2,KL-2
131.83212600879287,40.081927495063795,0.1367165110417973,2.7766833477260433,737.2223820194445,49.669459790302554,40.749881015938136,59.01203339979355,0.6355906196551953,0.3505612875255958,0.792892441319909,5.910616532887911,0.3962697305440622,0.10502128227583317,2.9318784817631807,0.3651566378618617,0.16676958793248714,27.79871580082789,77.56765019020254,63.30074060945436,2,KL-2
122.11905884552141,43.01137569802276,0.2579316010684107,2.032853615268554,765.2567984665741,42.64505049493536,50.87101537222273,37.49029088582842,0.4716755015013564,0.24820272123240822,0.8446533913493386,5.614414991781404,0.3982044798180785,0.1436058020620547,2.9738246783506237,0.8085786215554379,0.275871508405255,24.531273589411732,100.09961483506778,58.17177353517204,2,KL-2
115.77576827219781,30.31125134833879,-0.2238342476565323,3.6760771900912523,592.0457610945052,57.13438916063709,43.616505424890235,78.243335866594,0.59493358975172,0.26990043769811667,0.8073825920268725,5.258651688694817,0.34852177038864135,0.13771356902354173,3.5330928165297184,0.7134846688381838,0.2540072118856638,23.206724513385417,93.87118276075984,77.19156647330627,2,KL-2
104.45750780596839,37.77669918612087,0.10123955374359465,2.8122252477872216,626.2971498249409,59.930140280606196,51.39796833741989,48.199479324615844,0.752169833184633,0.2525349762656101,0.8608564960578056,6.0448720134570175,0.35714326447827294,0.15419569813085107,4.18970508419858,3.995245085538602,0.2944685161241485,36.54997162215965,107.66036901941104,58.60207881480025,2,KL-2
113.58634234712872,43.29550284291339,-0.2767446000859833,4.68183261624672,501.64785251524484,48.995370815171704,60.03626910444787,48.57121937843432,0.5534825973701712,0.22575076565756064,0.7238897347537072,5.404912480714775,0.3902409163542711,0.11755194226958819,4.107005281264968,0.5040034075103944,0.24469041286319565,30.314930620523576,102.18903018858914,62.03215432427727,2,KL-2
117.84471932312347,21.397376116623136,-0.8088528399864129,3.4869476431907707,824.7714747525738,58.264884389431465,23.741683141953917,56.057360978516435,0.5939319089858522,0.2521903733431312,0.7825612369496565,5.830527824567333,0.41356365150546465,0.1046154357163097,4.429007122200731,0.9545571310036334,0.14546565354841667,31.92584372104594,99.10456564183626,59.209689687088954,2,KL-2
130.48808347451683,47.01271837021046,0.4493218274313534,3.3782074293133326,659.005783987562,34.2193240426452,53.91779889600691,58.69998183156847,0.5804814131380325,0.13228198895930104,0.7964093428574482,6.782485927063223,0.4474075005901055,0.09952103933963634,2.8557901155235217,0.3109677546144223,0.2895552738794885,28.31387411720732,72.28930242963813,59.07534767836078,2,KL-2
101.71396599049368,41.122076255346286,-0.550955592675807,2.9546048867073944,755.9585979019951,41.9352296820272,44.39812951102121,77.50775780198207,0.4112339738059339,0.15713761592552875,0.6663896307764324,6.225594884787692,0.4046280308585717,0.12921082553788088,3.884308013867794,1.1049159865962332,0.16962485769000682,30.447274744295683,91.43199356069836,65.19713253310357,2,KL-2
111.05774736210827,43.30036588630406,0.09287458591296642,4.522668267141577,870.6710210291592,62.83927144374984,53.604222679843886,63.23308142465881,0.571865383797396,0.27097783250017765,0.7457023633210732,5.215433668809152,0.46763870878771235,0.1086853265156618,4.605546199392816,2.921611515456778,0.3017291441591147,33.664508305547955,85.80529288115612,64.18212632093591,2,KL-2
115.67234697898427,36.523684324831414,0.1832008517796159,3.5368435679118564,726.3844170848735,50.71064580641667,40.035305622497994,66.79758580931441,0.5495165056519655,0.34409198143164915,0.7593200372820607,5.262574214493849,0.48025990076047625,0.10292490666957632,4.54968103828566,0.5436934775606148,0.15672639976344313,24.018504927273327,95.52839109019688,61.32431687699832,2,KL-2
124.94017536529246,28.663665110607866,0.18062520634522194,2.923200385475035,686.4435428861118,37.60229338840922,60.96260988306875,63.29443425099938,0.5042202093281353,0.2708932662486501,0.8474102997411674,5.97590954637188,0.43976336062411014,0.10655138207264032,3.9653459888476115,2.497363082031628,0.19500186988771798,30.32417998258991,87.51342074268828,62.73219206756551,2,KL-2
101.37303493715835,42.20437773790171,-0.0632316294393001,2.6147330347156426,723.2705772260722,46.90907055646405,58.13280618040284,62.777538989985274,0.45427709006360956,0.20677786870620077,0.7646578326842699,5.21233965897049,0.46124907040279417,0.09948928544627245,5.158811105192326,3.6339389627164964,0.22108866875456681,32.480211567039454,89.18865068688032,59.24149159205383,2,KL-2
95.25145310669177,38.504458047500925,0.15848459011198937,3.1912215563486255,707.5832324620272,45.11279621979936,54.68352148542643,63.716754037044105,0.580518659226163,0.16342877475595988,0.7590960506347011,4.899137259382857,0.35046432393059523,0.12597063338288195,4.115571069849516,0.11363443205159807,0.3039523840845559,36.7239867319213,98.00840685888045,68.21380510180929,2,KL-2
125.10947727565075,39.192692732593926,0.23838682791406485,2.4678825302761553,849.5397997453533,51.1723061482166,56.93225717810098,36.80719028917274,0.4472077008311503,0.29707163562853833,0.8408742890328095,6.166186005648362,0.34254005326559683,0.07762250452367817,4.375647979704806,2.1184927080387412,0.2640797801701916,38.739454899008805,87.31434263717469,81.44154194072571,2,KL-2
92.23076327579945,45.52564191119372,0.34398592630079394,4.073101953343155,737.3006077046548,49.533992129538824,41.543795328278264,57.00097818192565,0.6956916483745518,0.21596829093909395,0.7191044677104972,6.060467877160434,0.4258986688145082,0.1290904887742489,3.776668751265304,0.44224823251759793,0.251600105772074,29.349298984908806,93.95909847488815,58.00126978213425,2,KL-2
134.27469572143252,43.57238324317559,0.7433765357537052,1.8033263567806126,634.6718776505305,53.93145383150529,42.803762453107105,73.94713332685389,0.5341335266790503,0.2885941251131536,0.6964377966278213,6.125299165639566,0.3329395094066476,0.14029646281208852,3.2814148242934276,0.28915370737516394,0.40085350280442444,34.69319474843567,74.26705730950832,68.15170578987684,2,KL-2
112.66110853775638,50.52742450253768,0.14367766059928214,3.1383887773335433,825.74188682677,51.9442715870994,56.52436200817479,107.30797212968022,0.4271354361770797,0.27339190948394304,0.7819203849965326,6.031517590908952,0.3854814077992033,0.10257362585468106,3.2248744795327524,1.3786509841179768,0.10304134710198835,15.649160333142266,82.51118227887929,65.35959165616568,2,KL-2
91.78703376588331,39.92312537324099,0.07561953800708074,3.7381068360703473,847.6581227630022,63.37791404029615,41.32270857231388,45.54829280952588,0.4838802977337329,0.27869802353528134,0.7276146615960821,5.867344644163803,0.4385595952664869,0.17766110818819641,3.858969128876652,1.834237168219951,0.1669297885839559,36.76141454688357,100.37252280643553,70.34903806506071,2,KL-2
107.79369670894759,34.8527253732533,-0.31269158614003767,3.523695536087726,539.4003247815443,55.89638879775735,63.45635046658087,65.07695952389223,0.5027492529368146,0.25201610244121336,0.7295160352670175,5.56890572616167,0.4706686462342603,0.12052863932930559,3.623098795889876,0.7531977511026196,0.1635049217568807,25.37058169139598,77.73769459964231,70.57434368396858,2,KL-2
120.68685449603856,37.86949891854764,0.2243785295597348,2.676173621587465,883.9340661721726,56.16137288954869,45.764089287189684,53.1474410655079,0.7179901323139077,0.27301866309817846,0.8286716895843991,6.158067483043972,0.3872892174855967,0.07315971050700334,2.6888485980519112,0.05994246440918078,0.10834781520621804,27.794512755060545,107.44870093123596,66.64330157774928,2,KL-2
107.00948368667534,41.49398023523164,0.3169532412562274,3.7782069653652393,743.7654127850183,61.821256991156176,54.01894389860622,84.5718228467622,0.45423288425524033,0.2428327359246199,0.8437986918956288,6.664941744202576,0.36750278523461544,0.11156271280989988,3.1345238490445553,3.590481068543193,0.1924384389691178,31.205522421835106,104.19279226361584,64.6814353910792,2,KL-2
115.30044623236522,45.09513911395786,-0.0269212737126509,2.541168489291274,733.9923940175918,49.38984999656335,69.9924951925509,43.75460687050222,0.515702618939889,0.21188160793790778,0.8394432107926062,5.649385496278273,0.4160230810755791,0.12187968434807389,3.5589578555675443,1.9681552681797252,0.3050215331037365,28.23278816342243,89.28124077592256,61.52439840281243,2,KL-2
126.1011754855793,30.197796291367688,0.2678450016736148,3.232092274802552,820.7949557915817,42.40498045313212,41.937766459319235,67.49927388379055,0.4819737304107982,0.1921900563690369,0.8554388330153616,5.389629894895851,0.34632282782380547,0.13346902666710642,4.186367625562296,0.4754949785440502,0.20266820811873987,29.982266897840674,128.48480926602957,58.88031717513092,2,KL-2
111.96714496918571,39.05122569107501,-0.06700647741973673,3.7714732575842844,631.9628330794866,62.15576259705799,49.68761750844783,43.11346680594972,0.5649406788465331,0.10689947212174129,0.8620567160007401,5.332440290294381,0.39133606758532863,0.1122770842766746,3.7403556683027555,1.0303417214730777,0.22335976224109522,36.93846484113072,107.41724293417951,64.22523471238573,2,KL-2
100.944134853008,48.657249942230216,0.31839706083556957,3.6203302235944905,814.4997417029109,53.5867339848649,59.541831646373076,56.17719998327001,0.48324932690359645,0.23913342625572942,0.6935704895586534,5.466634883333142,0.3995999975861859,0.08965289172886827,3.7067614736996917,0.042279477292359,0.11219561376957743,27.078899773270145,81.10864591953118,54.723289348658554,2,KL-2
110.51524003942238,37.55874677398488,0.41504092561189737,2.7099687908644254,654.7869436314573,53.61480966319143,58.51277388876532,59.58824003100229,0.4338754667088232,0.34116269097711716,0.8225205979964733,6.001299262238037,0.39860080036646023,0.08715058145663152,3.15785242379801,0.6216440096295158,0.18627795398717223,23.565380917497233,101.45408864440058,60.24915207906025,2,KL-2
136.2226020468889,44.58607112921462,0.4094511466921941,4.207995613251491,523.0059184347595,47.433360627758105,45.72184689760642,72.8363001808753,0.5093764336163041,0.29380480555225585,0.773519590021522,4.83018621822322,0.40442517369089404,0.10039202144454985,3.7638996480372593,1.1088973703780938,0.21306410275299328,38.067319286492754,93.29035679583708,73.85482899578055,2,KL-2
140.27596517999777,41.95870516329603,0.09713773045652026,3.319355657188427,580.2692465071678,47.56515733517138,43.83269562478146,47.07399808609767,0.5010484925334205,0.2636625471085575,0.7626287877004782,6.119585212216164,0.3582742572213929,0.10326673912443711,4.541460616467592,1.0923025556835326,0.3013920338037691,31.63382108502339,83.17945490968707,65.78809776863753,2,KL-2
84.70110739086587,44.73516363914988,-0.3659872606468206,3.844396328751321,768.0426199483873,59.27377871016675,46.66864067454948,67.96059658616862,0.47762044979007895,0.20595970034265093,0.8280207316104352,6.2219565051480785,0.3636503503690791,0.08595077505302227,3.843345067655134,0.35014101936919095,0.1160066881665423,38.61119487656732,79.66109028200549,72.1413153514844,2,KL-2
131.36541863787215,34.14143675040041,-0.1947652210567283,4.4732808053385975,586.543799200641,60.37724638510088,63.47857766151364,60.22533268065536,0.4818951712882306,0.3098403535455446,0.7134852260052124,5.000960820028561,0.362644186948369,0.09801560516688902,2.845611851110883,2.249176892529851,0.21359930034230895,33.31814955289452,104.43872001866055,76.7571510932674,2,KL-2
118.75221574053035,34.16758997960652,0.28806292955389134,4.144016439019685,893.2091347827579,58.77058724597327,46.208941436400536,63.27352063543176,0.6197756638304802,0.2428414412918185,0.7124445697063839,5.410409781861201,0.3189952830402471,0.13978375573318064,2.9990863234172815,0.5325761636926388,0.3369454424055112,22.382028039932816,85.3246544245104,63.58376435268146,2,KL-2
128.85974018680224,39.12163135273373,1.029524922296091,4.146103525064835,842.7140144127571,58.8436928435638,49.78115692483465,71.4999925762217,0.4994207828585997,0.3444960588273435,0.8316786372040857,5.939840489922707,0.41709151609230527,0.1694523782308346,4.103273326333892,1.3027159353070874,0.2143933371501389,32.22692335878441,91.27748373955538,66.65860667354913,2,KL-2
106.74267609598556,29.806669276558132,-0.08628830861283276,3.404143943879578,860.0126999239558,57.05223629807807,44.73213529076575,44.60931968393655,0.4342697870017254,0.19113476420231912,0.8243893008755449,5.828265134847801,0.4447328725846002,0.1426638514161289,3.615410714866428,0.47519724366551275,0.08075508687050569,24.080259670587225,81.44768886128166,62.585232846777956,2,KL-2
88.47604735747771,37.38155636033005,0.23233507135525594,3.8851480967284076,714.9734295612894,53.55218184062525,56.05548564795987,69.72713967778311,0.4880307228960115,0.20500182832164063,0.8068366327935754,6.159818734134296,0.4398155041426768,0.15917583258560436,3.7052518619378914,0.8305158507477546,0.35233406218785535,29.037159012198334,83.52210475241691,58.49915391619515,2,KL-2
123.76733182971192,40.517259945094004,-0.1724210229917613,3.4208772596514527,730.9433940753952,51.09696252543216,50.555250375836565,53.1731417629269,0.5293468527572315,0.1991638033468223,0.7560043297638431,5.829431589241818,0.38687515697696223,0.14922355404701093,3.382359494991146,0.3488718419631182,0.30879175540306664,28.62142798196121,90.97684959914234,57.37625392534076,2,KL-2
100.88534108075925,49.707813641698635,-0.33958681769964033,2.282540425777269,556.7545774906866,62.18259079953243,38.96566189241771,73.15048145972192,0.4180984290758917,0.16107289777395922,0.8371914817291062,6.532384763387483,0.3594497380268056,0.14499390985195032,4.052047327319947,1.5036219963154747,0.31955177400630325,20.91168097683472,97.15818751268982,71.74520298077194,2,KL-2
94.17561352772721,41.41630913561893,-0.22052634543094504,3.492195034004034,819.4940212188989,49.51023303607653,39.311758859650055,64.01469161445456,0.6550782368005119,0.19377731888849425,0.8340151446030237,5.739415300478159,0.4372157321181344,0.10986611210828015,3.5694493720527904,0.8316030501789454,0.11049730826036848,24.935947552191067,61.43969003738262,66.66901824388519,2,KL-2
95.223979262898,42.75137082523862,-0.7829887906810687,3.4550887869907725,745.5800146044503,55.459833711045974,29.01394433444493,57.48565942179533,0.5944063582005018,0.25619297558595505,0.8042652257523727,5.408483506640123,0.43194615111872753,0.12422732635160841,3.6380320669628374,0.024372901370990293,0.37099645806777715,40.025936500795495,92.703037590001,79.77282457664842,2,KL-2
124.01370673623002,45.98685508230003,0.5913740251631003,3.7169834892174554,768.0766750350713,46.06789601636603,40.686785908743836,52.919688370910144,0.6394138194895024,0.20726793850896236,0.7411339479365113,5.368279066869122,0.41087103212181475,0.10738141972631936,3.239265965002124,0.042853853791752175,0.18813791319110418,30.191887024205823,83.54654784897957,72.77641610339113,2,KL-2
117.09178699043795,33.21205446662966,-0.8420521011658455,3.147602419829284,902.5974173743458,47.225607705196396,56.939458036321724,69.87953993226397,0.5563702500390146,0.018617480245564196,0.7787375827135246,6.267734254640845,0.4872155626211636,0.11342678512999119,4.303014778885662,0.9555311842775933,0.20924488446238151,28.122019326685237,109.3283518414027,59.15029608370906,2,KL-2
126.7369903281201,38.009504025774085,-0.05553129216025314,2.6408355545889193,627.2844419262988,50.61076345714219,62.23760538012268,75.13142022577114,0.357504203989592,0.3144563978452073,0.841891683876222,5.914810570978458,0.39867872393164683,0.12204501301159758,3.617320325030147,0.3035890218366267,0.1937778267206397,38.06445109970463,127.81303175206524,71.72273744181417,2,KL-2
125.03612881744547,53.55247555082336,-0.42125115814002184,3.775204866540182,684.8630140147218,46.06849298618269,55.85558363217184,53.60578150967778,0.6478266973310811,0.14895437623915567,0.8663595611400893,6.216857950362598,0.38715550080375555,0.1414069845473708,4.114728199871856,1.3193671270731682,0.32575497455641655,27.018823449654157,88.18865158055542,62.559395687181954,2,KL-2
108.68599653124352,38.525266665692946,-0.3037520861448818,2.1993821701982017,739.2005105850601,58.882814603826404,54.54632200640681,46.40392121062324,0.45591453122320863,0.28535369709319824,0.7836731698311835,6.206561249614593,0.38000913344626996,0.1326997014454537,3.0338450615795893,0.786858978418643,0.23561613179957636,28.5428981901544,71.83325727144167,74.734877673032,2,KL-2
113.94289639183816,45.69858449269324,0.6006090638954672,4.417055308685176,587.7477513449552,41.715725987639765,47.7347395047135,68.33053251534271,0.4624250604798321,0.2518728753801739,0.7875163516095868,4.89007507361808,0.3219561146759596,0.1151451221095693,4.790329883027165,1.5937959573013145,0.28853928260701006,33.954014280614246,93.9025236390228,61.109328982055835,2,KL-2
107.3284370682619,44.78242726303864,0.1304267960125568,3.064865551036006,677.4881414467792,53.293836987048586,56.74914554913987,42.6176286955956,0.5375060115164355,0.37704236898522053,0.7919155445987469,5.329958699488278,0.4330669982071146,0.12166616222674999,4.516424423107933,4.567231706509192,0.2560720818307495,26.99632100691825,90.03484804608154,56.58059231805862,2,KL-2
111.84508340701764,30.131317713673866,-0.33615846367268026,3.4464225376449344,759.1539772560363,53.56006477473745,51.862782230818844,44.33385074900434,0.635258387733612,0.3098174488913572,0.8137446504455486,5.3896874797480905,0.39472573164211117,0.1330039102258058,2.604121398204644,1.1285056777014035,0.24239663970456635,25.267396303237494,116.15620778801548,58.633959383508724,2,KL-2
100.49117893028401,40.8628756620356,-0.18580685299860436,3.6968465226252576,660.9494474352603,38.01360337344255,67.04448971987125,47.24759669366521,0.609262970716192,0.21972372427090153,0.7709466349969988,5.4919679057541195,0.42549656206783976,0.14002183314173505,3.268837514961771,2.3223632647669756,0.1742572749003043,17.73121792319641,112.49907212050651,59.04268078068069,2,KL-2
120.85726440811503,39.88048483323136,-0.2561924881768343,3.7225504358753527,857.0787291674934,48.97180943581113,48.01554685823252,55.014594203535005,0.5975024896140817,0.2078761862586813,0.6552907471214208,5.689822336711737,0.492093900104562,0.07443014510228392,4.036580634605931,2.0977993996761963,0.39497124698462127,24.317508433086193,102.88449964715878,58.27798588305069,2,KL-2
131.12681123472635,40.97975272704261,0.032581731168447745,2.122812560038612,518.6890525819607,54.54559630438514,62.43008083736131,43.96401732941466,0.5000538357700357,0.34016366084795713,0.8596384500823547,6.399574797308594,0.3804624115047691,0.08767833108303189,2.9581628063105976,3.822557823676858,0.13292850971958167,24.269861270051933,85.4596710254481,60.41913379515915,2,KL-2
102.7508045526852,34.47532512125364,0.11915667391507699,3.909269264435411,834.732548828001,55.92982394635254,57.7411408181786,36.73440108742107,0.4987913979126311,0.1614477341739153,0.8897344473581275,6.4992411761919495,0.28309956416042237,0.15321931601818026,3.6710435507020045,0.3612318279994091,0.2829803179227747,29.79283347734305,100.63319879416964,71.8535349626019,2,KL-2
134.21904468102014,32.298482928527044,0.808229909291424,3.492523062701019,779.3422569779206,50.865542331198675,56.35443286204159,46.37466966795452,0.5526754934384054,0.26145279615512246,0.7693800070197143,5.753554584898502,0.42405351847553857,0.11817391290206826,4.005979071586078,2.634533216000697,0.2801325273685823,25.94770867136112,95.68007630881965,79.36835366612948,2,KL-2
116.70282244716913,36.143939999874895,-0.7165203063990828,2.7417908923531127,631.7405694932091,57.91510563584572,28.8850867453818,67.70969335887142,0.5145943326973174,0.2421327722050197,0.7466673315540612,5.774359569337628,0.4083429694946337,0.10727770219899063,3.63916445281231,3.53905666993429,0.34234850289219404,39.79009505428598,95.39587843959269,54.35848387557197,2,KL-2
118.6161846460872,38.41323001749478,0.036075074096819,2.650266439243269,589.0709718124002,51.62546994211167,58.29189561547711,44.74147113447879,0.5961454325863482,0.22940643587771944,0.7931449738804888,5.547283137971357,0.36337730620143394,0.11209501581221883,4.073303222122258,0.7482541319103607,0.36104720259034223,23.71185534882597,73.80124181718556,75.1081043426652,2,KL-2
89.50855720588723,46.1099066856019,-0.07622707701380893,2.9827575343545236,450.3660859309058,52.609223296600454,47.724920210908465,55.91676386454996,0.5914094131596181,0.2712108390669055,0.7906248058135613,5.944593848619273,0.41986331678107486,0.11208884083270337,3.334002057238871,0.5649146238642334,0.23900891204665795,36.003233434287026,105.24154406144376,61.17837027220457,2,KL-2
87.89106535651399,49.90386491835364,0.4286194110867131,2.2110066507116066,604.5789985103399,54.51323095189243,44.56073505565109,83.36038154838674,0.5723073056938165,0.26137359163052054,0.8497759288581479,6.001260441366969,0.4393048160052187,0.1367381334457312,2.4034910746991267,4.555953999528073,0.29243154447398023,30.098764775637747,93.79369993973482,67.78306024961788,2,KL-2
117.16174544169523,47.37958707733907,0.19192724727135732,4.6278139127896205,825.6611986003596,59.91599702987335,34.17086958822087,59.40991043967492,0.3229230974584497,0.27744404456750466,0.8027319720822518,6.303237777501133,0.3526695044894226,0.08675950818057698,4.3392691872990365,1.481812311373289,0.39118989683620076,33.03387017856195,91.2899038294651,51.76683175541362,2,KL-2
126.84598186948011,44.161111264691066,0.28614488324597814,4.438921060114676,693.2697128465591,47.09425598067575,48.94412866031817,64.11037187675512,0.5352390690941812,0.25833853914179705,0.7603688584814408,6.299219362991277,0.38493340692983086,0.12074333239490283,4.335488792161518,0.7186912527897442,0.24478585864621982,32.73009797367935,85.29812205989407,69.19228013875885,2,KL-2
104.92929334532572,32.97395842620246,0.18803447440603302,3.6113601607807513,839.557705647021,48.60542501985362,49.33551596818243,48.64751978098136,0.5162916895413839,0.27506088430103487,0.7340795274720975,4.748940974465475,0.47383768649244634,0.12738353188351212,5.252181985372999,2.3540839160265086,0.1646853219947859,17.908822348437916,82.97660200415947,48.9575008254715,2,KL-2
140.05140850874633,36.546622950063025,-0.32279645011341584,3.071281266926327,625.6154715250537,47.14882806616628,35.96998078185195,85.9616982444017,0.5384420481407626,0.2556019115758957,0.8432817092409836,5.823727526181441,0.3639188904385317,0.1318880374969651,2.4256880892394115,0.544630115530121,0.2192425509840463,28.942236605117213,96.30710297534779,67.51148057848133,2,KL-2
126.02403961381474,40.25955631447799,0.5345061985972052,3.0923136096500836,784.8527392127876,49.842418270864535,34.26719827106308,53.504466130338855,0.4646540289162875,0.21043438676702114,0.8299755620582124,6.592050015445052,0.4033334877706892,0.12668591988630878,4.200499265608089,0.2911192721065218,0.14562832011084262,27.68885931383084,71.51004637770302,67.0580483762347,2,KL-2
101.37488122438022,35.20536577154295,0.36940196184626756,3.8564525649391745,613.9001677498694,63.90987406463812,53.86619480128111,57.2627437865818,0.419017127168062,0.2502400756141957,0.8530279939045908,5.680942536347542,0.2687794416978057,0.13547718690942084,2.5687907171499678,1.1777938252825766,0.2797453448795778,23.33510952654366,101.9739851158005,66.52806107436373,2,KL-2
115.46273000580261,42.463233915167706,0.4162119166898972,4.656261519601561,584.1309992548194,57.08180255463858,57.71705131061377,75.80470413560838,0.5620510783980032,0.2071368064177588,0.7515906624639452,6.469620909181645,0.32590772494593523,0.10281911546825061,4.8038959690051914,1.2527991705307469,0.3351564966512508,31.29813018607934,79.85073475605178,59.120718794936565,2,KL-2
152.1539370058512,43.32291664952572,0.5556200682028659,2.7936826083226056,687.1447339395188,43.45128203864927,50.90282909922422,57.819189061756575,0.49649589458143506,0.20317740371614898,0.8919218449764165,5.746774099994406,0.40787587486663995,0.09174591803025134,4.042720100217606,2.62086606254464,0.24031668063459694,37.582701579387354,67.79583176553649,69.39621339543714,2,KL-2
96.36153995800441,42.21774037539281,0.21707004026078391,2.3559311659013407,620.2040186416004,47.6964242752906,60.50834649684363,60.57466539210258,0.570975439496608,0.2298309998369349,0.7128152746471381,5.987461733720982,0.46139939047928,0.1937101332975154,3.178842691394248,0.91604450683057,0.12032319604370877,15.63498178057967,114.36274379111225,68.12865207533373,2,KL-2
122.92404908372659,45.150807627345486,0.6423969616469972,4.488112618876217,514.8613421155345,55.48213779421122,48.136150156485016,56.61974015053045,0.4713268497852183,0.24283461035584947,0.835480051070074,5.331554653800426,0.3318985158999499,0.1109620594627729,4.218133484760862,2.5277505390502526,0.3317320668046142,26.327651620791396,82.20295540785305,63.320377730871044,2,KL-2
110.15883170914987,33.57245271772155,0.20105582871465644,1.8202891299324389,678.1222359139608,45.24793775253784,48.45648725599798,56.70201146331327,0.6382728512394141,0.25211351838086865,0.7045208616401548,5.350375721216743,0.4037282031030248,0.11446636588036296,3.4181729953698383,0.5594736714566568,0.1078960830747377,22.771169179431887,83.83409006173966,70.37480245740156,2,KL-2
125.60344436377768,44.596972224553184,-0.03762343520984347,2.443175353397883,712.7722499717547,46.697279673481944,39.829719712592095,64.4460241299371,0.6050851874056611,0.30498272964179984,0.7604834309150765,6.262745786131507,0.38121410454731414,0.1403352029315365,3.9302496597307615,1.284799265442238,0.1263236177661567,29.358889131188466,106.1144599720969,64.23516682747596,2,KL-2
134.00910469477571,34.826127299278824,0.0473584358066541,3.052513685991318,852.203033379528,63.25967732939319,33.39758022446283,66.63531827037727,0.5487461686836704,0.2200921550475494,0.8780511465223979,6.340909140100333,0.44765440274962465,0.16788267876582721,3.8735764297254502,0.3506865126984206,0.2357329290004225,27.37189358425002,114.75317080619969,69.23021727127009,2,KL-2
109.20644366932949,33.35438428414269,0.040462492745553406,2.0016532257559754,812.4166812559672,47.592994972214505,67.54662133859584,52.281018825449195,0.5079369269291243,0.26181111558848924,0.8415682127237994,5.913214453100247,0.3391098347338707,0.10366415649195912,4.7965008816883765,0.7302875964696033,0.2701428196540399,25.971613936214112,74.10398105675884,63.99296538084728,2,KL-2
131.7836840756076,42.19269680511829,-0.1577565288362172,4.139719250245278,846.3931839079397,60.137334528235094,60.31299050249746,50.80703452623685,0.5931927102238558,0.25708166283662914,0.7726889792256408,5.286237878680804,0.4215038824183742,0.09003554195431424,4.838955546051907,2.923037849051357,0.2837797999006683,32.44753414164529,81.02598327699197,66.73361592887633,2,KL-2
148.3180509140794,46.29524137319388,0.7027555393480883,3.93552421640408,786.442899807221,62.542585516247506,35.074874328615216,52.69036693370924,0.5564038252189925,0.21348230275203608,0.7740581478589155,5.921902278303608,0.36731546565018713,0.08273539947625169,3.3916407760358966,0.3649967990279267,0.24470883583628214,37.18090650528549,81.90785413407283,69.5977835286021,2,KL-2
115.99412106016352,41.92808091825606,0.16851814620146705,2.790165418227746,739.913531073997,46.632303270648286,50.55751907831281,43.18495182960278,0.5440867350344484,0.2544244471723927,0.805031105541772,6.5286174803371395,0.4111519012413237,0.16779318664508774,4.384863370797622,2.4929884991333306,0.3908035012107886,42.30659325878918,103.71761995234785,61.81669941105572,2,KL-2
126.77333031241278,39.12482414263526,0.08789539033316264,4.273691295342198,552.5266112233729,45.38029954754287,47.999536888963334,40.91483689776843,0.6084292327647687,0.3101632849106388,0.8257070495380361,6.771433235025881,0.4034465526154236,0.08885679040616898,3.9629040933421784,0.4987506833741568,0.25521346728665617,25.30185475765706,112.1695855351544,55.129307309966435,2,KL-2
106.14338844695088,40.860922956609045,0.20530970197057347,4.409433942723061,717.9846637522329,50.29094330815068,46.26007526836957,63.56600576669889,0.6391228923525313,0.261190373013004,0.8625789691341348,5.741646033837043,0.3874110462928691,0.11917332190453299,2.902390759795853,0.05264779425789824,0.33277344814023485,19.895622240909653,79.53696926106305,67.20863204438524,2,KL-2
115.28888963546818,39.81856150840368,1.2419418066948589,3.159463481367949,771.6152532796978,43.790978234611,44.9098215218506,71.26314963810135,0.42480710524115645,0.26359503574163845,0.7771882997695752,5.0700660748711055,0.4238905923134692,0.09068145503871093,3.332262971776692,0.17469045325217689,0.31295636512757585,31.7959821703917,109.47694405561865,74.51513102890344,2,KL-2
112.34987360937636,32.244294623187635,-0.4026896754398638,2.889465457945594,874.8925539244524,53.46827102802194,52.81269146967979,70.45254351774261,0.44096927141201553,0.20768030014343997,0.7194107468256399,6.32018179977739,0.40218263671514803,0.07654932246125089,5.151687659759775,2.0549203400326106,0.14657010142363763,37.052423676616016,83.99159066165558,67.39320778365956,2,KL-2
126.95403888487894,31.54427913033051,-0.28801540468651027,5.057681622193983,782.3546250078176,50.85478470517291,57.181755254714744,31.4161047223601,0.4625791419616962,0.3681315310722926,0.8078484313524379,5.7620184517725,0.39335968489616524,0.11122873940718941,3.964712640662793,0.4558613480574786,0.23642156101715828,33.068449835203644,96.53347483534687,67.54513851757098,2,KL-2
133.07013903635388,38.52704472315927,-0.5022284069787986,3.826929457667324,848.8460121526506,55.384640127090414,53.023911690282056,57.05921895548087,0.4048060321885159,0.21109861778064992,0.7771284581245802,6.371520320780521,0.3821791732988628,0.09186640000976519,4.349867747710514,1.5926060689567767,0.41986564106248153,37.03173519765156,77.24255560686619,64.66259114802688,2,KL-2
113.3551772632381,39.47914101461582,-0.04303969537419445,3.4550597223750827,576.1602530361713,63.675547649862565,47.794816256208065,46.774896532889294,0.519980117954468,0.14993299236715132,0.7349683147625775,6.04053611250881,0.4038799194872668,0.09925114723730061,3.6227734125798055,1.8019590587468173,0.2096519316847794,27.872566646989405,91.03683503701602,70.9129492221856,2,KL-2
138.00434268599386,39.067994270206405,0.14820737733094413,4.34083675731169,660.8298848622286,59.039879846162556,47.4277328310888,61.72484925385028,0.5730093164195605,0.30161104721308457,0.8148834457656396,5.458277947119075,0.4111021774073036,0.1801831529225221,3.426034851168395,0.6349513821550258,0.19603035805146474,25.95212780113436,91.1666474311274,63.5125166708965,2,KL-2
137.95071162342444,43.05660968189948,-0.13612900733643096,3.4915445080024172,751.5220856393526,56.41391820329885,58.36814316922666,54.98611777428743,0.5232865364038131,0.24311097762109443,0.7893443122953605,5.929122180329691,0.35054289599596894,0.13274688312517208,3.766358704580685,0.9663040773316043,0.26364604651816176,29.57717953700656,88.71810032421672,61.36880975098511,2,KL-2
127.70280614769851,37.70713970301396,-0.16589071926070803,2.845503531264649,839.3143228891074,36.77161269625665,53.63444938116062,67.10294287493505,0.4822702686709684,0.2318174907431755,0.8153256103234896,6.554169183527164,0.3825264381041311,0.14794408558661967,3.59033756685227,0.775685850642962,0.21251840565919586,27.34723406316556,97.11965177583636,73.84238602299892,2,KL-2
107.25960202417407,42.37787509142913,0.10696194665125291,3.314127808390043,682.5725624993296,56.047007856819,49.72689463035433,59.7701629151839,0.6151166205703327,0.21726677317530838,0.7552777899906409,5.825423005516378,0.3472407027684413,0.1447397868854776,2.854048241381041,4.416104966987841,0.18650363363982092,32.31547010670172,80.41562962176968,60.755693453658544,2,KL-2
105.82256774890146,38.13247939604131,-0.15084312993187904,4.080923429855788,690.1064849021016,66.2810212856364,48.640987023998925,37.24797726098533,0.53624451225654,0.3623028774589503,0.8243355265162748,5.382597418277312,0.3980077288609607,0.11697417230762926,3.148004725527581,0.5783809218231135,0.21133732845619305,33.848838890017454,81.8953204217579,72.11576757161399,2,KL-2
102.81427967964942,49.94015377221879,0.17407033087313525,1.656251546920629,782.4568367203575,28.415819869491866,52.45270509612289,48.39496952640551,0.5524386373893055,0.27127541671628097,0.734145090162251,5.105677915701672,0.37038338975729856,0.10680844921867128,4.174730708647338,0.3037674942505194,0.36456077370949,34.240418322859426,97.75446573939226,73.84748369566167,2,KL-2
129.23749105357243,39.48428236035868,0.49569373869704175,3.019575408448623,564.8955007425851,58.015060343805004,44.3165131144055,60.069421377919845,0.6173387843919809,0.2829850732987051,0.7586134305151708,5.513917656567674,0.43853915739906274,0.1274680383558335,3.5215855865385537,0.682596490504741,0.23907050468179422,31.552963354021948,108.60442397170874,69.53453545649649,2,KL-2
96.82347688765954,53.044335669154066,0.32081218792032257,4.356445918865284,892.8885459788115,51.22513140194829,57.215388173082104,61.08132515077303,0.5151406448919094,0.25975693741493605,0.7878542884456361,5.69493186911451,0.4336363488878345,0.12505352309797482,3.7654229292167445,1.660794221405291,0.14375399737962305,30.229111633376498,92.22623567142493,55.00611584341894,2,KL-2
125.1525648116651,41.112069546545186,0.40240533886608093,2.840505279125186,594.5036688270778,45.70163997581644,38.24141438162133,43.13187830755197,0.6898171258099745,0.2662029768067118,0.8870909207479857,6.30999956795863,0.3538625718217815,0.10293583748504076,3.890953830298326,1.7928302825093572,0.12906027695294686,32.97213344625424,98.54404928154607,65.21723927377998,2,KL-2
98.7833597826383,37.7179369764707,0.4843673646026878,4.486886848345128,469.76926917288364,58.90902867129563,44.88543490233518,41.562483557446534,0.48917479969025873,0.33391747663356486,0.8392412684274246,5.33957536609419,0.39988463273007624,0.12389543491400581,3.937830029291232,3.8666645590250224,0.42654439456435755,19.185040461736392,101.59696012356808,63.38400002353106,2,KL-2
127.3531917976296,33.60331214244195,0.16313126404748116,4.38179505548785,701.2080410227097,66.17764720485864,55.11106095446024,60.674944050878146,0.6848358563610321,0.2349487203263383,0.8538596252133894,6.676875942864818,0.43192582896241816,0.09881010879911123,4.437947436789222,3.2024882690962473,0.23213325044527183,30.05285376166971,102.4660622636019,61.032005957317494,2,KL-2
115.25829374095841,30.342668555653837,-0.013456410417240465,3.197576707608839,903.8150442850678,58.70184583070203,37.67117186645727,43.15599232739367,0.44702118544700636,0.1625837472687562,0.8708538516671571,5.231423894579405,0.3912345839917985,0.1148562620807748,3.090782510958881,0.5101914570781327,0.2847662800772334,29.262390285852256,81.05770328996034,66.14201269877142,2,KL-2
135.0045784278974,33.05134629362306,-0.2589012283532783,2.7951685560887993,770.3743756400332,49.53046438990779,33.269914573505,39.97644688199057,0.5663987922304353,0.3020832792536666,0.9801416067905436,7.065743046278419,0.36358912375972274,0.1099414957644799,4.092151634126175,0.9109036028697928,0.18828982189283125,30.065401979857775,83.17587723754116,71.15365077998038,2,KL-2
132.12181867481905,33.72236214501606,-0.10647126545428842,3.0201129006802923,790.130865160436,44.95224140473475,49.6307767542924,54.6583138484239,0.4735974264955011,0.27980209673454354,0.8020794533779216,6.762759278377236,0.3453798235977602,0.08193382222182663,4.203016676111789,2.063144325371451,0.2756788775417133,28.561882268728844,84.21910487267758,61.33157871895041,2,KL-2
136.52598118003166,41.36892012247306,-0.1594742130707578,5.381691593601148,704.9662914768537,53.65702107031635,32.03541845553529,54.13864690393619,0.6145652893584874,0.25647878877310254,0.8710200461564928,5.970583124693996,0.4427133780789181,0.049465253606634896,4.341511067400903,3.72503283165059,0.36674637212812256,31.15927746730808,115.64360561072758,63.6289386058106,2,KL-2
136.9122807743367,35.843007773638874,0.3426689306483647,4.749539557546595,681.7147003274587,59.485354339052705,36.01196445948138,49.45919427192839,0.48674139137132577,0.27824519449286716,0.850631762720097,5.076153232615204,0.4451356574142485,0.09182810250180902,2.902249440351077,0.6168438119165243,0.19781894530049962,26.126985392329924,98.59831527006284,63.0715285293441,2,KL-2
117.15446250982296,40.12156231532698,0.18871302183767838,3.3503127774453905,514.6108756488261,49.403575790130176,56.56594118506432,51.555156519300446,0.5482696952515269,0.22775534678234954,0.8498016251653763,5.87228796900879,0.38960262005629753,0.17412313993758902,3.902891531008199,0.8816718696530873,0.2866869423958866,34.64761714726815,98.0597886446202,74.3109683643545,2,KL-2
97.61810400363093,46.69187017426012,0.3287031450857204,2.7634771587036724,428.87364905149764,50.17693606679363,46.95214742394264,60.16602867866874,0.47295664031667445,0.25124155497125555,0.888711980902009,5.706579521006748,0.4383068792263338,0.11070954653889815,4.77964556783911,3.4460720406930268,0.13754029792876896,31.36824888706737,96.89482903820486,62.94319505751531,2,KL-2
99.21215417503932,38.473149890190875,-0.4141347424400606,3.3436328284650103,723.5526806129036,75.07600199870718,61.85486949708986,51.35804515584217,0.5999780138933292,0.2420979847684054,0.7790343484507761,5.262856388474538,0.2517394735057329,0.14327904482689213,3.6905276885060263,0.6658814339589466,0.4118292894693434,29.753429289419305,76.650479156566,55.12475473790604,2,KL-2
83.69727206026094,51.47494019080082,0.6226997936964316,3.445061541293412,857.5059033208271,61.129215567677804,36.951856590625454,60.84836425997807,0.47253989914886885,0.21451070457574498,0.7750657488031809,6.0455048136237215,0.4663777325354618,0.056266645707199255,4.040096821178575,0.9823701993554745,0.271482874419566,25.512417146819402,115.75828564932446,52.41252128807589,2,KL-2
98.7450124985786,31.945134117964813,-0.12079214860270497,2.2553130099125167,741.2960445793678,61.70102942714906,48.06047634367716,55.434377566591984,0.6596731875794135,0.32135036698630015,0.815988275674093,5.488178435072179,0.39215275973614105,0.08975141796107017,4.218237356751111,3.5230085939636564,0.21697649245181663,33.076584426039524,98.25025036944353,67.90183653252775,2,KL-2
116.03235486556973,38.096498709750435,-0.3900066568298651,3.314033015372208,774.8319432462416,40.817712751529506,52.99584553207759,62.01180186463987,0.4453202314430888,0.165264482354932,0.7908650114039055,5.54254707647521,0.4070888280399744,0.07936531147912948,3.134718093361044,2.431076065564593,0.22617007013710688,30.033298492472454,101.17792135185942,58.914546080912785,2,KL-2
106.60518728762257,35.76412245833413,-0.12568710592872512,4.307923459849384,890.0461054767447,46.84249056565232,37.29485069871091,70.53846678523973,0.4173497665337483,0.391652930308778,0.8159250426499086,5.798160682713823,0.3839741138167015,0.11393099969738656,4.850294837399985,0.41844216191515554,0.20919694603885317,25.222583032315416,71.31374453301038,70.34979604217983,2,KL-2
112.29796593385223,44.619039636342045,1.0435063970350034,1.8105146550268214,739.452022172927,53.09745311563391,59.31761904499625,70.07097414468714,0.6011241662463269,0.3026417325523885,0.8781374392526505,5.6125455856471484,0.46978537409337523,0.19265866441605728,4.049700478181342,0.5891085410875331,0.21328758687012053,28.716692287933807,101.85572622833821,54.35024009194295,2,KL-2
122.39073129192101,25.561250217803273,-0.10508674659662705,3.911267172109799,685.2813879630856,44.4908995369188,54.10678883166039,75.458525652793,0.4776685087789183,0.14332146791785894,0.776092663864686,6.939078308555015,0.34696341880222326,0.13380716829683753,4.061701688516056,0.6530177938215855,0.054200388612027195,32.1454130962062,88.22545059846848,60.68870266711514,2,KL-2
110.43902112901362,30.341308264933133,-0.08003858858837021,4.349838376043824,601.7770233219921,65.30317839111436,32.90712913312566,70.05776276276592,0.5244210149240371,0.23655002023054422,0.7847660518703135,5.632142683500225,0.47372301633034175,0.1708683759983426,2.752783573193679,3.6582684254289703,0.24216274143225955,31.757867694099126,76.62660430328515,54.355449203838816,2,KL-2
98.17256799381124,38.35591906529422,-0.02684187225187045,2.8015541239245056,942.6655075566504,63.782498452725164,48.62258203791399,62.862690378501654,0.49922070769314236,0.23988724504578654,0.8087155501763288,6.120440505697238,0.4198135460472555,0.11236689816943009,4.2267268789279875,10.265393047518995,0.23880970555154302,31.435044839040774,81.05483600953843,68.47688572439138,2,KL-2
114.20149498654852,48.30826632605696,-0.00944815337258214,4.605340606552845,763.1857334984417,48.23163730092757,52.859567362586326,54.798820348318266,0.4199913386277848,0.2735131977365267,0.7885840786987415,5.972761246105181,0.4311332107959079,0.16094608121565215,4.053846204827482,2.230858973965586,0.28909292298083816,29.462656958705384,77.3212694985596,70.1907803249972,2,KL-2
101.52264269840732,40.355051004223846,-0.2625904263205017,2.697730350041324,586.7677940896803,66.77134885285987,43.09943326471942,55.34686892620531,0.518840506868933,0.1906373037556168,0.7042997085993256,6.076375112629436,0.38353977183355414,0.1821977012004867,4.724514796633239,0.9934216240556331,0.20814850028467788,34.12909766650948,77.11858965862467,67.70900126109281,2,KL-2
110.93820254531406,30.890715274414596,0.10728523328245215,3.602866129488323,559.4598798638516,52.46598322624046,34.201350944911866,49.46667232277028,0.6261932715977842,0.25192152060209305,0.7709936178650529,6.114544201805466,0.3345890401051814,0.11671892800768625,3.563240871417388,0.015338887610881011,0.1883170948687182,35.18898251905805,93.22657384437052,56.31250943676926,2,KL-2
135.14165446634505,31.817000443858618,0.4802379632793321,3.0045818522690957,850.3676472314695,73.21511773911239,51.7845878944741,60.05435149261869,0.6052509602644452,0.24273283611264118,0.8343686621118751,6.340680743303062,0.446525538276805,0.10382205866317905,3.157405002240935,1.793451779954768,0.24937800444376199,32.686613078377704,87.85884653522018,59.03389004711467,2,KL-2
110.94242043855738,49.037938217069716,0.17571572619148282,3.0044029142699173,575.506996431001,53.65748904420029,71.11242950282562,68.36864974454322,0.543543421010074,0.20574289824559366,0.8718773375466322,6.0332230378093215,0.4155704175594665,0.08046567189029541,3.3406566031354,0.7398743977585542,0.12101055055276129,26.062743625721463,96.50883234593665,66.87451190889243,2,KL-2
141.56436330021617,35.27319120722255,-0.3944661195599943,2.7561607441935636,922.4600989002665,57.10954200262738,45.13015900842309,51.29198876540375,0.6139814634428086,0.19739486611172607,0.7422690716231136,6.0124478974431605,0.4680811729154408,0.11072819224269091,3.4470130589956205,1.5035348486174782,0.26147385500276676,23.70969141354741,112.61171045281606,51.49806873500509,2,KL-2
136.47453980406954,33.342219765301415,-0.08773836197348339,3.808860384689616,369.22446434911467,63.69922752935647,64.69241181284708,59.55338569603471,0.4402385132244659,0.30512827880214144,0.7420358800384578,5.92923853423407,0.39031118398921505,0.12245690025602372,3.0786920891211755,1.3997508768480396,0.10105445923826233,26.28030116514203,90.94595543647195,63.07092044489678,2,KL-2
106.31042037131435,47.86423536378516,-0.1706109600406519,3.9290443661851593,870.7114237347972,62.72106679846247,41.477111782385315,51.87165325533877,0.49896365368759954,0.14820504759744438,0.8015116901358668,5.830791073830013,0.37903843105505425,0.18092860852047446,4.524096014259596,0.9832917866173447,0.33966549190646367,38.768283739883614,65.56132847249887,77.13524282668705,2,KL-2
98.33314350376337,45.06658203352195,0.07117578729392043,3.198462240338249,758.4273773394357,56.585856529087145,51.15545635009952,62.512251962251376,0.5566643952584167,0.2786727361657631,0.696220246756108,5.444101059169662,0.4694044118320151,0.0811507807771174,4.546618717759,4.334018165715748,0.304741596452862,30.408479569136766,89.5965014614262,63.560355606557,2,KL-2
114.2116875711971,46.644357859600774,0.5821806686249268,2.1620254290621808,714.231330766825,51.37087744444931,56.71522530876119,53.407399392600595,0.5145668138546311,0.29785061841268745,0.7777514898506436,5.8695658112899,0.49559470822487217,0.12178985681090934,3.632524979315967,0.03512764304517944,0.17590512988607893,39.632209137631925,106.82073323677446,53.091642887744385,2,KL-2
132.29991645095333,33.2997487184051,-0.009553118408353215,3.5725361333075116,678.9449877949884,56.613061599944956,48.91586334028635,51.12587314447136,0.5052541335618754,0.23688649969969502,0.7131978970224303,6.020633687632767,0.4004673588182865,0.06557075635831149,3.5143440467494838,1.8678823803234228,0.30289104106704295,28.399008282062816,91.46872633003804,60.14072601859092,2,KL-2
107.64713640656967,29.849366153913834,0.014738052451843673,3.587611487528555,926.8875818312836,45.97052662499108,46.02264351118769,51.8403996608157,0.4289485014143124,0.25314237038349974,0.8684530649921232,6.101082278286398,0.36236212515714467,0.10719711513484295,2.6607108520084126,0.7910420538682872,0.2589211379403105,27.705931647535394,110.85196784430042,59.9544613945794,2,KL-2
128.6213544739321,39.79899893617623,0.7610579275277718,3.076627990890858,784.8470630081445,53.71706975091293,56.26127521350374,66.0399452861468,0.3584926889085831,0.3198096999818429,0.7615334422824797,5.990142386495118,0.4405265381394774,0.12934186072236056,4.167576753182162,1.8765465687903342,0.1692791815132112,28.629717316779633,97.93529911765383,82.12247023869249,2,KL-2
133.1265998370413,41.01075679844198,0.4004823966686641,4.743785029744647,591.6155669325458,43.62553974001604,67.91455115269221,58.83900713603574,0.5904293139959709,0.2077089093565566,0.8826417093169513,5.783522493275734,0.38729897169146627,0.13537749458065673,4.742064065295506,1.6869092455765924,0.08816990742167284,28.53912959973348,70.44076318723133,78.32543264411116,2,KL-2
103.38961524456091,41.18761082222899,0.27963251284261403,1.9988565880794766,493.7308052765342,38.25294687935759,52.00586924639131,54.85893923999957,0.544457725860178,0.21390085426665256,0.8556760676729169,5.871460048402051,0.4299631412700399,0.13767069238925764,3.367683169644266,0.01543615709734527,0.2753148546741162,25.13174544066138,93.8149870052603,70.84748347281263,2,KL-2
104.85923367567119,47.869103613834014,0.8332526461207103,1.4761730317971455,721.275665577677,52.903414113115545,43.839398234696525,63.136854030566525,0.5971598702568075,0.2202709791340415,0.7676841351151291,5.623176757724604,0.3870362012810623,0.13192212098660536,3.679929284534161,0.5039194023170863,0.1864574522291972,23.255758659166617,96.06401553117675,62.25539255406881,2,KL-2
125.68993048190511,28.59739745995051,0.24592450191760523,2.665332080241863,699.8714639755103,62.59822312537338,47.10248442740317,55.02580539038819,0.49002112462733005,0.3199195359533969,0.746402018157696,6.056611995503283,0.47820070091059064,0.13741265820288723,4.0105748767894385,0.31440012028682907,0.3375975655756864,31.506683135904314,105.46426961528373,74.60503728783779,2,KL-2
117.27771324462356,44.1581703077866,-0.7446108567910089,3.8183396272731596,517.6158355149389,59.906437132768474,74.19707645645374,73.51821472422844,0.4679777692137925,0.32753762481308246,0.7903227125416205,5.78943588604294,0.36502552474746497,0.1213721738700799,4.7846510163659435,0.27405788089091476,0.2511226987105481,34.27450358798682,114.33563885933881,55.93232288759633,2,KL-2
104.70907710184481,32.420249735116094,0.38306630315214424,2.4053242900529272,693.3527769421197,51.84470163419513,50.349071163381275,48.31360615568092,0.5255238373309308,0.16624658593218286,0.7947676687870898,5.990280469098735,0.424026483126098,0.08856401082033084,3.8698657331010566,1.9555608979328616,0.19403338428021463,41.22490650333201,103.3927062365044,73.61260252195407,2,KL-2
109.71729327820618,44.13441192516505,-0.5868033828474601,2.46522326517914,631.127844031096,66.47591758540398,43.05586301422027,57.75634184619262,0.5933359718890253,0.3103744448386982,0.81730734719762,6.400401521691276,0.3755649014883938,0.06445029108959831,3.867257949615911,0.4107700346061419,0.3938270986472377,26.83143546654489,97.7857575686466,72.42378829936035,2,KL-2
113.94220670908871,36.150259772871735,0.23080214743297908,4.010817068942524,701.1148081968033,47.947508873227406,37.5493208351746,43.14281733999599,0.5064838228009877,0.29913449838083706,0.761172835523491,5.54532054517879,0.3859246719289615,0.10359936534788348,3.8575911006958816,0.9657860403942891,0.29611571940824044,27.236722565679624,100.61425925894015,63.78923412280575,2,KL-2
91.52718362566809,34.11616922465693,-0.635497429651696,3.6200383382381998,787.1108333978083,37.157338705615814,30.740989058873943,55.83750729731887,0.5891428147462788,0.34321568862698965,0.8373197436761101,6.198347690455242,0.3793972172619711,0.1159615370081031,2.894980495857796,0.42551315519187705,-0.04240692120832847,25.143853527744913,90.48391832260519,74.11349050680617,2,KL-2
126.48464659724043,35.34058375830479,-0.13674216415996782,3.55164872770272,879.1131936956842,35.04318964639231,52.6358427384619,39.84437402752044,0.4444953595525531,0.27310648192758274,0.813266402749995,5.916605089942687,0.43693040330467076,0.15761795391526442,2.8819256077020814,1.3020861677959301,0.2110886584967307,34.62863714686784,74.94546595831085,61.4222309642892,2,KL-2
107.81961716591213,30.326338795340625,-0.09551381184394848,3.8751431355724226,809.0666843643145,43.050472475234265,55.54641992824504,68.95579827070952,0.5120842293464106,0.2473443927832854,0.7829802421642067,6.910596799790378,0.4459181557466935,0.11698194974531438,3.2652028985310766,1.9125254248207273,0.13927288063900614,33.07493727398133,92.99795303467432,54.879315215214135,2,KL-2
73.24425664302852,39.2425736390008,-0.2580476428927013,2.9098456373816926,613.4271100203754,59.03299794609783,45.03303820034793,69.19804520406694,0.5193908684737575,0.3187130011942995,0.7643979672290988,5.791849835768246,0.42788694144661854,0.11410292897349922,4.357734344422424,0.603124413198532,0.1860161649823753,24.615327090627368,96.88348392950687,72.82372010399936,2,KL-2
114.64193547535821,34.36395965603726,-0.08954079887648003,2.946812740753447,744.2698154595033,47.42157853226091,48.85029581969046,69.41004208469371,0.6231111955137536,0.29193422749010595,0.7907557508450657,6.247582291575534,0.39460082666273644,0.13156581380525337,3.548785757672404,1.3858072713765281,0.2384214080865171,24.489009565135284,78.05610848905692,64.31805656688432,2,KL-2
103.87643111659739,43.71778938540167,0.463024688144221,3.89782341804914,707.5728545790429,56.18766913485842,37.29538290711376,60.34646976209361,0.5416101918412727,0.3846939048489236,0.7591549374086215,5.907676725877989,0.40700900155007963,0.11189964037646394,3.4322375707186246,2.6132096830643112,0.2783238806870037,33.76257379297949,108.4194596739993,69.81424482638934,2,KL-2
140.33233288454016,42.8403364861975,-0.23558116486382139,2.17409057537504,540.144525444292,65.67026706867182,50.329284648275014,49.441555143478894,0.6646862014635356,0.30752247069770966,0.8029219347441793,5.205847745843253,0.44488607842297123,0.14431625996840816,3.4216952375137395,0.14844533843286328,0.2709092593690859,30.91598075604204,104.56493218578917,79.56709273247525,2,KL-2
106.21832468620048,49.128942317416744,0.2680563518042164,1.5358241228811629,747.7879341630727,43.69922429937755,53.814953205671245,50.3959124155686,0.4171852160042014,0.2592128785854349,0.8042719342609954,5.6396554522404285,0.4464655793603802,0.17938000855151634,3.6674058729163934,1.8602841663580865,0.3362298461251842,32.79194356505572,76.03886301654558,59.22196742082963,2,KL-2
98.53534954632083,41.197964901246465,-0.3362598558429201,2.9033726610977166,922.8006805501257,56.32799785436712,43.64835732832362,78.36206466264625,0.5353935123529024,0.17955373717742973,0.8130853641738169,6.340235552714197,0.26548621843232323,0.185723565426321,4.771264760460984,0.5854471906862444,0.3009278702006934,24.586157608305435,108.8899874654785,63.852963961280196,2,KL-2
122.61899004943024,42.12406660248044,-0.02579983055685167,3.9946986312525534,703.8911925024405,56.81170458124578,65.9045266958584,77.22812524559755,0.5393518431344357,0.2151449693683529,0.8883121204835926,5.683652769695864,0.3863888914113652,0.12291121881733467,3.659281568581727,0.19627384330845027,0.2959797543300404,19.611375680448965,88.80022756948183,77.55707603662171,2,KL-2
105.09328947988625,47.40059887096688,0.1795357065309801,3.4544477591894425,508.69807843295195,45.61409609221518,40.62893673253088,61.47066188340926,0.5746074558069494,0.16384270131831905,0.7933777640150214,4.789871842580194,0.3887870604280257,0.13010677094086345,3.278221556775085,1.183345070426017,0.26611938585066197,24.62517491659915,83.15810121857982,70.34985384684227,2,KL-2
103.30815698121651,35.23402382383982,-0.3486113666474239,3.9358332032984125,703.6322405330343,63.33368740196067,51.83476604018983,53.812391591036075,0.45993120508408875,0.2370962778363482,0.850229893356224,5.8842984915377485,0.43346262820630804,0.1673656836112045,3.76514737744898,0.38478356492889687,0.3529439082180721,32.43883365005613,105.45133231295831,59.40173804636323,2,KL-2
122.64252074236609,30.070450723061803,-0.4746881731642759,1.6369645516614675,554.35453612321,50.19834355560419,57.48317219704605,76.42348107238213,0.6597557071528669,0.3055640555939707,0.811479369848785,5.353831851024495,0.39666145911446266,0.11550113931311187,4.8030501634569225,2.5835890598915903,0.22469787654472662,39.555289893174454,91.8873470468793,57.35985837168417,2,KL-2
99.3929903816565,40.200564354770364,0.24675126023155522,3.5023974466587933,803.6326608263545,49.42997615269593,48.22710499850618,51.66596206338228,0.5260371153177408,0.24977973469116907,0.7880877849050772,5.96590886629836,0.43595916904746435,0.14037576425772536,3.4483051686386306,0.06576468896069296,0.22677573850118476,26.852680052361958,115.29022385004244,60.775354879173236,2,KL-2
93.1408951270082,30.464199184713575,0.49923215973625557,3.7730916037139024,762.9837990070155,69.39290574734378,47.11523181105508,62.74619049715089,0.4380345989652066,0.31130351612560436,0.7940420365024382,6.675573540699009,0.3460669614484724,0.08594519610942525,3.041396994941433,0.15579727919720934,0.09755413176219757,40.37927940938433,82.26534347335898,59.092682361576976,2,KL-2
140.88997003141506,53.72363203755234,0.018373992205051107,2.169362061911452,679.4907935830308,56.682133938933745,34.71133849550338,76.2234876647815,0.5237180007669106,0.2702544240063408,0.7970586795415974,6.284728655401452,0.413002725773039,0.11067482555175005,3.44940523816175,1.1040698908374678,0.33449312350480287,33.14909883745844,71.72010971232814,66.89878495591624,2,KL-2
123.69248106400967,47.73298975247366,-0.13292516262268173,3.939646072437236,660.2602880973014,59.90232439748399,62.57341495716283,49.96393800402447,0.49994707816959094,0.22581446261475943,0.8139883853864107,6.668327914369989,0.4450102826725247,0.1546834384993592,3.82725824180906,1.333530644902403,0.24384593953766764,22.03483849145587,89.1347406260063,65.6274760575808,2,KL-2
111.03686072508452,51.98385799980948,0.11227015507535472,3.1607848827953657,674.5318838061344,63.33914345217471,47.30106798332404,69.95068302764534,0.7476588113797863,0.25525750931019786,0.7520339617390515,5.619243989277755,0.32628085653409256,0.09845413098637129,4.1629445704952035,1.9633704705478687,0.4846884564937018,30.070169189055157,101.97066998872567,67.23390203420281,2,KL-2
114.94784185447097,39.37468185997878,0.07219196750615219,5.707069361284802,700.9929393210784,47.29620800432627,54.37365424934825,66.24672955012643,0.6089954879620011,0.27832580146330577,0.7267329808277516,5.828416833182234,0.5256821734104451,0.11615846463810967,4.354130147209347,0.45015986338914926,0.21755738465900337,33.319871392059305,81.37428417357349,58.27349758752174,2,KL-2
122.58796537174234,42.303441562209585,0.14716101628450057,1.5082111448826114,607.331797439015,62.49856877642944,55.727204878601405,59.525801493221266,0.5289729084566575,0.25835340390781697,0.8327148696737137,5.37778190159611,0.4595442966433259,0.07277371063193641,3.122569635622603,2.7654674862314175,0.2570862503533388,16.87258550723657,76.53879540640145,64.43332873979796,2,KL-2
129.6000617442013,36.24314740828414,-0.9612980401254858,4.345291494139801,533.4696302798276,48.48484708001864,42.71701507982247,48.07879681040261,0.5160466651840636,0.25904105373111486,0.8449061916290629,5.557978277479953,0.40006766512328207,0.1801730488352891,3.1794927993245583,4.590961167451647,0.2937203962886731,32.22225578956691,95.24712883243305,48.55440180835026,2,KL-2
103.66037063027483,44.29754883352051,-0.3776417164663853,2.934673522779141,836.6438736033577,48.14301288529362,47.02471395708785,51.30672287876069,0.6010845489985173,0.2038569935447976,0.83728179164014,5.43655758385691,0.35857959463806155,0.1578908420945071,3.556042644367506,1.036841446895709,0.16184800216090298,34.86360589911556,74.9357534779898,66.16005053889093,2,KL-2
120.49219788948523,31.706740727693656,-0.28809204217474155,1.956278628447965,653.751882820365,50.32400022153491,62.34482350743504,63.4734128742079,0.6049089728262572,0.22402142408546705,0.8077486009278235,5.246638515394022,0.39124574248631466,0.12564298698458246,4.160695814818138,2.1439992463727133,0.27868381711033824,30.994340620655716,96.18031239536097,74.40352515964692,2,KL-2
107.39943735684642,23.741440863151325,0.110347051404625,2.8284358851480063,720.0451725002973,47.52348132044036,37.82802334259555,42.91995846142336,0.2920760064543481,0.38550764776927865,0.8383612313726644,6.58292831266567,0.404190117980567,0.13522538616246985,2.9939952614086467,1.1161819084590971,0.25277291456457485,28.691393946592882,88.41252338526188,53.60203272523056,2,KL-2
112.16528133231064,34.2557362830686,0.12435115344890656,3.471983393069973,734.2338341400994,59.077251461257305,70.27918074757257,61.568926308219,0.5764394523786668,0.32370798942541257,0.8356714513008571,4.85401985248679,0.4220331278406023,0.13187694320830104,3.3856038537493816,0.10799665549911353,0.225704944825853,28.135367084992964,98.43359786022847,68.8674258451797,2,KL-2
117.41039301197357,30.267159146296105,0.3044721954736144,4.079973335652035,738.6424575586257,54.63768524116045,41.55127214723726,66.49261180873995,0.5272373235182901,0.16156954619141706,0.8393814679477477,6.585069452402279,0.4750330424730015,0.16152935259092358,3.3943537623528313,0.5920359466192125,0.3438083166994405,27.84338836154089,75.89405435290477,60.1118851859155,2,KL-2
114.89982140420992,47.86756041695721,0.15303269968417468,4.62757143050574,559.1418403481891,48.570204683063096,37.204825433594884,71.8226420737092,0.42010849425704194,0.10798186254961831,0.7570229589328943,6.523029462460116,0.37619507652785766,0.10443599872885882,4.315049313218623,0.13732891038263245,0.17770010256714755,23.120100981164455,108.07795781732685,71.42000922954695,2,KL-2
126.03350347453858,49.894064730481894,-0.47029402815493426,4.387514470963474,498.8991802537783,57.896040265238575,50.32309020688535,43.21971510647733,0.5954171311699342,0.25457154528692333,0.7451524101422684,6.1498963377394995,0.42813549187862804,0.14196802859784696,4.066956456398662,6.748396184415464,0.27199216904657775,25.562380840475164,90.30358618007573,66.26917960969823,2,KL-2
122.30629838673391,30.582425565521334,0.6288018470340241,2.4776943834364045,629.356897036961,50.29854050090923,71.08348264339871,75.79496756593528,0.7046950410846613,0.30360837366555943,0.7805715376623864,5.342746365952966,0.33537854186999433,0.15232249496556519,4.292231016629952,0.3901507715694926,0.3663731433108037,26.9170297717392,101.66227201485788,68.23763290128353,2,KL-2
92.37746185941734,46.750293645127435,0.5587673213689465,4.1541317538128935,747.4853838900344,49.875437037082584,29.890340644077952,80.34436193015922,0.5695436757462224,0.21880348975466757,0.7991307945228672,5.108912444278396,0.3793199642837366,0.1564597791142937,4.5532067845398325,1.5154918135889033,0.19347025952349614,29.567471731128713,104.01850553541867,65.51859119004352,2,KL-2
94.63265189401837,44.708309901004625,-0.45327891601077036,3.563027965696699,612.6460159030825,52.88947107921235,47.589842815103076,64.92181881256313,0.6130342753805491,0.31129952369187625,0.7879039436433855,5.625798159368218,0.4188358423934679,0.05221887348504907,3.5666099429465516,0.5018358212560139,0.2262491213846161,26.215926211714667,78.61066057160853,75.62665445107483,2,KL-2
109.4542497286106,29.581339891686742,0.18308211774967315,2.72631758325681,657.4094375560919,56.207682845329735,53.76265017256556,47.54341702290407,0.6693295273571523,0.25357927390042506,0.7061654834331061,6.212560228169963,0.4345631245504402,0.10202176565204565,3.037556307087791,1.5887104578419173,0.43762436507774627,24.65435378751035,103.08709011529692,67.77928382156082,2,KL-2
142.4293789366274,36.65839481441029,-0.18816975409720632,3.080471525218015,955.2756896499482,55.61878119501936,49.33649958535531,56.062688539677104,0.45857902794239586,0.2402163232163815,0.886084630606757,5.901531818720337,0.362338376166769,0.08942488136094287,3.041421829291788,0.3543463984377114,0.2879512852124846,32.798854295629226,75.3991986982681,59.35661028798039,2,KL-2
102.22612251247597,35.51901766725288,0.10554559568021929,2.682125872444221,478.5491338234557,49.59400654197736,52.8192167000301,59.428833058577915,0.3763942843866466,0.2953669105705109,0.7862977005557131,5.378250252452622,0.37796041519940426,0.12448764856712057,2.647135460964696,2.307561241420641,0.20950420186859056,30.85306985973928,76.05834708688128,65.78972041856802,2,KL-2
111.87665935580871,43.4879723917632,0.4713241118567482,3.279673873549165,609.3959204907402,59.27688965951522,41.81966917827726,63.245562104766684,0.5775492850647602,0.21808745242586386,0.8086352208288476,6.474102392328246,0.47302783177917723,0.05951909341457183,3.4747399022002843,0.17616921840213906,0.31420998080627827,26.30385231605217,116.06799083186121,62.048951656271605,2,KL-2
106.95480959565216,31.62732389456992,0.9020417065283836,2.6662736941647034,927.5924882288714,50.72084679136275,43.00278154068619,60.26377863172323,0.5051910770846839,0.2327976206917808,0.8622274495381529,6.742191664090769,0.4580954309814022,0.05863131327163191,3.519466431100957,3.3828425062144536,0.20455251587271794,31.531392357437934,105.8422404255595,66.29919925215671,2,KL-2
106.6893342386788,38.4067642460431,0.350511082057044,2.4276047414260487,694.6481593605732,47.26012409113025,47.515773528408005,63.3739817147354,0.4150661238102766,0.2902100357278278,0.6827513865239396,5.7867004179927015,0.4104228608526183,0.1851028497562878,4.222532044083029,2.752830782069317,0.12480672606719433,26.734210531570326,117.38397010520507,61.641842301065495,2,KL-2
117.67359615857583,34.884392976302294,0.16797389404405433,3.6332953022262178,615.2817801401308,40.75582680986119,37.70111912097249,58.911038911930525,0.5187464051091366,0.24811624377603855,0.7744153064044144,5.954668451798673,0.2881677423389642,0.1385306816479002,3.7601485303059623,1.7035712404561518,0.35978911562121363,29.3153251474406,88.05743163270508,59.58551411562948,2,KL-2
136.01165914293477,41.84004710031086,-0.0859284673233189,3.75298443860771,840.2522700413344,60.36542784799217,48.553135985598104,63.18128513414692,0.5832037899032496,0.36452657640266417,0.7806441363210097,5.145575658185252,0.5255566273845004,0.12363027729596435,3.4558029333944362,0.10469186848954537,0.16175525886951886,33.87522027361433,93.7291439689361,66.59417770198756,2,KL-2
121.83952599820884,37.699247809872425,0.12285394840447057,3.0999223999267103,706.6276523777334,52.59912060955206,45.112547063284985,54.47371894606423,0.5130822668188513,0.2916295247713611,0.7831844977274677,5.692806641945483,0.3990034219171377,0.13091017943516947,3.6804007643036485,0.3508689232550052,0.4461370099997833,25.981294534168683,98.82825696102836,65.44631702893243,2,KL-2
102.94703557859361,35.78852577635763,0.5939087573313254,4.344121043148778,658.2029925947193,54.18697886808412,44.299548148451315,55.94175939621038,0.462053789541197,0.2877288296999657,0.7913256704643022,6.155219989000497,0.3843716470989336,0.12439022771247539,3.1266159097711417,2.9423447865539156,0.21085340996302357,23.137941960831284,92.35365320087327,73.51164676036677,2,KL-2
156.2984426620481,37.720220546207536,0.03211649729616585,3.0416555308039093,723.0842712445013,60.86642332559613,52.205064125986375,53.08769795427999,0.5071194351762792,0.2470297212360959,0.8723567399222422,6.077428270128889,0.37388200370729424,0.14992051969654577,4.365243942450772,0.19511935149684084,0.4206611745249484,28.27432708489329,83.54636775164914,61.6803529669375,2,KL-2
116.17859831441689,51.216256997040674,-0.3044450605390601,3.0077803638995695,621.026942874068,48.68075014721747,30.79340506800696,83.00711441404886,0.5234418827758924,0.30248528060257635,0.833672943786361,5.646166075395147,0.4188183518599554,0.10102667423808064,3.278450662314295,0.254283499516692,0.14050631451839538,22.18267491907269,81.74698362543941,49.15316922003754,2,KL-2
106.3416856542683,36.498602183283666,-0.5978759462066506,3.7783911858765578,577.9010724534306,41.50480601220697,46.70909896616846,77.56680943409188,0.37064141898991343,0.23064353363190124,0.8479017634314414,5.762878245761777,0.41932912945854645,0.12559844478220708,3.066041236838463,1.1779046376477913,0.33203948690130025,27.612757453245123,95.06634679394739,62.0890336122935,2,KL-2
136.18144562016383,32.75396869029728,0.2552191469641003,3.1440595320453304,686.3683686838302,53.058245617721745,72.17353765614861,66.66353028016339,0.5135780037463445,0.2669426650719709,0.8023560135905461,5.6763946317277245,0.4475313936563256,0.12682263803813146,4.240729180024482,0.48067455194190034,0.289978101838772,27.596812603432717,79.69768190005234,51.988553928667386,2,KL-2
107.96394073084272,42.500601414935794,0.14891525025109573,3.317838183220915,578.6803647908791,54.96369241664236,38.13890313674375,75.90370796721287,0.41745276222840866,0.19502241717972638,0.7300313476927248,5.760767643140808,0.3536968917825493,0.08859426124624986,4.094498525018311,0.37668909035535564,0.31701969804441216,16.681579380472183,79.36163809159777,68.3253757927726,2,KL-2
139.94370482481165,38.13885198346226,-0.2083632693049187,1.2336492235047478,701.2831974155777,50.39720747071702,61.855004964844134,69.58153606773459,0.5777220761616877,0.3123664835338355,0.6960151482426996,6.111617401259064,0.38437525609293693,0.15830949177189158,2.715788772864593,1.286372851956391,0.32744181653410087,31.65317581872255,97.22286413385511,51.6088165732097,2,KL-2
101.9403581355,30.508596414801165,0.4604056502829191,3.26336590779038,742.5287880969207,64.28990062460934,49.546561209126985,62.175253914168664,0.40011659395305776,0.2674362818357075,0.7235296138384184,4.916231457315439,0.5015272861612101,0.10662969780295771,4.263000980826133,0.6992007135015769,0.21018038861750624,28.0865511665934,91.35808778217262,57.09303150068719,2,KL-2
136.45045583382054,52.388978011214796,-0.11871074575505221,1.788243250022992,802.3672547261933,32.610667458229145,42.97042191118582,41.9331439077638,0.6060153763640749,0.3689507838218726,0.8179882852083009,5.862825242596039,0.41122953166249954,0.15052265009426702,3.305044416543566,0.22721121676556244,0.14529249263976013,34.90948226385968,103.74647524698022,62.101324333801095,2,KL-2
118.01571496422541,36.88512632648011,-0.003857636729918093,2.2732395432009036,835.3509982620193,61.46045310319826,35.793583404701934,56.85403295849832,0.4922667944628847,0.3935379030201855,0.8015884856348817,6.0749877678128446,0.39137378133366263,0.1234473817911444,3.5255372834616483,1.1481051666538449,0.24592658157286257,30.077659898970413,87.4010630790059,77.35160483808916,2,KL-2
134.3657834905365,36.73278327623189,0.04333434668082258,2.181741968995596,651.3116198041298,58.82922920291381,50.39681965285232,55.97954529577978,0.48156194345823905,0.29579916708598886,0.7894918176221996,5.614757657179462,0.35291911172081486,0.16900754497227174,3.8622120646163625,0.7341158654761644,0.26784242060681074,32.67804285157774,85.52492860029358,56.41687907428066,2,KL-2
143.52648563052315,39.95901211144859,-0.09038109685523525,2.415933477172939,759.9297529526883,56.154166221603674,63.53397105814676,46.40309792289412,0.5485563677841578,0.2541055186724742,0.7815711546629931,5.660333478017559,0.4252967152910376,0.08875862734435427,4.101974929570093,1.9893054303524216,0.2122524303075596,34.95019376603522,97.58264075242565,65.09923986517269,2,KL-2
98.0108906421812,49.38070061525303,0.14434602629982834,2.8109169122941977,759.1028135447627,25.81278760424723,45.10788854803236,42.166052704720606,0.4557172443821287,0.1932361292724659,0.9005860787721373,5.674802779592276,0.4515509108521222,0.0874572359546865,4.017287504812516,0.16264022179400667,0.27220431761278896,28.341414586146268,82.75570150535407,69.63981261565807,2,KL-2
134.13657731137482,28.921528040886027,0.5106060583732005,2.860805907563612,739.3382458979181,62.77111026616215,48.19038575263227,65.9126321588043,0.5472996603304051,0.30428498819552946,0.7588548204511762,5.66047501323142,0.44372938229049036,0.09282913226987073,3.7201090014563984,1.4537986945457797,0.27637004249397923,28.99588405568049,84.60246729331978,76.87248442576558,2,KL-2
93.86644143361893,40.65591509652324,-0.40699275924736916,3.7814201634057003,642.464870685945,44.28852711491292,59.10370850190332,63.89405186844976,0.4664312980249304,0.2626170738337137,0.8463909728058029,5.902941888925187,0.38705995681955413,0.12399886651543122,3.4952140026504535,0.8603641551197212,0.17719788427649072,21.132283883048842,85.07854731544703,71.22235801377127,2,KL-2
99.29223467127657,51.52363297076177,0.2454080553896035,3.4279102513077575,576.6318625043067,48.4384641729329,52.408707913462806,45.99123623918865,0.4804612390140185,0.2822820903492677,0.8000956468010496,5.964501379006892,0.41806261416817675,0.16624405187334615,3.9973324161392685,0.7814701977001716,0.28159770253523725,35.19768872617121,89.98357472445336,73.75125561305973,2,KL-2
102.94885810311344,39.77237208443789,0.11886346784257641,1.7291404569456112,760.2402266879872,51.13525868167945,33.277242202754216,51.049457922765725,0.5574283335463308,0.3537872432473746,0.7969530244107,4.849742841883101,0.48358297183243054,0.1677928085449575,3.6789672975934633,0.3965103146596419,0.22862303810442833,28.271513001392226,113.76923851955083,71.91445647081233,2,KL-2
122.55454954266791,31.58799612417912,0.11150553181788249,3.3166357100374464,495.176492536834,55.7593442772158,49.988872158551835,73.93466727784995,0.43391354130124943,0.20053460268019918,0.8588318774308371,6.226440185736145,0.4535441146085734,0.050700941986846805,4.833212675475554,0.046347762443810336,0.1940015279837303,23.97134724826009,75.97853410051411,55.327016228830885,2,KL-2
115.4952381540229,35.289618882236084,0.3987378279496363,3.5046041972667417,667.8592680918026,57.6154243375404,64.12234910665599,49.467641837801274,0.4238530158590115,0.1945417498911198,0.8731265191345722,5.755000557826521,0.360791862890334,0.12749121483667616,4.101845405981941,2.822748107885703,0.31299001105791946,32.69861243243714,108.0460909854095,67.87753683453637,2,KL-2
112.49295873755746,40.241295178540746,0.06971897008686347,2.9871467869976334,393.5642781221683,59.642724434554374,48.63058813532502,62.04958684720563,0.5448580405928274,0.2358144436977592,0.788022527155758,6.866481587734267,0.2726997467689265,0.02361139168454932,3.195950625005787,0.5927006842427078,0.18784070306451645,18.10109404017874,101.353441075479,71.78928761737778,2,KL-2
117.19352918533542,46.98482349383917,0.24209170476228117,3.201291218474638,539.6317091970084,59.02682808062813,21.585105705226233,57.72266040518423,0.5228480118008493,0.2992720689851094,0.8399601359621071,5.3041757305506465,0.41483862535421173,0.14385095381355104,3.463440029175809,1.7142744118975648,0.2134665928076219,26.85362888563411,111.30374616843991,57.34799768260784,2,KL-2
123.86934383940209,36.96398493350364,0.3363458518284589,3.4022481003176455,594.7439273863091,54.52341763370501,52.88214991591073,66.07636165274475,0.5384954195847513,0.28329203441286926,0.8181945681075026,5.466342745622835,0.4399284063374216,0.15354508244685622,3.7789153063558976,4.422912381427475,0.25576406801493246,33.54155520605921,130.14023257986727,60.36192098620782,2,KL-2
125.02372185912029,43.95991078459459,-0.15174608015224267,3.861679678108464,831.6069049155141,55.82738127246073,47.01543560455964,49.72670816812283,0.5512111389377137,0.19625868929825366,0.8003718569404956,5.79854551070837,0.3455387754063368,0.11879267175923443,4.529658729042273,1.2485804173240491,0.3599449296523391,26.811390740170474,109.67743624945426,58.57446163898355,2,KL-2
131.41250253422697,30.387787037718667,0.16967338432551932,1.9900960100298122,782.5729629285123,43.77397027342202,30.70905586078783,61.08100173048128,0.5295900443045585,0.29539317404214893,0.8102127471328512,6.106612724843018,0.3995605238938611,0.12251944732484263,4.596663005467281,0.7591225970563766,0.2654227262179438,25.410390245257094,103.60800337489434,71.18098388774426,2,KL-2
142.3005221915116,30.33768978242967,-0.050315042884252786,3.054546369088281,633.5278379389309,46.491785545447826,32.20791909946216,62.02467092815053,0.5736474099173655,0.17792723086640422,0.765599559257758,4.92461633631425,0.38681504670634603,0.12220916678820719,3.5123191677806616,0.4685228390899878,0.2922630665979734,26.919226014435246,76.75004378049978,64.44575103736695,2,KL-2
114.67956441337785,36.1031958678903,-0.0030727118879582157,4.456668878446183,787.52437541557,59.66368178939866,58.75107143288809,62.76216967475064,0.5327949029582927,0.19973549953906855,0.7846950303334457,5.485449973941947,0.4052143161116099,0.0964667424377626,3.1898194700463343,4.0781464232217655,0.2261885971202803,18.95035367765713,78.26533286186748,62.433232845319225,2,KL-2
107.18366556803626,47.628172331239575,-0.07882455859133275,4.383329046638365,806.5147556056476,59.19767589382945,41.6761725440492,60.94888629555136,0.3644156880259758,0.24307256096864863,0.7709682360123646,6.195660080286922,0.37276518564401434,0.1329511735596444,3.1131014152762875,1.7189182373735046,0.24372083004989273,32.57739215891517,96.82228221238266,54.7466406667761,2,KL-2
124.20304193777783,39.413247837082615,0.2384321616387545,3.930749542220624,680.7202181950335,58.29039533155537,39.92503619264008,64.13531184712932,0.3851692324270516,0.2167941252414868,0.8450688358214459,5.425938026783729,0.46452554988139966,0.11305775995040228,3.901457254329468,1.6416976200122508,0.24608982131843246,28.385569790115436,72.12308622496522,64.46084597444965,2,KL-2
97.8361777560307,40.73886717339971,0.08265788360730147,3.679459747164541,533.8746226943572,48.38466590674778,48.64361439068331,86.30124398460973,0.6792359344193667,0.3033915693190561,0.7952399442229469,6.585013188188114,0.4073984440316381,0.14790875127868855,5.132270585530496,0.8331026227339159,0.273464498881362,27.638376950026192,99.88527101549462,60.45929316012201,2,KL-2
104.81943801832583,40.66847757344116,0.20781761372666974,4.573707798721671,675.0505227920663,59.783937055549565,42.55797001680061,90.73557332125327,0.5250057493647091,0.2671827089800657,0.735114298769248,5.673058200575464,0.3560491556917625,0.11659119196442311,4.073456462553061,2.796966732033282,0.2263225941561392,27.656656917954795,66.88093731086786,66.94671652211329,2,KL-2
129.99071419589185,45.65524789552038,0.04299305484170061,4.7842784012853325,688.2529113793437,43.210044380157136,50.00048627777745,52.329406310559335,0.6010193321373678,0.3559336706576356,0.7638281388418455,5.450313399329052,0.44587310767968596,0.09416930680535224,2.7936524839895958,1.8759268879194297,0.3571999908380968,29.07039899232292,106.32680062677538,55.85626241083639,2,KL-2
113.13807437773444,35.33867584477287,-0.59164840498813,3.146736009562518,552.1054731003729,61.11887847889818,46.9727997056333,32.181084235770015,0.49734368754983393,0.23516887807873513,0.640036767739391,6.20512212889476,0.3367906202004147,0.07392405987403469,3.314397538052399,0.49940262035198213,0.22014670091982866,32.267186853360336,88.63959625679682,66.4232500760496,2,KL-2
105.91573844251769,39.519899794469524,0.5661633077092442,5.27659551187494,634.3159607920951,54.39768461506015,47.41657903121282,60.462505035564874,0.6359907039524109,0.2336894312879628,0.7367514395393778,6.527730932095749,0.46640291120528127,0.13457697698847731,4.391595270161498,2.105162265960171,0.27707020858355674,28.76162817021802,80.1842766725186,56.65493211989694,3,KL-3
93.7605461139728,43.71372299470086,-0.06748163081810381,4.156042862965092,559.1109612824706,56.097289998112466,36.46699529565566,51.20899376971661,0.3915739745889961,0.20657144944572337,0.7870734898567576,4.9030294668279595,0.34622116254100055,0.07781661380932826,2.873782832029414,2.407493564095883,0.3896861124792466,29.462838272753416,97.23091116346417,67.19509486455965,3,KL-3
92.5907394318278,44.79204993715915,-0.5381500065085332,3.4571614717163754,577.084557857,67.91834212528387,47.57469242334537,72.27909033851434,0.4793249776226311,0.31272431290012603,0.7952400681969891,7.007978848116097,0.45584844197282914,0.08909460950472792,3.4614557299767075,1.3645696768326325,0.30363458414817707,46.79036713092812,91.09273759528398,56.52699144114326,3,KL-3
94.84469417965958,37.691156532323085,0.20395983976978213,4.183498884325085,502.70495441452454,64.95484234080344,37.19047416523409,53.93330574399338,0.5145880997056588,0.23546373824267397,0.8017089427476775,6.0437314679027025,0.3544931012491259,0.07380844926963119,2.6251336101482954,1.8111218807223335,0.2719158684529834,34.04121331253584,78.92938828910587,66.90874081831228,3,KL-3
109.40401413839187,32.04349294456385,0.6510018292457375,3.2077654574979455,601.2508552517799,71.86589145350881,47.606956086569184,71.21367904372572,0.4090832590342285,0.18485676391703823,0.8134645880358006,6.558047201008573,0.43170443427916655,0.12903784638107446,3.437016119197536,3.746390989184503,0.29108326740451695,36.66034169523921,115.10016594506297,63.70853968409216,3,KL-3
114.3149315154525,47.19079252759641,0.8115235244738697,2.9844578056966498,621.2446543060984,58.02313674378307,59.393961224391575,88.13396927560558,0.5264271984997282,0.2761500765573024,0.7833152414126087,6.069881381154204,0.47169871610093106,0.1417572962335033,2.7347560703575065,0.7504898098997863,0.1814246672867298,34.840628559391924,100.45719397831405,69.34214184308883,3,KL-3
116.54735448565772,34.28032837653672,0.13208242262644804,4.988303703626274,598.1260005044043,49.23450347439402,48.609838500160706,76.75972448431195,0.45551516043573537,0.25879786775187885,0.8006718093174,6.346062525489836,0.40810333421988626,0.0870067689245546,3.1985225152024426,1.4813428659360337,0.257626898883881,35.17696932992649,88.79806361521527,72.50553096887049,3,KL-3
117.11329376592671,42.62710523026326,0.19243506557671333,2.711180276863781,656.6185468809904,52.7258644451215,49.21870382383057,81.69721190180779,0.5174447252951885,0.1757038996415712,0.7294263174938137,4.9392908706919245,0.5094959917253411,0.0940727603128717,2.423041463207342,0.017031756815901432,0.22583331610775198,33.36786768666144,117.56332157299913,69.42863999359376,3,KL-3
101.122151085312,40.208114607615904,0.38281217300638204,3.3417030114581197,640.5785954285893,46.74777446561127,54.17206517497548,56.37194267329962,0.4788600598779477,0.2040906178338495,0.7832001746819778,5.907558813599644,0.5208943162796752,0.09538529804884026,3.854888040195433,2.3258946195979,0.30346645356032864,32.82634600029546,98.47936173145904,71.1083723372972,3,KL-3
128.37604362142764,41.97466343122446,0.069260232454494,3.8698266258908083,677.6922246397529,62.386353031002216,31.96441655526737,74.15279655358394,0.32345750195469564,0.2051132124234983,0.7511829367159742,6.523880605671839,0.4368587500009828,0.05858328020165473,3.5887680298449647,0.4347839085479459,0.3781354616218873,23.746276727657317,88.60718836248527,66.62773859680381,3,KL-3
105.86661710987771,50.90740383024115,0.38156237935645954,2.8760126353940416,763.1716444305913,51.562669471382016,63.18921573723012,51.26942053836331,0.5919878970212593,0.2986476655367722,0.7135085547422956,6.2443661733568465,0.4520692685295136,0.08478533766721039,4.027446332182019,1.3117076229052642,0.3693100720746581,32.789322781714695,116.12725174212312,64.01745038747491,3,KL-3
119.25224640089598,59.22968968173097,0.14083929957269284,4.145483962905128,721.1628172655696,31.807456429443917,35.4441000738763,62.19820516910463,0.6531366652283257,0.2371945124327065,0.7495427725281549,5.2815794536366205,0.478035443315826,0.12819798644290803,3.1663169012160983,0.47196426942019143,0.4255400398037266,30.45828203803521,96.65781680169047,71.26094946231655,3,KL-3
110.03766849759275,31.19937553160835,0.5795473028760719,3.379724380286198,764.5507808612402,75.96020558663945,54.79660997368937,85.89526467462944,0.4733596654452149,0.2686069487136103,0.7884728196099028,6.130712446938306,0.45222131862427445,0.07873744486664717,4.055308420128599,0.047630110398946976,0.4077180653837296,33.72728451424748,96.13294314784443,66.60841747297452,3,KL-3
118.13431847554563,46.90343693199754,0.46419220523912946,4.156128262053485,548.2718924208525,51.68519089209347,53.46909987256323,57.70589352288219,0.4156638358506717,0.19540369673219501,0.7967898638185096,5.690628837069247,0.4468621608799272,0.10778945586614964,3.3985677872369013,1.320278189044012,0.2827122628065298,30.645704166797763,84.11382847407397,66.91352174308685,3,KL-3
109.2850790078263,40.06251336393412,0.4990911329209731,4.093787343800415,588.9662127093611,51.637272596113526,36.97833638495239,78.33627421007712,0.607981017694055,0.24508801746836645,0.7115770439538613,5.647290374413281,0.39879652986119557,0.0657594307660753,3.442900475657242,1.1061918004791624,0.326525712060297,34.815821463639956,89.34296182839576,70.68195972357489,3,KL-3
118.4045231486185,47.28712708227531,0.09287294207916479,3.430590295499336,728.4316020735162,69.62289354128293,56.088861367667626,77.18776079599658,0.6387306322293977,0.30320165417577943,0.7281161641637564,5.339652863341641,0.3406321912411144,0.10067997266613396,4.643431995211163,1.1072905910348514,0.3223955124622865,35.6996628557459,83.82168404962943,59.234275215819856,3,KL-3
112.38916695179515,46.74357845707498,0.9453709282009045,4.9935269380727885,730.5773205718504,46.583988393619876,50.97812766413309,77.89689500265006,0.4739963670728002,0.20333539408496112,0.811232813984661,6.409351310953564,0.35549522933752614,0.08810036536241976,3.084194421036838,0.4684245685122078,0.15291578538224898,16.43919987677118,106.02682895249743,78.93688875275546,3,KL-3
124.70760855976033,49.45846884318898,0.3685647769517889,3.0927313572532467,568.5655258955742,65.34284709226533,64.89978644402258,49.79597628654473,0.47000555078235884,0.23190928823026655,0.8004074046307931,6.656507221967817,0.544118367938076,0.06834985548648699,4.11147541869291,5.88266203819429,0.2276192370472204,28.83053590917021,69.43703027899045,65.5051473555499,3,KL-3
100.21972435183203,42.709789490976185,0.2739176213947326,4.70409637643899,723.3900710938091,51.55046045260783,47.93378751341293,71.30241159218815,0.48110711218628005,0.14320162462574354,0.8193551331023176,7.160071567081422,0.44112294789025003,0.12871158288465334,3.662810964328568,0.007026632569982496,0.311617065827911,21.713065470559368,105.14044519677817,68.49345292776057,3,KL-3
85.95162996164133,35.662541090269855,-0.12937719222678867,4.564946594102433,536.7761460024869,45.65963644322513,44.91456668477402,63.12081720899764,0.3535360888603756,0.17906651460539832,0.8433915213588279,5.362975804128536,0.41271582593043343,0.13039882083603055,3.0318570646527103,4.44284817549381,0.3111682851887353,32.194722773209975,78.22188965562468,67.14384441655538,3,KL-3
97.89963870848855,46.56589693225772,0.13617127194057843,5.041705766128352,707.7266868970153,69.89574209102508,40.852374720817956,78.06196229034934,0.4642099297045418,0.2049334264801306,0.8018943554795298,6.4836860806132375,0.48816636295589544,0.07591383863292074,2.585585465721916,2.67045680100147,0.3659860043364133,29.496458110729996,88.05494556203786,72.72194523121696,3,KL-3
128.5337762285705,41.707985456864385,0.22075190428105437,3.7642448314744166,646.8444558961231,63.63477557650022,28.566447286488266,45.139995203277856,0.6246953510039396,0.1613496414628967,0.7542596186414563,6.516585685210454,0.3875271013569085,0.09851449607418818,2.7551489697267058,0.3776582508043939,0.3620913303628678,37.77914235293303,85.20740334610925,70.21345336776672,3,KL-3
110.1816177016839,39.5969407091952,-0.14007091856972007,2.994131430457608,483.8677275312396,63.61000787612034,42.817724352488405,69.41345466878724,0.47400490713835514,0.30431842065131076,0.7807424729040957,5.809747661390995,0.4541554133706594,0.10632956049217347,4.053404878712707,1.2780453436431465,0.18334459983202114,32.036223309004384,82.50817016205752,67.10060842504404,3,KL-3
113.88093443319843,38.14265671577023,0.05807314169236482,5.286437268263637,597.9111413888712,59.191244374310195,43.24101605741123,67.71650243408081,0.4042972377702236,0.1747195787855092,0.8579948550463691,5.641210807295335,0.4288596016780019,0.050557146386164514,4.415639716102174,8.992646182523409,0.36648773875660234,28.572350117681435,97.02740977762592,79.09003292909497,3,KL-3
96.69545078930419,47.038013414630775,0.10867999275879607,3.357238825618909,911.8721371634592,61.04281306462144,48.62058182557435,41.11859915301278,0.5272348495443584,0.2722079155270347,0.9132224498892693,5.557128839516534,0.4480013750551801,0.06308721820817903,3.4298639419261354,2.0639545165221644,0.3392869765163011,35.69285769922792,88.6877294400543,41.873235126362516,3,KL-3
113.48330587725418,50.62021695204426,0.19736826436928728,2.974165941835572,674.3336435365994,46.39273580201565,31.768968891175344,54.37495572686027,0.434124096120471,0.2362101742518886,0.7981548182871179,5.836323378269892,0.40817950653530716,0.14358853309100342,3.461329057572674,0.272502688267819,0.3748698545315703,29.408987710862785,80.73761487821336,77.44139504373558,3,KL-3
97.15781033890956,33.82788464780219,-0.5300827960166417,3.4731706032761496,926.0539972061912,57.142886857957286,43.60987788813121,43.03817344259779,0.48218383010656585,0.22685111691062776,0.8017777069405653,6.201310797927975,0.376765284635481,0.07304619310492287,3.840872059893892,1.2236588387722696,0.4103492470113271,28.510012220531657,90.59794636213353,74.86172324152768,3,KL-3
99.36328087420867,44.731713454873585,0.12089178371829423,2.839647427074338,476.72881641499566,48.81989599639324,51.76251392022115,56.28373637692512,0.38599209755621766,0.31416981869790944,0.8112854183498708,6.780056005253406,0.3838564463430179,0.14274549324755087,3.418981217611911,1.2629872460095708,0.31356936217696224,32.96812707320928,80.39695928000188,52.81346693758043,3,KL-3
106.46274475764179,38.76567688746413,0.02406152676802731,4.045919060098677,740.0890151196611,45.13847584749556,52.75509675492517,71.59060501598177,0.40457006710506144,0.08936398218434521,0.7761896422909681,6.652669169005058,0.3858057898869851,0.06463758976850006,4.034820022782194,3.2416381950616633,0.4246470589584063,39.06485694969736,82.29669401198294,74.93426574173802,3,KL-3
119.17645886763219,32.196365610847316,0.16664634015004015,3.14046529459319,345.8796569831461,59.537626645664254,27.401848238626727,67.34438690778329,0.5465127403890875,0.21322770619061368,0.8331926951171311,5.292291527865668,0.4248514843838922,0.12476483331421208,3.5499733503979107,4.957760080498521,0.2538479636885562,35.26775954119911,70.78284293153433,75.9677395644763,3,KL-3
120.77771370963765,41.88623492457805,0.5891106264721023,3.395012664076102,649.971741810226,65.51519644527636,53.06406608653224,67.03280096712258,0.49676934235208703,0.16017717980607346,0.8254022646366425,5.705578375699743,0.34719324097630283,0.09566090677468994,3.4563247881914654,0.17164208406889286,0.24934095037022247,33.83465482640738,83.34629207818284,71.99410791904845,3,KL-3
121.18567346906755,36.001173318862634,0.9959581968484822,4.39922308933197,725.7460853181585,53.183049406175485,43.53426086878508,52.52302269282341,0.4254154090525747,0.10731477545201773,0.7927188223574407,6.749820187154735,0.36262856924889536,0.09987701192536899,2.955472291503529,0.7538640137842806,0.3593017752108432,44.75474266760832,94.68045431673441,55.02730045054866,3,KL-3
88.67873827433439,31.533480633198813,0.44635087985785077,4.123954568140953,750.5468113995532,54.553896861323665,44.14989122501446,78.44540589812638,0.4970628104243922,0.1533160959745385,0.7590990046997191,5.734453583702465,0.4317762148764601,0.16067807740601892,2.807839752316031,0.7088923643349658,0.29549859637558556,27.33794981820254,89.19549901549645,72.9612217405138,3,KL-3
112.40003249414607,36.309557166652795,-0.3187688688265345,3.637467658055727,554.0876330503504,47.144794839335674,22.354846301441622,64.77416385966391,0.4389282633018193,0.22603425210018424,0.6989651806311431,6.071542918294911,0.41861624777930423,0.06737440097043955,1.4795471918728544,11.067130217318848,0.3459306051695175,27.226410815289466,110.5307640276777,75.55757484801543,3,KL-3
109.54827249925896,34.83335649251688,0.03683721926698622,3.7616988229975856,774.6908506372083,56.307737168703184,60.9357116255788,65.40444574709011,0.42479918645038645,0.18147917224761326,0.8116206773807124,5.247355532692957,0.4345115767128349,0.12284394588783212,4.115470079965123,1.6384510800613772,0.48443856958755926,31.727847402198712,120.10380968465566,62.922348041753025,3,KL-3
89.51726375877817,37.119878881619655,0.41338532353243657,3.634804344505233,585.9542287946366,62.33060889910731,47.76798885011295,76.28479482735356,0.5806227517798644,0.2787968153895089,0.7856429157613051,6.676516707756473,0.42274782328334454,0.12160468990673466,3.287035766866605,4.237720644330854,0.356479605880318,38.575131920523575,83.17937924415132,71.02907084788845,3,KL-3
112.73975650083298,33.044695538277864,0.36831619857160924,3.2800759468661083,630.3083298665124,62.58222189382219,30.685395734772932,53.10385102768954,0.5501302042551017,0.21216924912352014,0.7381116134672948,5.143625897074306,0.5509475103444107,0.20563720167499133,3.1347615931585313,1.1103662265963266,0.3419735631091295,26.291570118526987,78.75018690754854,64.67433683584439,3,KL-3
108.74359173844857,38.629159348242716,0.5699302941812298,3.62297867132177,598.0013336772039,60.61140940504746,49.75201574916466,67.74257323846308,0.4857981720295124,0.2055156987167434,0.7185039867502685,5.27859470960669,0.4313369216995437,0.07268607539304342,2.20397562216874,2.5654776298239246,0.25546236970785213,39.7728629878153,102.30779855630733,74.58301592413474,3,KL-3
120.17288508176831,36.72050523149616,0.13605960228376165,4.017673300394355,513.6332779121202,51.302550662443714,49.44478440847024,70.08154989921704,0.49904698697997624,0.20578314296963443,0.8080716424691625,6.625408530418351,0.4060460175256362,0.08622045619489689,2.9909323405365886,0.6753857610595297,0.18900161547005226,23.804387552958058,92.77249890439055,64.99194651817805,3,KL-3
113.71870614359703,43.25368326287394,0.02959990225379772,3.5240702968169284,838.366350490503,51.04896765258278,58.22544152932989,58.453182196473826,0.4868281586132525,0.21909033563222766,0.6949381839191516,7.060030839783278,0.4300565892680755,0.1294776685749766,2.9119881250302626,4.855979729365138,0.31919627077811913,30.393909746394108,102.38049132417967,62.8590602972319,3,KL-3
104.2601920457512,44.561233918389895,0.8759696015664156,3.960814104184219,655.7621380589692,62.613235785927465,42.90311230709122,72.82848056911732,0.5264607407338832,0.1998912879034348,0.7899820593721901,5.954694457637542,0.4759977521255165,0.09899208422394411,2.898136147661535,1.214475704823543,0.41034961972865563,31.86732832834325,93.5359687744541,67.18562765864225,3,KL-3
126.38643675685466,42.56089146067065,0.198468241347855,2.955664977261562,780.4782054390354,62.74599145773385,46.11996068938586,70.7254780475548,0.42353986732354443,0.1739247781461502,0.8171775204584446,6.076568594068587,0.42251858053112673,0.09110847129804751,3.5747016858915766,3.2564821513459328,0.29916495943514604,26.586840418410493,86.4177058398907,56.76678303613314,3,KL-3
79.18149748837314,39.587333252758945,-0.23166975040844595,3.141885079083436,775.3653490117521,54.874040116544855,39.57192199762092,63.7858794526709,0.5565003786694914,0.28435109303856215,0.8024946443208311,6.554139779891494,0.4592364179318123,0.13372534464969496,3.448349131917602,0.5909362997863146,0.3571169999364295,27.893828175338996,86.48577942137466,66.39134413414111,3,KL-3
111.53602307355585,39.42543442584611,0.7650534628131684,3.03754359738082,533.8471742872421,52.840624739474514,51.97948613992738,63.41418931838166,0.515785267031265,0.18755429697666323,0.7554630112820779,6.244723907348691,0.4448022982201108,0.09700294691088837,2.558222439828177,2.3657560239588404,0.43911978181748657,34.98315239667833,93.9433213403926,70.39674189886591,3,KL-3
86.05123602012097,35.97755007553181,-0.423438196557778,3.1728949025660746,795.9352697205921,65.58797674756559,38.16509658324951,71.28257189445566,0.46645549296883587,0.20198840301922882,0.7125312757762542,5.9133909103116675,0.4104792211578678,0.07824422788855746,2.5962953400556006,1.0389202695266433,0.4371213050584288,38.20777871255617,86.21663325142168,74.45967415493081,3,KL-3
98.8171009319082,36.12203204354038,-1.2230180889954423,4.654744837364873,710.4097092259187,53.37041068149403,37.0700948291977,74.46165248015828,0.4484777574793166,0.2507643048054186,0.8043509619897594,5.857273189307153,0.4305437899440976,0.12678630464285942,2.5951928686017802,0.06388850165361472,0.3593052710081426,20.42694818751989,103.38401491837443,69.4916539091056,3,KL-3
120.37220554514025,45.221623208472415,0.48275470321502945,4.2058310344882885,525.0917762632533,62.21745779619025,45.32202462220079,65.75479900887969,0.5547904753413446,0.24412447476943516,0.8350261545976709,5.316601021257508,0.5049461057096037,0.11625864024083582,4.461315652540306,1.0654890403424653,0.33860851829258737,31.901181927296573,73.12195312598566,56.03918690330882,3,KL-3
93.38703779338796,30.441784408097213,0.5392803884098525,2.7634615050525233,703.8620997609805,55.15525460113521,33.74136228696171,78.44227352488217,0.47546109470799147,0.171393716259237,0.7463633322628479,6.21647088606011,0.4371539147518982,0.0956146021318207,4.270633577214978,1.5971115803281803,0.2035093560797539,30.433455481920983,103.31972363273316,78.31816910583811,3,KL-3
91.14423271944098,40.515650370122344,0.3406051767778764,3.974998637126764,527.2438538158319,47.869737751704,62.02131218539234,72.902311549167,0.431588552333613,0.2702989166466448,0.8003454100146429,6.054041588965261,0.37569894879144644,0.09419095443719935,2.8636206005402416,0.3291871340548289,0.27458442846584474,31.536981778119753,66.26919102500756,78.98926805099391,3,KL-3
148.22917475123435,39.058825630632796,-0.34598243359681996,3.312534149881144,842.7750041574368,69.14849712018962,65.27266727741875,43.53843260327822,0.4567344186420541,0.2572602203903043,0.8540757559365904,5.881076910443659,0.4090244786433562,0.07755280185178312,2.1890434080025614,0.4064688819060249,0.3025395353585541,29.41616762191899,90.49122743633467,68.40053804216626,3,KL-3
92.11066422869753,44.59479260824936,0.15145205790307167,3.0790923316227476,747.6544093906516,57.21051116585181,41.464099145781844,48.141239629494294,0.5490363719111327,0.23567849005123523,0.7919423548220804,5.599092602218805,0.3192876375133597,0.12675290565346026,3.451826545807512,1.250464226463676,0.2568134710852678,24.54756515221836,84.77748723251742,61.48446703081076,3,KL-3
137.2578135463196,32.44992809946589,0.0637325705784515,2.4364084274219944,641.4621725370757,50.56404816089533,32.13404993442835,79.18682262825993,0.3586557439003168,0.19912098896511046,0.7551559927561106,5.649734573353284,0.431869935337644,0.09419676548236876,3.403164069742603,0.8393198969946145,0.3448762610362211,38.711484890223105,70.55373155618582,63.24705650830764,3,KL-3
109.91696753131109,41.074884232915636,-0.039915604356955806,4.402534955056195,801.776434186062,45.123554657798365,49.365920389020616,62.038722422349224,0.4590672875535622,0.20059615856871546,0.8270426770031578,6.4091884602533495,0.4906031171891407,0.0819046228927899,3.565150192193039,1.162283519345945,0.47793185467888805,36.7966479916535,64.02976699985516,65.87182081825532,3,KL-3
104.62756317841537,43.05790604815464,0.7398277723237118,2.533909480266289,460.16148263557545,45.92999361410533,41.178974820310756,66.97010987356968,0.573146613574061,0.2128921738199034,0.7381219512921093,6.540831824204523,0.3579297115933073,0.06643334498424436,3.8198243354863997,1.235437550037413,0.44642092741292927,30.480054055515588,75.57982395873798,69.72934764958129,3,KL-3
121.00179585882307,29.57161268825603,-0.2436664234526756,3.5834294575921004,560.079043985595,53.26670876724319,57.74681132528032,78.67148621190974,0.47404265823173936,0.15109008353233402,0.7100903992473487,5.9364419218546916,0.43248663672540244,0.11676463073726508,3.646022372037565,0.30182263310860113,0.3445103889464965,28.558433937633286,89.29821191872408,65.06411774792208,3,KL-3
132.54891113316748,34.55403216282958,0.30144178124255994,2.867951003420105,619.7096333911554,71.65103106826874,38.12853404470096,64.9230653915379,0.5093253385822273,0.2226438930841826,0.8156160595572989,5.88376021337681,0.47427159029346433,0.08974251063261007,2.705136281099848,0.39981759999451094,0.3873547257619862,27.9527968549706,81.52379045464338,60.63289972879059,3,KL-3
95.30898086837507,40.449260919123255,0.6526187934650299,4.24567515765594,918.2821617710622,51.57270497060606,51.44513222428443,65.44721131507218,0.5744415171629755,0.2785261224268199,0.7546918868258218,5.673175976692898,0.4795569316598242,0.04461974058032785,3.5514246522984108,3.7699269311188957,0.26671165477151043,18.0717338759276,76.25861318594586,75.6840790737315,3,KL-3
104.84625315407204,44.08488144580583,0.32757661012761513,3.3575185389488396,521.5420518951913,67.82963865876964,47.139935893916935,54.57524920649926,0.5588863722717736,0.2775822713900414,0.7591739492998156,6.568410021787129,0.4889900586137915,0.0689019363106786,3.8872941452013925,0.3551903418916888,0.44212714805350406,32.76910037301206,104.97737299506862,69.55828710459281,3,KL-3
125.20304602026378,42.0949958666762,0.6714473489981495,3.517429875583724,445.1232869911192,55.20389065117533,39.2373848938659,69.43993408673025,0.45229529815680625,0.2021488937234128,0.7436529682224463,6.1154978848279535,0.3315873084327248,0.09799209193023052,2.9405989661979763,2.1927156617872825,0.20004267232438552,34.90161795151422,73.96378386485726,59.081023820512414,3,KL-3
116.819914686405,44.36272551769884,0.4004858889715717,3.5444125896559737,476.67373826020753,46.80079687118654,48.400498284919415,72.03814662760188,0.4770685158236931,0.28884499636353217,0.7513591302222957,6.283950489663632,0.4502465477305905,0.09883387005248497,3.554973881253515,1.0843850798909849,0.398026252886893,31.68951058054884,96.89940797859336,69.83048365028633,3,KL-3
129.02876745962075,34.52376492415607,0.3467398681968116,3.8670562679486267,758.7459043046722,52.464310492396834,54.78532558474849,58.06541795596573,0.559881112138321,0.33935427327176665,0.8451516713763432,6.2792350650467315,0.34972174074526974,0.09769373248888048,3.0433315695193155,6.898886604005636,0.3646471768159819,30.568317827001238,78.08203589941354,68.79496663023265,3,KL-3
120.22667931647669,31.467497901631837,0.32173394753285883,3.6354038111866473,578.6969275353372,46.00209661010045,46.86848519055397,53.9357434603296,0.5626575589827119,0.20602754788423033,0.8581249382891832,5.946149189733031,0.3750833931713764,0.09351731665297316,4.5727018325647375,0.1367811669866484,0.264531249059646,31.666917542432923,75.27632880209727,61.75557670444487,3,KL-3
139.62336013723723,41.50703483454074,0.4203773066600601,3.5903814488311068,630.9096002757664,49.40225238428917,46.972846651262586,96.51547106234274,0.4804559899748047,0.2664908823859301,0.8647489318072303,5.517319950078289,0.4660561129804253,0.06072438831790766,2.578903716679788,3.54849381875114,0.3082970594609649,26.733870096212115,81.5039364769253,77.06039807688789,3,KL-3
115.17882898250475,33.623880570715315,0.020784361035095802,3.210278419796178,741.5399170009381,49.16401550499266,37.27216572146325,63.8850983618206,0.48321634781660583,0.08923140223855244,0.8295060310588755,5.60193342215704,0.4329023560925808,0.07876354427552847,4.06856936191716,1.3523804559422032,0.2342597837475152,28.502223863148345,96.18899256644933,68.57911365141852,3,KL-3
115.82716722496443,35.80806604371318,-0.3457495407491147,2.3652165013263255,631.0298446450506,41.01956906014987,57.44204797904136,56.795691924688505,0.5089146955627081,0.14951119630908052,0.7983135629886619,6.663942766323725,0.4613168037119687,0.14051330959452304,2.3725123431448383,0.010733492237057255,0.23766879617582137,30.16833485883921,72.29241092082304,65.76702686334266,3,KL-3
117.32582058023698,46.593670128958244,0.5566173645853236,2.7301592323665154,674.4975925409667,68.35236855051781,56.445465781431835,73.47903734350714,0.5968520552013834,0.23046726176001117,0.7033857204033442,5.737157842574714,0.37854416975991506,0.13608684380559197,4.450831611129964,0.6121272154709883,0.19771567995008554,34.483382873824475,92.19946312608042,66.83214601539663,3,KL-3
110.36266722410163,42.134597340601104,0.6396969202023065,4.199783790944516,714.2258177131635,57.93813624177825,41.894408113135036,64.3904715772653,0.5729052896526365,0.1645960162488967,0.7656237648549824,5.894818840125825,0.4986801555081438,0.12233855347032153,2.6900705595453545,1.047473403532935,0.3864011121760569,37.894291866475555,77.22088002794337,71.05133436683862,3,KL-3
125.22130738201386,37.59113056846751,0.27579152436241744,3.3803444293389617,598.3188329647742,50.75977275505519,44.75711540517004,51.970804120854766,0.5429709363039215,0.34735212268334686,0.8828377244311842,5.5328047323143945,0.45941669669205254,0.11968507812122005,3.4888029263936016,0.7543231774370913,0.42142759755413445,29.854260785135217,79.38079755704739,66.92253268375917,3,KL-3
116.05561835794539,36.81181097215422,-0.0443502478537481,3.0937921778220163,630.0419528084379,58.02406197146711,60.14220672690327,70.79664285981734,0.4012064579148887,0.26087278123779317,0.7532189210623672,5.491966740536796,0.46946490596467294,0.13214267724196474,2.3974840879819173,0.9002434659128378,0.15205537089492585,25.77607231217292,93.55769906849278,66.855650615689,3,KL-3
124.32270013717715,44.72552934133499,-0.4480868466118552,2.5004174844655638,679.0346482785213,49.56615685086351,34.66429178952545,54.762548371090176,0.46551332747613944,0.2829498988114878,0.8507072237386136,5.715417501485638,0.3709916611942432,0.07137615787523699,2.5650113297869734,4.969939122826108,0.47206444129212044,31.178233953817152,114.83179395933374,76.02772054660304,3,KL-3
126.6674978043624,42.2718256138999,0.20932283996935522,2.249282287927718,754.1815127663864,34.881504277041955,52.042883913587815,83.9174960258676,0.4697170661048078,0.22325841563036475,0.7777517909515271,6.944203592122229,0.4835700620106309,0.10598785100270847,3.913648228574773,0.8954951884805634,0.3240393410690528,41.057455562944604,77.81779612014881,56.152765380101876,3,KL-3
118.92682022340492,33.712660146063854,-0.36458013788718857,3.0624344958974414,554.9156882983222,79.9035330658124,40.41386226868872,70.93405555702883,0.6009788026082779,0.16480751880818084,0.6410928807073426,6.4290186955962145,0.40919192116797987,0.07139198548059118,3.991897386881683,1.0854217962420656,0.348188256390147,26.21096782433133,97.38856700388402,57.48757488324031,3,KL-3
120.02574486351295,29.313057601394316,-0.4205950010551703,4.335442283236206,287.53088938042646,57.766799013416474,63.78077876751641,61.677434905686994,0.46839084870562897,0.19387138306950716,0.807024278183448,5.836605564288188,0.39443868649273045,0.0719125659070418,3.518615359420588,2.863684623951835,0.20720697315319386,35.42920373566406,84.99745147320448,73.7157068799355,3,KL-3
97.345053186052,52.2908109958409,0.16670738879372293,3.1793438451021454,731.5499779262776,51.53789568548188,46.63446728665337,66.31216421626536,0.5877754258462091,0.24026282877758157,0.8383127348089154,6.641438397275997,0.4562731770022831,0.11604194813240823,3.8196489992941447,3.1581430062692597,0.43066606001318913,37.679802780603026,83.05307854243844,86.82679829666907,3,KL-3
104.24469618270268,33.665124648094654,-0.1305078004752058,3.945388420193158,761.3259102500101,40.77868150658053,58.603785181400426,75.83945745317833,0.44184410635751326,0.18672507969545932,0.7725502015679727,6.023850563351776,0.45416058873939696,0.13340251317407625,4.001927245592383,0.17567358445494663,0.3410200074533467,29.19992570087257,101.60651211700184,74.51196360121641,3,KL-3
125.15075179486097,44.16617901980074,0.3131238224659082,3.142552136481634,674.0040994556207,44.29680163885952,38.386726515388716,67.23153504272958,0.44822928338713924,0.265271519503632,0.8366525502242707,6.777170023495919,0.3826590576121331,0.09918452596732386,2.9644938817204114,2.4352649118399032,0.4161060991817039,27.4963771114048,78.62772626968132,82.41367036858179,3,KL-3
133.8544677272777,50.06415759402905,0.11128175897525026,4.136093356823079,682.1951862747843,69.48593543643925,33.51471317675732,90.46531348680259,0.5260163284650513,0.2676848981522783,0.6916086242791456,7.205865175198106,0.527815050509626,0.15447001296628504,2.5356231394099114,1.3177696088620074,0.42266866565181943,33.87478341416627,74.90064127846294,64.02502709027418,3,KL-3
83.3935466173746,41.885585412998935,-0.06765382648904404,3.343599358553065,582.2828127031796,68.26550839038774,43.65740542798888,78.6304101967463,0.6129517364457405,0.2252988782363753,0.7057217868050314,6.614080869633096,0.5157175288194887,0.11135352981136609,3.366777968278323,0.287403340288444,0.4317899538177016,32.76608386402083,94.27210954262902,62.40335057329746,3,KL-3
103.98205279122878,37.397379941196775,-0.5069660322915863,2.639492603559603,710.0220105841909,62.27572028799158,48.626834579468365,70.85128841073346,0.4705578296585698,0.11546189477898001,0.7852432154042843,6.147275477611288,0.45525175704058846,0.08169643402750465,3.028679288461675,0.614982133471985,0.2731375379318237,34.473870856604435,107.88740555784096,71.1522653859684,3,KL-3
112.85430903621975,32.443705749825725,-0.16615525033214304,3.4098375456804453,752.3800183621026,47.32938369272149,40.89268317983586,53.75616951789819,0.28247857105110413,0.3278870960199575,0.7988557363908765,6.449654936758179,0.4465201711365844,0.07239814344378984,3.608172888120597,0.09216221829339301,0.3083630393685436,41.36854715744902,97.74993646349382,75.12919167861624,3,KL-3
99.31088306878983,32.35993678207982,-0.15145459602043626,5.092200334624326,656.7795609702181,68.32979190381609,53.583074262749676,63.23734275317611,0.36236532781288905,0.2122396285986289,0.8428289434296139,6.107535609641106,0.4414893113130148,0.13554394452554147,3.7038171672527556,0.8933155576777014,0.2760638340216388,31.835232766882818,71.8657914311616,57.00759278974116,3,KL-3
100.16220533727476,43.26016909205832,-0.31512306940598483,5.056907452440684,948.949799600872,59.84826094355482,43.900464321895704,70.74649964062944,0.5113369244931565,0.3875565989082621,0.8069462233374279,5.182000818012479,0.3475001686990664,0.10885377347219445,2.9660095256584316,0.5898335339370996,0.3966077170193026,25.03887575521949,81.36600347237298,65.79425301736133,3,KL-3
119.62379810690707,49.70585793769991,0.04338228190304601,4.014226642223492,462.35106947943444,61.48939558681228,25.185628382333945,55.125663010902336,0.36951631785745853,0.26415214178113167,0.7153185455317478,5.772687292893978,0.43064036939607314,0.12528142134508446,3.797465125779866,0.962868290397351,0.3516311383490992,31.33320001084212,100.50517889892171,67.28386265884757,3,KL-3
136.22063953757151,38.62724541977283,-0.2839007964698607,3.515352947669038,669.5554005027616,59.81936755554597,51.52811979193001,80.52112249955539,0.418254973888287,0.21240269539607656,0.7856522811037192,5.624204202173391,0.4299770790947874,0.025261102186402748,3.767483025570785,1.7366234481145695,0.41053158912105897,32.207783971026906,107.7233226149032,62.069038274517006,3,KL-3
82.02264665516789,37.665677227103814,0.10950290108351392,3.8681214416760668,509.07764452192225,44.194102522991166,37.174629408528425,53.310111898663514,0.48848735605106053,0.2518693125898802,0.8050363722644074,5.761604479084563,0.3961994156880809,0.11234016103040814,3.8089905473334116,2.6360721739737993,0.41401910424457855,37.33584318544124,91.49453590329306,63.00222538763405,3,KL-3
109.94285776527455,45.18488654486712,0.2711644854674624,3.8784818709866316,755.5815108748268,46.664712394024896,42.384026183234816,57.353291623449174,0.2915506203402831,0.10384286897528326,0.6812883000651435,6.996835716319722,0.4095325413999208,0.08964677434511288,3.130324573793644,1.8595220331305793,0.18681924072488731,30.016178022861485,81.79992959070648,74.24455440847355,3,KL-3
119.44920512685582,36.88431647657152,-0.15546798175567117,3.593090598106319,460.22294863493823,52.168254668733105,61.531312035393555,58.25240978126142,0.45712193685396363,0.28656854419415795,0.7728183265130991,6.661074871427329,0.30593538026422634,0.06318721392249406,3.842953298897145,2.268752333235768,0.43306161044430974,28.954660831523075,108.50222607242343,71.25747584872659,3,KL-3
124.20320958300363,42.64689744577053,0.3451634517674339,3.977755215938094,489.92941487387617,61.399117660264906,63.7281172412109,73.9258935275976,0.3943153153711785,0.37901647425176854,0.7582208728030887,6.3204424007208235,0.37013635349375046,0.10311952971154724,3.6870013684051157,4.014451938593254,0.40106887662125734,24.144030019167047,87.85487697813798,73.88761137487563,3,KL-3
117.28691014603558,41.250808700513076,-0.36954314849908154,3.7915814897228506,574.0175671340954,45.20654334205483,40.24506564907188,55.340763593950726,0.36756562256793995,0.09964599156939725,0.7422653463127127,6.5061714752256785,0.47109131457536446,0.13775440600963365,3.7591107868539364,4.140162071839156,0.29546200934516015,33.73706396032065,81.48029711014767,70.19499752298219,3,KL-3
138.92103824904171,38.54319164853167,-0.2698709593585163,3.372222091708549,681.899860382648,54.84722868044648,51.7778663063184,43.40028115497134,0.4233252448625552,0.20775545941045753,0.7999388525876335,5.153943257047072,0.5115598450819681,0.17298684859259156,4.381673137853116,3.942528609788496,0.35298342132237026,47.741035927694874,79.4508095418996,60.513946585179696,3,KL-3
112.93359889988692,40.906771047580875,0.12971308095009235,2.6687945604930854,578.543433360606,54.837123918695596,40.47725509577355,78.05646602914055,0.4019632859944455,0.2186797126325084,0.7175159236721037,6.464091856544765,0.3778309657352114,0.11226457221967531,3.571664513955247,0.33250806435084007,0.31510643427338364,29.887045079980307,74.40977983613374,70.88482441471336,3,KL-3
132.17989185588146,51.57891268789987,0.4498164367554554,3.256952606223867,579.7470484881088,62.59191751462062,43.13127021101397,59.667364578733256,0.5250584174393842,0.27751371774978384,0.7958439756001824,6.569812158101083,0.43414243274879694,0.08372560230115432,3.01082266560152,0.5782172018361056,0.374284454290494,33.259774772609745,122.7529651534792,59.883256780979934,3,KL-3
102.80448494481047,44.62719766460574,0.5219598165957067,4.264615079258878,628.2931454088698,61.6473722848613,39.942245851014476,52.177908414176756,0.5832221429346307,0.3513585404499322,0.8029745564604447,4.980126406156359,0.47991911646986585,0.081914923304446,2.7087272814003214,1.395617276293093,0.29528828954360986,28.260835733425186,105.80149438552708,65.00597328772527,3,KL-3
113.36974419883275,47.555004825535875,0.8199562488630239,3.5998302204037085,620.9311809126192,48.168192567582935,28.756563196035152,55.94169736156952,0.458345851871115,0.24797292735573387,0.8291881655130486,6.482618376889699,0.3989892487052623,0.13389397086195598,4.051761695996293,0.8886383742899002,0.36331417929352855,24.593575400020796,80.87448020739667,59.2100107614542,3,KL-3
94.30927386301724,35.48783383447964,0.024364450072995883,3.865229513270004,828.4939265982229,67.82348935589842,46.95055223733709,85.6011529902122,0.4398099376762531,0.35350750945293163,0.7188290368603697,5.387963178666457,0.45881240886173075,0.07509377642541323,3.589384605621269,0.28236452815322927,0.3303844243727481,33.17117969600265,109.531911120663,62.61289766343306,3,KL-3
126.01296660823492,47.575616885645445,0.12399947252867818,3.3985875778364703,732.3093343602761,46.944081369997676,48.881653869461665,57.11547563272507,0.4543635999073681,0.23522594861307972,0.6997382890822725,5.1149973217769835,0.423310515220992,0.12367282138583288,4.377013192992135,0.6786532699816752,0.29042448772037555,31.14094141718596,95.1496260808378,68.22383077883613,3,KL-3
110.69335706038235,44.83412285281391,-0.23807021160719483,2.7773219959915,611.0507912258427,64.987915535206,39.289982546888616,63.51958273547718,0.398845031364923,0.25208542912777376,0.7889451803669505,6.763159108429789,0.48452009942126745,0.11381043569878853,2.157268685279718,7.412357386920419,0.34021089959216466,19.072229284670883,94.43929601582978,63.84007516403743,3,KL-3
117.86731593779847,32.002423420643794,-0.3265065327964093,3.4340962281025416,901.6414293456337,51.84884081321282,56.87791711437109,59.63697965256781,0.38440064835042576,0.24469413396961526,0.7606864383066149,5.596475476193828,0.3608774630165688,0.11049304175648637,3.921400252671865,0.8521319796687058,0.5415175658791006,39.05014357870059,80.13499563860765,60.43470071980417,3,KL-3
107.7994705307239,44.2387444002266,0.2664288345310099,2.8070352794005187,708.9993409827212,57.56140762746698,41.6391978290478,50.208049478794926,0.355855643768533,0.29821798698030516,0.9201325131246859,5.742026630307811,0.36977116856161735,0.05795644230357623,3.2183175987476234,1.085713259923508,0.2701570696139454,33.07982188168558,82.58047386224865,76.60237977265663,3,KL-3
121.29642752488525,37.92035517923193,-0.13534859977849714,2.755968661117159,533.7245533623742,58.05789968083444,39.62788175140985,56.08737725303644,0.3811383233345461,0.19966073651338778,0.7979249238121465,6.594802271378672,0.4389769584471405,0.09429125393321025,3.1628874030712977,0.012843997639489438,0.3050045126990744,31.369477750518023,88.24091158500111,66.54326626097712,3,KL-3
118.46150960783628,31.7251779420463,0.6679516800069161,4.589509287095527,680.7816487990214,57.83165952567036,51.26503118108106,49.38669911592206,0.6180592805690103,0.2740972055256905,0.777908085585209,5.947380863873799,0.4298103049950219,0.061255266259271614,2.916115295910845,2.541756282390482,0.2715510080293575,28.890115679538457,65.16341206671852,63.276575628536605,3,KL-3
97.58022855043191,41.77865439396572,-0.40995429274695633,3.288931196052627,714.2615053838377,61.64599358747656,30.57318010027471,76.47057530816856,0.43226631717092334,0.15115220362461435,0.7663586022161791,6.009917313135459,0.42218380517533344,0.08735257796049703,3.914742608331086,1.0673359555619715,0.27994268915779325,33.02647055246546,82.90815827921116,58.84080711438419,3,KL-3
98.44848851125484,44.23425554637566,0.36954128232987854,3.031812219631973,567.4850337126381,59.38167598346826,55.06679031702806,66.21054877536315,0.25216972225889894,0.20792975372091543,0.7140969077280275,5.998956546781035,0.4537917080102241,0.13251415984561538,3.743121706369935,0.2177111500817426,0.3902619482708286,33.25697976208018,88.80387557480113,52.52404091885481,3,KL-3
112.08346904487972,41.90964841186738,-0.22729569552681173,4.919367747504724,523.6989307032753,62.5191930389643,41.97830842605637,94.79213314609186,0.44053544492151947,0.18679538262367149,0.8031940776477298,6.273799385487393,0.3784675217721132,0.14193173710066695,2.6895707849763357,6.919141146624073,0.3822705967708854,33.00660686863356,104.46422687760685,65.72362389015103,3,KL-3
122.39360936109986,40.34516849092547,-0.15317938670883346,4.276988028323394,660.375090805093,59.966959682761086,55.892860763940895,56.49307130011293,0.36026683705913426,0.2302776935170765,0.77104274868646,5.9868327918046615,0.35652821941892854,0.11141845948472656,3.4739528627550427,3.005056108520754,0.32453091973429515,36.33996522251745,81.35142944717715,56.47425037184023,3,KL-3
140.44343329670772,39.01648796925001,0.3906448261008123,3.3277926195985295,606.7733874432757,46.134357928593246,58.881305258291555,54.69367704625257,0.492258795199773,0.20603521503577307,0.7710843158285282,6.15706303717955,0.39999459459856374,0.08788978462698044,3.798668598408282,2.590350188656111,0.4071037268215289,37.47635616916673,98.49565733337369,73.19629167488762,3,KL-3
117.04486284998593,55.79952805604934,-0.09535217444316342,3.967109060441895,827.495346614653,58.4083925964639,52.40153442357141,83.40511722026395,0.4836317075810396,0.2929280215474185,0.7797221662749326,5.848220937293647,0.40558607206509506,0.15264297997081255,3.481806315555544,6.334101248914786,0.38847546363954477,41.02796531809198,64.02407415914598,67.73592955678824,3,KL-3
127.61297103732811,33.904583668828124,-0.031313627007960074,3.4363693453914377,738.9386988901898,51.739040779957335,37.88026707271689,77.69572438481762,0.49197085101536436,0.17227991428970144,0.7860606264958622,6.275909794939681,0.41081264094710446,0.0874922809873146,4.039704180016163,1.0467415878168786,0.31201326511790284,26.815789087756393,102.75436210567283,79.96688623310509,3,KL-3
88.30723597853748,46.23753189414322,-0.1498633454206275,3.07085625657632,573.1069671096103,47.37590017674173,33.49168293515596,69.61718026125226,0.4842419137003852,0.12112104385133922,0.6880372177041238,6.256921515952284,0.4884522855676938,0.07092940524572987,3.2009768736664905,2.5354839739290775,0.20229082065646345,28.132892431163913,77.94583639465883,69.28459418589705,3,KL-3
142.69433774150974,41.0925378253339,0.8890119166453767,4.0047529795880035,701.1125733138306,53.9312808585816,31.65927336664764,51.63570181894074,0.45768317563042005,0.14356297081730654,0.8168511503185465,7.048942918842091,0.4635208623399604,0.1258944890375035,2.0223853961373153,0.46186737503589875,0.39138264063592015,32.80591083520819,90.31327562889712,61.6867376219228,3,KL-3
121.58529316693789,35.87320096239781,-0.07199452443200387,3.3655584917438377,802.0553771269688,57.715884792280725,57.02910701701311,85.93995521273521,0.37102831027680105,0.2846500827780791,0.7326777812592038,5.909374525163148,0.4516619934577714,0.11873202127709119,3.487030536460942,2.3888407980225366,0.33857316968015794,27.104545706311075,93.62611743015063,52.459939181052405,3,KL-3
111.7559323326183,40.70960569622853,0.19562088697310526,3.6853984071995227,482.743466492042,58.247400223902275,44.65199887799817,64.13476208275583,0.4815276742422861,0.16682655940102667,0.7680983901265686,6.00791724109751,0.4360999797314655,0.08872272267222478,3.483375461643048,0.028358285594642877,0.32677787709604733,27.909924638138897,91.27215468827032,73.95235090993405,3,KL-3
110.02955928813113,32.6424041744683,0.09423455988757028,4.442090587919737,527.2666110814697,64.69819796112215,40.00778205469151,59.83189845805957,0.5690139671308555,0.24887066493124252,0.8392952460332643,6.219412162968521,0.40329057721422223,0.10800675688708701,3.5617118980226126,0.2700487398427991,0.2877161583992227,33.37614790753315,87.46864289615242,57.10841391571688,3,KL-3
95.89200303211503,37.427057559158875,0.26356682468970444,4.353970483036301,648.6597659264563,66.70847295177262,44.679178484611086,78.71551684301936,0.6325938467036163,0.2073127498051152,0.8639724296135056,6.58221782215736,0.3823027421608277,0.11826479966555319,4.039187458780621,1.107671265639139,0.38457191592930523,35.504211774899254,73.85180457552053,64.2348438184819,3,KL-3
100.18069806419743,40.71839404498637,-0.0708947787863741,3.184925366515139,654.2722361486041,58.940246646058846,56.80621208954168,64.73245854495524,0.46846069381551947,0.2744546432851953,0.6899752780686803,5.554207423411399,0.36514212896539894,0.11111036523155449,2.203522048024016,0.024332812579112996,0.35287970019428005,37.37963976389432,78.07550898052608,80.8927059724393,3,KL-3
141.1565344820012,31.69329764840522,0.09467310618333992,4.013825281829669,643.7362993444567,60.386851016075276,53.7873978535955,51.01195897241741,0.47713120437730516,0.21115405769300336,0.7765122413837323,6.151788260887534,0.3902746574764662,0.11876816864893741,3.231910017400404,1.2396665102573496,0.30605375657581624,30.036927931211995,100.70718331865925,72.38786679238981,3,KL-3
97.6649334257098,44.03829523092835,0.3325808035975741,2.7227150030833953,612.7067385454786,57.01247226540524,50.38506155708855,65.48363119398299,0.5275341743271115,0.39086091096702813,0.7886456592583018,4.846086981972466,0.42285390058195055,0.08982855415320076,2.8214053151990695,1.479604597199626,0.22696363622248703,33.31576481768985,81.58147049447903,70.61892363627952,3,KL-3
97.37598363200482,35.21743375453081,-0.17020285520119674,3.985331329052564,610.8727613057576,62.387803709196675,52.37886057426405,55.62381438115084,0.6069593247577684,0.3388870209491103,0.6996234986904276,5.964234041638802,0.36725078999086663,0.12078735132718796,2.650181767128909,1.9436417548804914,0.41043432815040604,32.21378867946885,87.5104528796381,75.05457954496087,3,KL-3
101.96669270886632,32.28967425191868,0.6107285426512616,3.7437962446408846,696.1109764185954,60.14590511069652,47.801723554969485,28.887906287801915,0.44859627115963624,0.20608738917565844,0.8151295682209082,6.6363635150496805,0.43347598788683045,0.10552673512749845,3.3316206002622644,0.21158049816805632,0.3733924178524701,31.08828722589993,70.84496491491302,74.75639855124422,3,KL-3
94.52728870558092,34.517493585029776,0.649192207616653,3.9281834898907446,786.0731064367008,55.814095249137566,49.021130572964246,54.41947769419841,0.542912105356027,0.1978719246543008,0.7808131338707086,5.73692878182634,0.4152780936382177,0.0908456843539094,3.796093218168405,0.39937148235546616,0.3454322319956476,26.919954173959916,99.0528803382991,80.14757145563337,3,KL-3
112.72959862268264,54.05572497101292,0.41759705046349577,3.387044196284614,592.2856724373888,73.4658605360344,48.21025231151047,58.66717314958579,0.4216744587580489,0.41293956904850765,0.7847079797847497,6.188418807642655,0.40513507942283983,0.09762345713300176,3.5555679629154957,1.9001261564695522,0.11245808039088014,26.283944553987393,72.91620351831892,62.68256519624905,3,KL-3
128.8336576899786,29.13161514878696,0.20295055343859333,5.292257018921992,942.6079214204784,51.88053309246545,45.99938754372446,51.132258688483425,0.5138879192212402,0.1602689423202846,0.7291223540829032,5.835547212808199,0.48307664506058184,0.10206294492226746,2.9624865465025434,2.1469871189038057,0.32196845943071517,34.33337389977978,99.74155370322529,64.48652677255387,3,KL-3
103.34261510591949,43.61673853261874,-1.0212405792818144,2.903960233903749,885.282972288838,67.8856556536667,53.533738838312814,71.90295838536845,0.5651483341294696,0.22169858712489904,0.7956443321690674,5.670298901133158,0.30196906888886343,0.061638649888161624,3.287717040273769,0.05248309096666607,0.3057037037219469,26.83590310057899,75.99745887227877,60.1209229675065,3,KL-3
91.90013580358767,36.49018237388428,0.3447164530617851,4.402241368774769,809.5106755496098,45.415656589384504,49.612821062003945,55.67062691205462,0.38423115147617626,0.22634693518232563,0.8169111978194968,6.585742999134051,0.4058135227357535,0.08590022260290214,3.93293786677777,1.554655443708073,0.2755203451956527,22.115405875864866,100.9240963639333,67.23841890892821,3,KL-3
116.8779196952198,38.89923097089463,0.018467837908454212,2.7996413441853347,724.6980001473875,62.758932291611636,37.19284968893042,70.74111441001348,0.44548842223854257,0.22485972613112554,0.7813648941862966,5.577370655077173,0.3073781277185261,0.10694716546778357,3.784877547036013,3.074064574033426,0.3853388222851427,30.84119338354906,88.8723149836759,66.44213816663844,3,KL-3
111.6633849348028,44.62358557208199,0.07649023543298411,4.028475339703457,890.9585727764187,67.7425468138147,51.288743855226535,50.20016316358022,0.5638826477356002,0.1206772967681684,0.7493032049518472,6.246482646931546,0.4369281336464721,0.06447026893833442,3.0433379920640222,0.1432087236057493,0.3821888027333821,38.27620151074875,82.04491124263491,53.46038210131541,3,KL-3
127.54086825122437,44.328912289033525,-0.5839509322091266,4.085631981801426,615.186156200071,40.99224743193664,48.47247066379305,75.91062705299046,0.5367928984411836,0.2547961445805564,0.7531965340976817,6.254175810383079,0.4631090791599463,0.08640229014556258,3.004502174601613,1.06604998374251,0.35994597737539097,17.02574780798879,107.95482106537749,62.26879394324363,3,KL-3
105.68237551046595,36.915821485029255,0.372435394349677,3.668980697249828,550.0874705611718,57.361604584440755,52.114134689150994,49.6822096800021,0.5703756912251884,0.16677899451646097,0.7860197853562982,5.674100241480688,0.35744468978930993,0.17653934935115617,2.3451095036406016,0.790568042505298,0.40803127318141935,29.558348634232438,87.92374008618121,79.01293227359173,3,KL-3
108.59764830559988,32.85305596020024,-0.40443241873078184,3.2287404715650365,586.8833528715219,61.97331232995235,44.95793086384971,36.90163508730712,0.5553751717163253,0.31115934745014423,0.7774398689190314,6.177842628478814,0.36384712080543047,0.07112224905536417,3.1173531998505815,4.899054888927593,0.24321611887729255,34.37607432663116,84.40825248092825,69.45366875909669,3,KL-3
110.25704453185097,44.73284584220384,0.22236981839655773,3.737907912596239,529.6468636291902,58.26570883302453,54.11740313767158,79.84715102195872,0.46021171776666353,0.13764209745392267,0.8202411059559697,5.632526081266011,0.3400850084144772,0.09348558262048712,2.3335266417368903,0.4111043645049071,0.28870767545845544,21.882517833925995,99.65941513117612,73.2231889446937,3,KL-3
113.83506165830224,44.314263158056065,0.5368629927639365,3.8386082667441395,664.6161586776044,59.275247484855704,45.38591449133843,54.72927435522595,0.6634352118715753,0.22856795564252855,0.7509870856237916,6.360895937454579,0.4281820996356584,0.07998848164413806,4.615241812431669,0.7665084516935229,0.3309833810548644,29.93333541899459,70.98451466176004,66.53564265719454,3,KL-3
106.61157483963615,39.29018294727087,-0.012731272527020887,5.056949189045026,685.9796556953291,57.33978529901331,53.23879686600545,86.0831486983929,0.4984527992602716,0.09203276118288672,0.7140809698629587,5.442527142678553,0.40796058618979864,0.1014938998813999,2.861929105879974,4.574304488603095,0.27523983846176675,25.30271377723729,58.42401275180088,52.403251806417266,3,KL-3
104.18033837930987,43.65166630285027,0.6614206900913762,2.9271277717597632,674.1007806417329,47.496017389107266,41.435284840494894,71.77510281449683,0.24304328406846393,0.09573697761955655,0.792969303866025,5.930197248404079,0.41106726348042033,0.0805524497059506,4.0403885131879305,0.8029062519441372,0.3831735377362833,25.96410942996557,102.64575968364252,66.47091262536368,3,KL-3
84.74433472677238,38.32502311414679,-0.12379615128287214,3.1802692029487987,648.508237738184,75.19436473724353,42.127459459010474,74.48315982057504,0.464912290209816,0.17463888250244203,0.7511235073500647,5.97361417017105,0.40660141802570593,0.09770270630122702,4.465863724735194,1.515787193110846,0.28322393214946434,28.987908961489897,78.71437505617561,75.83357246016783,3,KL-3
104.01919186319824,36.03777460979127,0.41517323069240064,3.852788445655469,665.9785433805938,52.22169709347361,52.02052523210125,77.54567000559287,0.44996629944005373,0.1831073950597783,0.8141840974518183,6.6564776691053344,0.376320046781603,0.0834435889455032,3.5047208451167933,0.06718665470310851,0.42886960035574034,25.38426054933915,99.12546910463799,58.014529670048724,3,KL-3
123.22834902122628,41.02377308672645,-0.34691430058341105,3.4201569676837984,858.3588570619867,59.723289910231244,42.68226606255256,66.35215215498883,0.5511199333893823,0.31294358477936607,0.7753769315228799,6.170021535855946,0.4815937011948018,0.13665383449109475,3.314991446167856,8.38644376854487,0.2505072478599848,24.968496484240937,89.30394846133625,73.47631141394909,3,KL-3
125.25368279053329,44.11419644654911,0.5874521738722094,3.54496716981552,724.40622411669,51.07528258331658,68.05782694748162,66.48866501406246,0.45140517478414954,0.2225644898242861,0.807740660218241,6.577506745056029,0.43861703400658136,0.1074491111315864,2.5815808463669505,3.4853296499340907,0.4955586919600493,30.70384124228998,74.78212643047026,53.885346645658586,3,KL-3
105.4333046461305,42.8555016173146,0.5253961530317159,4.481281468291009,760.7010555925785,38.04309447983441,51.66444986779027,80.3760802903317,0.575417599665531,0.3025444140546932,0.7242841476634605,6.377345524244939,0.3657668231611198,0.07491082029110338,3.0722399270107346,2.01243604700941,0.48734378844819376,42.13569530267843,96.03738903609036,67.66152990585864,3,KL-3
131.99228997272644,44.05497608046004,0.36234316918549186,1.368786797256612,672.8947924024145,48.85389701000825,46.24923486154201,66.33630194837718,0.5321479497925367,0.20221280431939936,0.782169313161491,6.374151500447879,0.3899726592083749,0.13022389571498078,4.337379028721416,0.12535841738676926,0.3174197482947724,34.78871658723928,83.82795771722706,71.85614760117303,3,KL-3
112.06943892449468,36.436526760265245,0.017686345354475486,3.146640523985751,456.1293561838307,44.669146461798896,54.19900776758849,56.26187783844068,0.4074927630823952,0.2613651109728199,0.7400368396308041,5.934033404884966,0.3813965612766262,0.07625200151909661,3.5857515777733613,0.15564193810156152,0.41669363607405985,36.05266383519177,75.82191596432186,65.00309980584487,3,KL-3
92.43230442276078,50.49128674854951,-0.3858002493712448,2.2311046189990003,432.33410354365867,64.98254031379591,41.193195900234834,72.02910272194669,0.476270133151086,0.18147148098486593,0.7139813173461889,6.610452941762443,0.4952963951736531,0.058077594332650466,3.3920089244753022,1.5747998148085922,0.2929657551593114,34.986312192094225,76.13444353363897,87.2797723236268,3,KL-3
87.71423915318616,38.94571486796825,0.01874387391221697,2.6683468504767434,899.9371988250218,51.39505587164436,55.23014819233018,39.63627902738058,0.4254573244579679,0.17739161585408392,0.7319446060964492,5.921914795348998,0.4605609636341433,0.10490872537701577,4.1622739255053975,0.6711257218269503,0.40606291985850756,27.512431936603914,67.95593494993926,63.55447650329118,3,KL-3
130.7738688392959,40.28650609114045,0.6191228702992491,5.548699593657976,586.1813269722535,52.1372692865603,54.95235216663532,80.83470561872257,0.5022806917482936,0.1157489916649263,0.747776145411207,5.235087260034946,0.41867552715387235,0.16221793273019935,3.7927743290734295,1.9499035054953946,0.3109217334834583,32.5541611455808,93.58629858619285,62.87267009857438,3,KL-3
106.90494412108389,33.08806454469279,0.22698474862764617,4.103534507162205,575.9898387017681,47.73535429917011,58.5353405777955,81.0852696315811,0.4249807306211903,0.24514523963107646,0.8372347263511926,5.992606415766553,0.5103610592476929,0.050170076132523375,3.286276111332142,1.8235642311921942,0.22216480811932124,36.48847130471167,77.52519106665768,69.13593633484004,3,KL-3
94.28903215391131,39.836869062216294,-0.4462147718049799,4.386251940046483,679.47958896527,57.00228318972082,41.591904686514226,79.37800001747695,0.4934548184407249,0.24072500488200896,0.746452980025367,6.3267382023220335,0.4976021797599592,0.06507036235292708,3.504753501404158,3.6483760532937946,0.04237454498568804,35.14168733890896,88.33333446754173,61.46021491330233,3,KL-3
78.61085742846697,44.1934264211091,-0.2748910557679765,3.5605762801708547,716.0483573995914,50.51833186910975,33.77266745862255,78.91726354853233,0.4657155399207671,0.2716387732371511,0.7114229874860888,5.296687140643593,0.4134644552929115,0.12757576989482533,2.9141609775412154,0.6608369652399231,0.3035029243143511,31.972755036841924,86.56933006585152,55.96929924947751,3,KL-3
106.56425833687285,45.57506367615599,0.6762605603409119,4.231971059865528,731.2234564801295,64.1888378499743,39.89845360797452,63.98989609590652,0.4753221396256141,0.2378950972284837,0.7815738711248333,5.657448820639806,0.4044717338938095,0.08573035801164118,3.038375612181848,1.7248532310981284,0.34732500069482336,33.600232470969466,77.45131982584395,58.718641800622265,3,KL-3
118.57126288494543,50.37164442312069,0.3701651008511543,2.2117483939838007,862.9302239456005,58.666314584713284,43.18369484027253,63.719811386083734,0.6515752303838479,0.346571758631638,0.7764590330338836,5.484705779911321,0.40688180220513254,0.1233584570173963,3.2512208224448047,3.0044281372506867,0.4314253140828973,43.31436982584576,70.47520343033415,73.56389407638316,3,KL-3
102.03463283930694,44.12140937495276,-0.31860004829597116,4.45563872941568,830.088365918953,51.67539371420442,62.67211600851755,50.24431892274973,0.45866118186342364,0.23556165820065056,0.75039734939949,6.493358552354481,0.37736267020155345,0.07987533279174158,3.709482637424214,1.3497227249860473,0.3279300025721112,35.197216085781726,119.15452994956155,65.06048352899717,3,KL-3
96.70132259799193,42.66147917479822,-0.5313325984698375,2.96912470515208,552.6880130433415,63.051864414696155,67.95012029127749,85.97649502053257,0.33274535299062474,0.2845096028602872,0.7669388267076935,6.936431318506247,0.5116987224233581,0.10925886532227529,2.6265822163859727,3.551500584644068,0.4052328107774071,29.424203214011758,88.16760968826101,81.11616760401542,3,KL-3
104.25936347089909,38.322229330914084,-0.07501685384002664,3.1999473445392694,766.2481488106147,56.3135241841859,49.446623046439825,59.179781923684665,0.5687660915787478,0.20555345502005382,0.8238113542998284,5.995150422893391,0.3746793748470561,0.15733421776156464,3.420744198253637,0.28146008528575633,0.28868467622227784,30.629814968677017,110.63059543312357,63.97011003941972,3,KL-3
131.14788028717282,37.02955755060196,-0.5655434831959678,4.029120856363722,603.9090898147042,56.42197524551961,46.093906080185995,69.07862371702257,0.5681364721441606,0.17049179794191666,0.8085352882699588,6.36576518153413,0.46841521577137196,0.06916231058934387,3.1410827039621614,2.6477494049772803,0.29801768243748433,25.729243017042766,102.72924140472148,73.18408283785838,3,KL-3
91.60527573487214,46.82149108800893,0.11266620399719975,3.878157406865772,633.4989506683067,44.54892077014459,42.50092169525789,68.04854339545734,0.3291847860962539,0.2680617102111982,0.8042115103436864,6.352759682949861,0.45952715654544146,0.13571282430411913,2.8344424689202774,5.728779753301023,0.4093228546022868,42.735179739731485,84.89601638211509,71.58673583569497,3,KL-3
102.87448454366225,46.70642211043345,1.1556501487345217,3.692696038714839,518.7212952858364,55.68131093771749,54.24690350210867,48.91496982075012,0.4314280303033546,0.21965112073077953,0.7158160607739884,6.87689847321998,0.4097567010888217,0.1253912038989626,3.1443050703050073,0.8065849030541333,0.12782604122645821,39.01934862721772,90.9215756480777,63.85079354255983,3,KL-3
130.66136609426385,34.537923794907364,-0.4637824302796688,2.534523077135745,446.83125754023087,58.82235711454399,67.88581391991518,44.06389971052153,0.5223648445477218,0.27492258275577725,0.9193274030857661,5.773723548023696,0.5155022551832226,0.06032267246703273,1.9821580421698668,0.9124742633260307,0.3260387063122332,31.416065181360572,90.57298938360577,60.46952856667272,3,KL-3
119.9126443413563,45.33857532292089,0.10058973471751394,3.7048509350573133,646.2125944841254,66.91853457758677,63.858508911882716,65.06703945040817,0.5294362608973653,0.24617619251068082,0.827562610513711,5.9900605176208375,0.34704518394592354,0.1217670157122532,2.9204467955829725,0.17449483265130916,0.29300309203553077,41.90410059383388,110.88040826718928,53.64557040859242,3,KL-3
115.18691720668434,44.90230214837506,0.6997706301325004,4.393449082786582,535.2821700666506,50.234850960773414,57.379766126058335,59.55492658866189,0.4871220989237825,0.1774192003925906,0.8008514281595435,5.9296156752879705,0.4210154349510555,0.10718418386587818,2.7153078707544265,2.051612956977938,0.4338488963881827,34.162000224774886,98.70800429972095,71.92496623744074,3,KL-3
102.77330796875627,34.317146689914836,0.4746351433200381,3.1990103231201648,761.3376414286444,74.4748689870841,57.23302531113856,63.92675768907998,0.4889260303146623,0.2894602726606217,0.7167844112801394,6.137683620020131,0.4005479917529748,0.10773282029741188,3.2070503744395413,1.6079372740315667,0.28274029640161435,28.845767911920912,79.06272704768475,77.08607786040116,3,KL-3
112.95757221750642,44.24274082873506,0.11550371408034484,4.676949636272236,616.2706107775854,60.70494653463189,54.323098862541144,77.78498756243879,0.4124129701533452,0.17272860277291993,0.8223865056367052,7.352158401058404,0.47302965751354265,0.11509552699355108,2.0071261062216403,0.08236444948317506,0.3663267975656075,35.53226270259899,92.96942603865669,54.780554625966126,3,KL-3
104.43256397320049,34.70272124310915,0.11646053193272123,2.9268464512687924,687.0308262739849,44.09470499172954,45.52709354291465,67.69932980644427,0.295512102923545,0.2625195757977303,0.7499435744850335,6.115405557598656,0.4426782932187584,0.09448902466752584,3.4895356461056815,2.7903636919162857,0.39872135754677546,32.99321735898326,98.40177209704304,64.5364405200266,3,KL-3
99.60920803393873,26.424242193959067,-0.2873639129698317,3.630238313374699,814.1030904698518,49.48841508731555,38.63451777459204,74.10227048917677,0.6514605854546829,0.3018966666915512,0.7652864597682016,5.672644673696469,0.33863524106667536,0.10710296876827193,3.920653977844118,3.5355136516041252,0.20559232046956713,35.189283891382,74.6461714131391,62.16465335845801,3,KL-3
96.2991378704739,40.039385517847705,0.0679376919977786,4.85326218670129,471.76457818614705,67.61799331373456,45.79185910672059,70.34393794610693,0.41000661778346287,0.2019243096950905,0.6909610361970357,5.52275138655344,0.48697397218732263,0.11224357275120865,3.3046221766620607,4.752885359102264,0.31385037533808785,24.154540701718915,94.67979213766422,71.91095320256166,3,KL-3
124.26143394558748,42.546888231529934,0.272376285696052,3.0798800698403124,563.0459133740376,66.19583314369916,50.22339602131353,61.20398968112202,0.5016204552051586,0.29435966722033885,0.7129258457029745,6.726322503656523,0.44927308614622835,0.12738173816656584,3.6742751240426257,1.5781450782466795,0.2904690852731249,26.94842921401365,104.89586747446144,64.87077849637866,3,KL-3
111.59390801675796,40.30957517070132,0.6170454173096361,4.468188386701659,671.706034947902,56.394747852484024,31.46366101281705,52.97836199368324,0.4747921603472531,0.24885701004319152,0.7969273249413567,5.67037274801096,0.37322540690185346,0.05918516899865756,3.0673616661592544,1.2050780208922858,0.4007034597463675,38.44235415061588,78.46032818049825,78.08384456334254,3,KL-3
117.21770615704044,58.20264090312784,-0.07307024940590241,5.204721889777447,687.5029778987913,57.44934162446282,44.470492706337915,68.17661441736162,0.5592758041818837,0.2761166267037758,0.8253117337635244,6.4317934795995475,0.4075160447606804,0.14372657689473312,2.4422273257344758,4.177160820953192,0.37900654726497546,39.46568745782028,80.11817718898588,64.4248544722652,3,KL-3
114.77509778702105,43.27310737540984,0.09906594877461497,3.7618352551393204,782.4197001526791,46.93311781019223,37.740676454087264,66.0067114321531,0.49669177707857265,0.17479465853384482,0.8092452209897517,5.760154335370686,0.36000575425139586,0.0703412897082236,3.3760147927713917,1.0173120217187386,0.3063438375952654,38.07556363484027,102.67567006416807,57.608932323712764,3,KL-3
119.11378241712539,41.882850915792204,-0.20468539230267302,3.2033864100933545,754.0583754848718,66.82154192188274,56.138411610681416,75.98187605005697,0.49977527624735996,0.23785801392322484,0.8075409498371473,5.466653631708414,0.416458098719176,0.1278488539243916,3.783227026191131,2.130992216992271,0.2412073559667158,42.093234517934285,84.49916424512209,63.7495573983135,3,KL-3
108.67921815021163,43.57754781988454,0.2651300718162021,3.006808957639981,661.6320350876887,48.34786330580426,40.502915978432895,63.18919916333009,0.27675454015928563,0.14051512139852976,0.7717616771520146,6.40259980015091,0.43250589836799114,0.1073833529781834,2.5803671246354054,1.910906626719046,0.4080517356816072,33.88684149106932,76.96589903897082,64.63108319872997,3,KL-3
105.27513823418138,38.352085973599415,0.48851178012358537,4.66868216267786,686.4085604716706,63.00792888898734,49.282203319809874,61.43190145861373,0.42083287419661974,0.3276780309186278,0.7546646492316893,5.784627566618234,0.40826764206830257,0.06656530971603906,3.095863634206899,0.9309433475927926,0.3195877778720974,33.53541681415216,99.3372765164089,71.7087995639573,3,KL-3
100.27079505913316,46.576874372561235,0.42685920537195793,4.646355359471719,689.7291069188587,67.0663389493211,38.999797070644235,62.246007394620804,0.5470706437279198,0.10416010070492954,0.7894447571782696,6.312712819619446,0.40247677500635726,0.12084436409112012,3.22673015945735,0.1817977106835274,0.19552987474660297,26.433965493880937,95.67225084071008,64.51184755707612,3,KL-3
91.29046299889329,43.166011677062606,-0.2930748301769422,4.78444729829494,473.6345162391493,56.63524443375607,61.97699325960916,53.97528037993465,0.5398734580057544,0.20371489082226898,0.8160704161550136,6.3496414704230215,0.34436298154744105,0.07663780082414487,5.085844587170967,0.043296357446241114,0.20240956808240604,28.097342795768476,89.88272688995293,71.02077210720302,3,KL-3
95.66950244065625,42.891030223354946,0.23374528378256593,3.5987293194752423,631.2349427174046,63.990890928977585,28.992430634654145,82.3629193378455,0.4113677741106231,0.16909748434802263,0.7752431127466795,6.373132622506234,0.4418620730751604,0.1370638666547292,3.509022716831935,1.1180640086143534,0.36001067440583806,21.058695388452243,102.24499154138445,61.17612582328785,3,KL-3
107.01873418349668,37.25527866279837,-0.09592501130007534,4.455245553221684,679.8167861596511,71.03111766420555,50.75840376843967,78.67554505538914,0.3612577133823102,0.26548202491213424,0.8355126009956702,5.965925658028406,0.3287772701568524,0.08367495484496268,2.2316558526817336,1.3124797241118746,0.22293550457875846,29.392569938161465,103.09762291833466,65.14258656164274,3,KL-3
88.45440773346783,31.61401804130544,0.5794200062611334,3.5859284870991437,705.0261030542129,58.393750393685906,33.227423315600674,50.443642052503435,0.49762634453783444,0.3404367567557951,0.7642465368091995,6.443091778252353,0.42655397591186306,0.06015041707183867,2.0832894588946744,3.459579005144348,0.47377179948828907,20.70736955583376,87.75612509412665,61.21972578629983,3,KL-3
91.76571143795955,37.991683465536255,0.1104749108905848,2.9185559027133126,539.0763871923009,54.84758546854443,40.906673495151495,74.6473777036706,0.2549580760963348,0.2642949059212515,0.7259860532351974,5.638726835775958,0.33504220879837693,0.15101535315108885,3.81329929815825,1.0702764210148594,0.2500343772512535,36.40483085431847,112.44191665063244,60.726867282590895,3,KL-3
128.13209838952767,42.69580313755935,-0.4328053352964336,4.524341428089882,497.7442504965331,55.715177139587865,48.06186703684505,42.85993923281161,0.39560605981297897,0.40267702181708104,0.7744818878979499,4.872954874467933,0.42752524452431434,0.11043971013710727,4.866019185597917,0.6602326061125653,0.32497114197141785,32.94199434275226,107.75067944112398,77.6986684582721,3,KL-3
115.86269227280688,38.33180312153032,0.08707891775690668,4.9320962226225635,621.8560888978303,50.30609677862329,48.55357031316838,76.82347079733226,0.6283128860124249,0.14232358940646958,0.7802986139129783,6.453446086560054,0.42469404977061254,0.13101573377283945,3.2064153092395684,1.2401520871759073,0.33772895729282437,20.86915376801955,64.93841860131269,61.77896342832585,3,KL-3
105.72244907694719,42.75036300240423,0.3583890276795525,2.808518421774944,886.0839333309792,50.12532965810502,48.29266841095413,56.6437945867079,0.6031053863099015,0.14692895204828607,0.7708984966361795,6.182795252418734,0.445167248383927,0.07945584363739898,3.1705082447648945,0.5435924609833284,0.2666497808610523,30.05068153918259,76.38859091880182,64.71916174281787,3,KL-3
146.5736168835684,39.60582873886217,0.27260242525711975,2.793455229679464,551.6902984725598,59.789254110605626,47.517491409755,69.31880669213902,0.5264799487012116,0.17141314610307598,0.839032778044113,5.794960877993014,0.46811428584007964,0.04824568389875398,3.6334645057185577,0.19161395082656554,0.14581383755376245,40.8382781117425,61.686498164293134,75.85683567959543,3,KL-3
87.77625421930458,43.58347690775914,-0.02971840546079203,3.6569855473840995,790.8713896825772,54.938401422805725,39.581557381265576,41.84588372549994,0.5120869051585005,0.23227468171775434,0.8152650990362018,5.364423619012477,0.4773794211125469,0.1552560727226333,2.896022154992935,0.23991762768570593,0.34027160780929816,30.37166924582128,84.85342006330295,73.50001117017224,3,KL-3
127.13416914692733,35.139055244748114,-0.0591093559484585,4.3899028845928,840.1687571654144,58.870553414810125,44.35946676911189,50.6155492198646,0.33148633723804805,0.16338465748300499,0.7034529505689144,5.081710850582328,0.34449787003120347,0.10480719563463153,1.848507227742796,0.7688396238337095,0.2647408007918193,26.008145281810037,74.21538162039924,80.62965773329228,3,KL-3
110.82800875830875,42.157340071310486,-0.2200017592865266,2.717944644996837,655.4559831479833,44.33051080117943,46.31634016178915,70.62443560699292,0.42824662106807065,0.17990023474169844,0.8517183507099142,6.125871674104486,0.42208969734334595,0.11974055682490639,3.997358633565412,0.025514897717876715,0.3343230742093154,22.072488653473798,78.9781792151239,71.36241491603343,3,KL-3
124.27570534369218,37.154275121891615,0.01710015186587748,3.806612589564725,568.4182478415859,55.50904939850288,47.953603967588826,56.589101799406635,0.4638865121627379,0.26222901143563726,0.6379291469585413,6.924392982864976,0.5255470442280027,0.12469787341794807,3.0070907229589023,0.4974440344342575,0.31521351582090323,22.221766937780558,101.83681776139447,62.696804882511536,3,KL-3
114.1343057590621,31.770302347216184,-0.1672715866103211,3.1526584367521986,711.538347638987,64.4909428007237,45.343195271930114,54.92044555553362,0.4299469000399049,0.1506496870131709,0.8825512186426248,6.03072129178451,0.43095502842488537,0.09493826840952932,4.005070719492823,3.097844390105466,0.34606329984574424,33.67789983928001,67.69205128317904,83.9571571916472,3,KL-3
84.41632406632114,40.00907526182975,0.563034394470926,4.185663279860002,673.3988350519395,47.29860578419186,53.295904209844544,81.75034036942517,0.45948053320737087,0.15700823922179388,0.7606347243221561,5.919332306654227,0.3834325929849343,0.11178688642846549,2.9184079258135918,0.5347583365261503,0.4499496096524847,28.830636888376276,90.30682889236975,72.15664595644215,3,KL-3
113.93190701338243,50.21790544290828,-0.18545495629264663,2.9866905428032875,546.907522377163,56.38221131307641,46.93386970150942,91.53151053527449,0.5914379539477035,0.20108767482059567,0.765521613167425,6.087816078752078,0.42101494367803316,0.15281857777516333,3.448067476476323,0.23470765539750754,0.2813053589818302,29.24502929200281,90.23411730976497,66.26243728958667,3,KL-3
117.53333781959397,32.2485415529241,0.22391378494488043,4.2424424002193435,570.9436608353868,41.41312551281271,48.01325967621614,76.2441672418338,0.4441541550982942,0.20673341574964071,0.771999188051318,7.189602555954385,0.40581670298429695,0.10402676313362008,3.8878991684932167,5.955021005779044,0.2874924276526003,28.851266682780153,87.76132854937427,67.95972439760416,3,KL-3
79.62022052213379,41.716353502365195,0.1967215613305331,3.4984281513458333,704.4295822574397,45.80630382181461,42.17347651688483,51.897433139179235,0.4602248655554588,0.28560094303327893,0.794260271642009,6.475952113326566,0.3661770921433923,0.13326303949258725,4.017210570643123,1.9482111028874738,0.19173621577968875,30.29880025267628,90.31934418375728,68.93425263560572,3,KL-3
141.66072440702848,45.78546237958535,0.5532669791539645,2.875287581055166,762.0128489802257,62.711287101424396,35.47558073385578,86.1622319938124,0.5466625029347001,0.17096161512131275,0.7749868399366577,5.633212374149805,0.4684552094103504,0.04526259059908135,3.5147932004888545,0.12380601976351471,0.3093852839120564,24.86418500648476,61.96261947501087,65.6055050016854,3,KL-3
117.16811391259158,54.80018411086671,0.6107473155833484,3.6759519643415106,611.2651758421534,53.7757256534964,47.540289307324706,46.262812884219414,0.3739419425117757,0.18178320095274614,0.7683302405581365,6.114051951951051,0.45421762791376813,0.13871281890957643,3.4849434574794,0.12853091203561545,0.35778959914199726,32.580524968446895,79.0353458104277,56.49315518466266,3,KL-3
122.57981610204743,38.04240210531987,0.45338797731253133,2.074621348409318,641.7039722134336,70.82658292430834,58.07446043962938,61.34610255109609,0.42028363369289223,0.2599002069767404,0.8404459154678092,6.26621845557747,0.3582745463943936,0.05933987105982079,3.746823708107467,1.8941294917237088,0.2863204097943178,23.88646878121653,107.26601038308867,80.51376841797266,3,KL-3
95.01705915635533,37.207996372374126,0.31617133731605196,3.177724342316048,730.2366284613296,59.7095448833945,50.43861230730413,65.65733320384848,0.42848219297945256,0.2730836594270029,0.8032798039875424,5.571830566710577,0.42033627080915487,0.13528226472100502,3.6535017206364913,1.5536176663930217,0.35831444003243923,27.220787709793733,74.38754697388383,67.32532739060183,3,KL-3
122.85926283218427,33.999846824364404,-0.2444584584376232,3.8949208562597293,629.3015738991278,60.4947653191146,37.82506058785208,88.08845412606499,0.49194737172413977,0.31072346802759526,0.7270598072814618,6.479568311171279,0.39667681754089384,0.11671893661353813,2.600291679497212,0.14164932293694396,0.3107993179608647,36.05413848832562,108.7493297627704,68.96797210162114,3,KL-3
128.84256689344585,47.843098009077316,-0.25254803509530305,2.2075961767744836,614.0807632044939,47.638143600840806,54.147400258186046,75.9519096506207,0.4599030346005068,0.2531472212918852,0.8120336957167862,5.691095601427823,0.34492037427375166,0.10212237971778365,2.6117505874176947,0.5080187627455298,0.22081870096248077,32.881024998625946,71.86813105865913,84.12515247515583,3,KL-3
116.30352342206768,35.79551402456555,-0.16327632790597962,1.5680905175156707,559.3591016327329,53.16915698524438,42.648829322060436,59.43490766240576,0.4624327272522293,0.23282184359770958,0.8012053501591668,5.344527116329965,0.3542590271262007,0.1020123533637621,2.109564538187472,5.2913600281127575,0.3499588056946483,34.42840923100691,70.42551241105215,62.03371789425932,3,KL-3
112.35942662218854,38.7764214093479,0.4757683998511661,1.7535061441494662,557.2778451951162,50.388910543619104,53.14653980480287,53.660524750643006,0.4343116810318004,0.25950230440476924,0.747736313720939,6.138066776919889,0.3617020088099834,0.09741806719927995,3.834904800503788,1.6973146837051005,0.3085334293147986,41.75194196408943,77.32865419283084,72.74388259771284,3,KL-3
99.09617812652375,29.906372735772468,0.20433197130025432,4.686702844400296,970.2659309867906,47.72646608359531,42.31204135103839,77.02631184563906,0.4018335791828196,0.20895523164668714,0.814606921318108,6.058922070254822,0.42207851232786014,0.0803799144166931,3.1375621357734,1.1607994645191482,0.33482062571274857,30.701729948477514,102.29899561944302,61.16161053144013,3,KL-3
109.25689623325012,46.303831056071154,0.522462896294225,3.5635927897898165,626.4558007905101,61.56114500876908,49.533064398273694,58.599692513355734,0.5362314339368461,0.20851394433747125,0.7671213699388479,6.099489048898652,0.40210234998983213,0.09882071164109861,3.867118347225781,0.5757786196355639,0.2796440093431667,31.107301300124888,82.19655004300746,70.06816930036351,3,KL-3
104.8195572861108,47.949549684668156,0.5761210937280332,3.1990276847942503,813.8069985814669,63.16612692614944,40.81502663375653,67.6008810543797,0.46047567048301963,0.11855338126327476,0.7639163263937448,5.717677691168606,0.37704060189520433,0.17124177232527266,3.6172263440726944,0.2870435005001076,0.27256779816072835,29.678395220748296,92.89488386126972,69.11204597001087,3,KL-3
121.07993456089027,46.07465038150619,-0.11538076011969921,4.381123788533464,852.0792005022885,59.44149755333959,41.069475035296655,48.562682128890614,0.5370215184117898,0.27860495740136004,0.7625543441283532,5.787443691064479,0.40540584851895245,0.1440692013235419,2.7735439910574184,1.0304428225667124,0.33759286460423715,28.782929263039264,89.63364306420645,73.82480877712253,3,KL-3
99.75186112323897,31.368048311877693,0.18782973102287484,3.301440254024711,627.9701252608209,49.6254624541921,30.337346329042603,71.8310942626904,0.39856981356150817,0.2376875367031048,0.6535940971523799,6.664223330184555,0.46237674859227385,0.07886990464432699,3.302866539879133,5.111514016334193,0.30655200703662916,25.947045863031068,88.09645380723616,77.16534974152266,3,KL-3
120.96976082255335,44.642906244675835,0.1698025285265639,3.8397695198933857,694.2115770121723,58.8958402807797,51.1207481916116,70.86434174896975,0.4342806273800286,0.27162235598209833,0.7486650333532698,6.320542807500374,0.44283480486360277,0.11303062206981863,3.102106769001545,0.0998755757982488,0.46294225993354116,31.42032405597926,104.03941711129089,62.86383127040263,3,KL-3
99.91521655905515,30.963977691655995,0.04388492415031391,3.64560428073861,662.2974178439639,40.948572788274745,49.70169634820337,50.10055926010194,0.46980535777225874,0.05605137033136234,0.81065866210628,5.621626961711357,0.47509344038109513,0.10787937489709294,3.0094659118418625,9.416359366661226,0.3888984409728931,32.77524303298078,98.00821529184446,78.83339872579134,3,KL-3
108.56471168759973,41.348241812385446,-0.03893714180988461,3.248200463397618,456.53811792095877,66.83407414966432,50.26442716260942,77.37947735445968,0.47727063705470313,0.22217389752638722,0.7738794378548117,5.124651552789945,0.41358435676403754,0.10073119670970984,3.924172395295969,0.4659149014592091,0.368600340757415,33.05385169596448,75.03516163405149,79.3998475084905,3,KL-3
121.74066595519226,42.23046547990278,0.6489022013644228,3.8603167071112847,463.7632385302205,45.864798594900506,48.75330561131811,71.65694969891338,0.5478494980745768,0.17364710961734203,0.7107406785072125,5.642791798943895,0.5051278595340822,0.07491667330087562,4.881446082328604,1.051091403608256,0.3108015358798868,31.32181913433539,85.44315059690003,65.50011692245192,3,KL-3
101.94304920020934,42.86109930864959,0.19578869068620033,4.243608977136116,655.8618160285127,47.286328140492294,38.377499666766965,73.88029103336117,0.45305925683261133,0.315081750289214,0.8232315627596017,6.178649536080095,0.4424039941849246,0.11837693954419956,4.044722185046129,0.0921953315453346,0.16291812412187923,35.63085402409991,109.67127784036998,67.44733934877496,3,KL-3
122.25804733466403,44.20781919582481,0.18025791542390715,3.47707470638641,599.0103753669684,57.17233815656154,55.6589926449358,60.45585568699843,0.54723937942487,0.26185301492902974,0.7600699920228301,5.7840341408227784,0.40055412883293046,0.1303821488974391,3.3588261795855576,1.7579041692582102,0.26039240579058565,31.147183453711936,92.58474147001523,63.54519904040449,3,KL-3
120.79491236507052,40.95179837864437,-0.14611106994743833,3.256555541476308,876.9896406072309,57.88327648193636,55.9277930009227,67.14747693543731,0.5174955206847756,0.2390541246486336,0.7139212254669237,5.745174897411589,0.42964759048451845,0.07998303944799659,4.130704655973674,1.3215739919112812,0.2732165237932545,28.95349055883019,70.65584843090416,65.0564702892509,3,KL-3
108.43573989934585,29.225422923628685,0.4450849721654018,3.350990073600437,621.6112473566458,55.66801121238572,38.117625348294176,65.7605464263839,0.47895179119336406,0.19908402183953852,0.8853006230835506,5.805419780534669,0.3625962023705091,0.1636662425186762,4.402741590186482,2.197466800412311,0.3030012490968068,26.36505909012741,71.50553317147852,57.87219475799945,3,KL-3
129.92674802033685,44.21072605279719,-0.22704300033520605,1.7866699737714145,884.111479648175,47.36897647214163,51.32123991349958,63.22195514294924,0.4113960962802784,0.24883249860789877,0.7223413702756121,6.063646218631856,0.4096907431876115,0.15066009747706663,2.5395775306138217,1.5647356387072935,0.32233124004880365,23.255123942110355,99.43174370279469,73.72028617863353,3,KL-3
113.66676512965671,41.58564884676649,0.3569622115378729,3.8514476372071296,592.8330324637346,65.31678394882634,54.74991185367977,67.04603933799015,0.5480500212370656,0.1693088622373137,0.8189745755642854,6.492313956479174,0.44649871151133036,0.12144496676853697,4.109912856817518,1.015586401247682,0.3774859972388396,38.30207588968243,97.17924780611277,51.09764885980182,3,KL-3
129.03414789878025,35.5842812517726,0.3678917440220649,2.657710968809159,879.464050473072,42.76240639144599,41.299017266562785,80.07731568555658,0.4133930026149079,0.21901647913885403,0.7365342949572696,6.099790398027153,0.45558347540492944,0.06804840891993559,3.836809211245923,2.676965143657048,0.34685164488560516,27.504726872563346,77.69361309835202,61.92324119389851,3,KL-3
139.4019738731577,31.58361547318035,0.009993980270572501,4.128774979295139,710.7709396336816,44.38384807641244,43.03964310755648,77.89940766444712,0.48579756958741765,0.19029819678075477,0.781791341728691,6.130968510758825,0.4044918888584402,0.11704225877953686,4.0878714339939,0.0506789554883246,0.41773625531759234,26.371664283563536,97.72156214769215,67.13070359144346,3,KL-3
108.88048467448033,50.24013311554615,0.3020608324732719,3.552660719459765,717.5950274925436,55.39413782436415,51.34113408211786,50.81767187037372,0.4831847645651136,0.36098937929890146,0.7298909518315911,5.9875698180585895,0.5616945213761317,0.11345934004693395,3.8629724736101405,1.557536594453533,0.30004784211846,28.912308858365137,107.94270564063099,77.89837864342351,3,KL-3
122.17432476041095,48.387803229744094,0.24926782361779484,3.7090968772243524,588.5883251919621,46.136128145244896,30.896702305856987,76.82482180288328,0.47093238859061737,0.3131968653714504,0.7130347909363169,5.85032158392263,0.4163896128422356,0.12039465828655489,3.2383625954795154,0.24179722667939724,0.3455730355336129,29.608056067331017,106.24430607592721,63.13804344558475,3,KL-3
102.93648112015687,45.23574444384473,0.15925575007594012,4.185263336484962,719.2300616484426,66.0310022102074,35.11482778466,79.29372047297642,0.45635442216117483,0.28878284903896984,0.8011101272335703,6.547120435659965,0.34108029789284233,0.1527139281686921,4.59472238650966,1.1454316051362219,0.352507538222304,39.19256217951387,108.00133644186948,70.92281336882063,3,KL-3
97.00778385737704,36.942200532591784,0.180177592058093,2.883780986927252,853.1256119697501,46.82428291669668,36.102249921304384,63.1858679197716,0.42173386440306626,0.1355813386707505,0.7952645272567199,6.471201033922098,0.4856633596004249,0.09972077836150138,3.578759165149289,3.132041618084151,0.3446581027486871,29.359264484544145,95.41586530075365,66.85212708439815,3,KL-3
109.56810513920357,25.898026686730894,0.19971272927740852,3.9203987546807655,632.6207007127834,68.7062172176825,28.036836351745045,71.10136524557332,0.3581450850103937,0.2768494267370432,0.8322324722109531,7.122639958833025,0.45535636519248385,0.1664347973896723,3.114403787583448,0.3073766480679468,0.4275512198352113,44.16691782700822,86.61808217044134,75.06095120377867,3,KL-3
92.06099580375806,45.58807505261141,0.22696466906881954,3.839096842050132,609.2723821560058,64.53097732617259,56.8493977418748,70.9280200076362,0.5998043786272281,0.23626000050851623,0.7732809034852067,6.405282149194626,0.4365844410477625,0.1171951303798125,3.6785868090242246,5.49182655422554,0.38930194581977534,31.318486023265912,83.92023903439797,70.50468599165897,3,KL-3
98.43588330529035,43.20012064313045,0.19909681253748276,3.4771753338857656,620.3884953367894,66.13044588406066,26.118681858083328,54.800400599908386,0.44816212285942003,0.29840760837096875,0.8860175897063245,5.850792839096268,0.4017539554454111,0.09628610473016205,3.9584375410367163,4.387545546390745,0.21944774243988616,41.285141244856284,88.54135733664587,74.14167510431778,3,KL-3
121.37148898981602,38.75202614556694,-0.26654567608485674,2.8824510393891694,844.4133926007725,71.34684786362597,49.431106634313664,60.41652454966006,0.4772510323906024,0.24434370570761635,0.7884173333718517,5.647674345444905,0.44466732580132207,0.17698131620119234,3.4318566455171977,1.071962345784447,0.31585351207525275,35.469646407153604,78.2377203465176,63.09492067876328,3,KL-3
104.79526476826743,47.74883784018726,0.11411561959775808,4.101190691244131,752.6421448401304,56.89982339276612,54.1168339475522,74.00972286621929,0.4767618092852847,0.22459694003770175,0.8033387340618605,6.576472630355807,0.5059508122998815,0.1298967570006027,3.610881830113335,0.01198552300995131,0.32388210542161633,32.80518709922381,84.43841530577163,59.38780084673331,3,KL-3
123.15771130682792,46.0879852037771,0.28097944047874884,4.187763635535453,823.7215988565342,48.14620323344034,43.06404045586733,59.05013315802259,0.5751483469782999,0.2390270577801935,0.7070785377446385,5.692506557844944,0.4350816468670073,0.09135798339127581,3.428020249262191,3.1188667496815246,0.4971232850956004,38.88924066618744,104.0514369795712,70.4370265524269,3,KL-3
116.9911790702623,42.0565729293851,0.2139154914157166,3.7158816207823073,687.6347252581123,55.42593699385087,39.316323752687545,76.7059947111477,0.6421555377214112,0.11666200250264729,0.7442957842438733,6.504868343261035,0.3514983206594537,0.10752649766839327,2.978954560139614,4.255513134817186,0.29861670550036234,36.611148969701496,69.44114789875007,63.59817584768591,3,KL-3
140.26731093028673,41.21035050722668,0.5565001037580554,2.768758067428284,654.7183228133398,51.7166751567283,48.32842450736639,80.65966929019714,0.500287793567095,0.17895580366993216,0.8009839850257988,5.720043003053693,0.2523322958406117,0.12405699065563601,2.8819053248233373,0.3841089584336651,0.2464012877331054,34.17339542093045,70.26196329170298,67.74259097479977,3,KL-3
120.36505928364069,41.305806305598075,0.42303463579978173,3.2030407736596365,700.8732846884759,50.57646981989022,46.01833000594481,78.72406210376565,0.4749397865234466,0.2474001323221963,0.7707886118793208,6.27457919189364,0.44422797803191927,0.10047416919643974,2.5333102280570476,4.958458604532868,0.36006603435813145,42.58797004885846,98.71636725302115,70.03819952211272,3,KL-3
129.2132710541897,45.07963923700848,-0.1731638140212544,3.5767338220639466,778.4190241295048,57.45682749445466,56.035048624164155,88.75765523803348,0.39762343942724704,0.29336330150439494,0.7843841567517317,5.570124392566818,0.3757043229369946,0.1090172360713485,4.285812020428047,4.909079508548345,0.3647588575699023,28.508036440231887,84.5479249037983,77.4352602452378,3,KL-3
118.5282699469132,35.85514192074207,0.10834915677824204,4.175795639985675,620.3458108894562,53.75636628633803,19.71478859602043,63.91121261250665,0.37201292404697883,0.19197041302127288,0.7341753122142902,6.489942677166041,0.4200143641302098,0.08048389189011836,3.2409496511222033,1.2746336224909196,0.31909817090162457,26.02543162019134,65.6422837053,73.79256514712,3,KL-3
117.17090251617108,43.55589873071022,0.05046533862112482,2.3582084791095066,814.2412392028143,50.23232252546403,36.81292523851872,67.12641288762876,0.3455820056284719,0.22255158720816395,0.781097348673581,5.483164172245375,0.38454611884933004,0.05444416407576275,1.3184549389468263,3.199319854227912,0.30737911976232873,27.61884629094023,88.01399012391471,62.05192261780824,3,KL-3
129.97099563169974,35.47645433318245,0.17326060534912638,3.1739572285564988,693.8996668479052,54.286780859301935,51.61576883916055,68.84795657315168,0.42383240323812255,0.12894045331947657,0.7809272945795868,6.23647866475335,0.3809545507901701,0.10819257968234135,3.6129198475677056,1.1773868735701738,0.4009123164849668,39.761365950417776,86.30054098223671,58.339822097939546,3,KL-3
122.53196198797897,49.019331030513406,0.17380744006452006,3.302861952046238,361.2466234363786,60.64182771362964,46.504474427744604,64.27522490011114,0.3202316162149508,0.3125586488012256,0.7159782490057379,6.0010800328864935,0.38673629333568665,0.10920083466677662,3.6004962627043815,1.6604383115117731,0.2567121476592143,38.25380010543048,83.57698628210399,81.15904883803557,3,KL-3
115.65095419436142,44.192771429451405,0.4196086676959395,3.5584227364775765,756.0192112526233,63.90133765274157,53.52034159196867,71.50614768921973,0.5738063962992089,0.29182450393398723,0.8071274922340295,6.15090321861313,0.3912562320041717,0.12081358774673563,2.2550593903017626,0.7708515171062995,0.2977237325705171,28.373690502598073,96.97847231777781,54.83872262420524,3,KL-3
115.58481998894577,36.87063043016642,0.2459313452564575,2.5839397727801225,497.3233984085621,43.42660869447208,48.620199762396624,44.46555165185613,0.5213476995194739,0.26412615711403187,0.6899967526541014,5.902098082919182,0.46381179942414175,0.08771430878681409,2.8755622750000427,0.3474437096847299,0.28322801103092893,19.22674356203067,72.75165317450083,63.879977218471595,3,KL-3
120.57343967745624,41.4835749441785,0.6672180020834202,3.4509737773013334,753.1007312808784,53.82439130937166,44.652629367586876,67.45886466431023,0.46736875882521756,0.2494083712578534,0.784211904029884,5.890370026314504,0.4536821896568292,0.06478337116378005,2.8492265792634424,2.7450715624270816,0.412511567809647,29.97077481810639,88.90582497831514,72.66195856257693,3,KL-3
102.42939720810172,35.87728171983176,0.271401255064944,3.3766131485499282,758.18215978858,55.11925435620236,42.977115569064956,48.47076020140525,0.5762507184608632,0.31815294390880783,0.8632796346912749,6.177390602004886,0.3646005588594413,0.07604026590757954,2.9296393855246343,0.0027876308574367493,0.3478395362629074,25.93367845704364,86.21833006465076,80.61008997560026,3,KL-3
101.79300800791952,50.02467702620478,-0.15723620813491054,2.7949265028082744,689.587111685745,46.78983982217895,69.25055015875587,53.448520668709065,0.401807513807738,0.17669934052111697,0.809027526890954,5.598930810955074,0.37141326368164956,0.13666901270519474,4.102665517022142,1.7328722195907125,0.23980047221429832,28.530320142552732,89.20390273494046,65.98270779900643,3,KL-3
133.88108898559398,50.73725590682726,-0.011912248067287877,3.5306259326650524,715.2417078652032,55.29235413567441,61.34946274031511,73.79467773235896,0.4219015155708356,0.17021030662040046,0.8087149623018551,5.595988969166662,0.4439560952234686,0.08500166063377286,3.285673471159898,4.0003149406780985,0.24783948853897844,25.727954761270407,67.96376610235936,67.71874395416715,3,KL-3
140.46620495789998,45.177342095377085,0.4165156282927034,3.1920647225715983,781.8644945412784,57.433964876320225,50.95505098095222,62.61060513861176,0.3327965375758604,0.2886911871753857,0.7301286662525657,5.920725250180793,0.47762511827177606,0.09173757042588714,3.118659069110309,0.5002004973873113,0.4748732098889721,22.952309615104884,82.47821334231989,60.4997806272206,3,KL-3
98.56676312384751,50.33993940592747,-0.4706673058022742,4.021468914007766,590.5246791427127,60.40067636224793,46.78463893448415,73.37137369658967,0.5494482956016169,0.28465880290248746,0.863453102657643,5.901264930140496,0.47685706799570626,0.09562759308506665,4.048433965332356,0.8096290099865606,0.41165741984856313,40.416021841654505,88.98723029244672,68.51292889708164,3,KL-3
102.46508351340444,41.910775693235,-0.3633521659040181,2.916737951196529,745.2115591642975,56.86726420505336,51.38132549353434,62.35068075678644,0.42267269709525807,0.15339026483465087,0.8438359047301144,5.597301768097813,0.37485455796098843,0.08642171492139629,3.672208647110223,1.7709695554186955,0.3923240225218783,27.58165898028291,95.24391563557475,58.29876816559296,3,KL-3
129.63784229256217,45.58107540304878,0.17927888285009216,3.6968672977027643,789.5627963548443,49.20240472001956,54.26834717872908,78.27687579669387,0.48875564906206587,0.193118407105388,0.7328204988552216,6.562107346457332,0.47446557159501124,0.084203675174015,2.3304130452140703,0.5670355013262774,0.3259797552778674,38.063339016295835,110.90675806495,61.497720374250775,3,KL-3
120.50279989713594,48.34834713145853,0.5553688474084661,2.9782889302165856,861.2099117046174,72.34624022057477,50.18826685704509,62.13103153254436,0.5677061120459742,0.32634558786464335,0.751261837909256,5.932763290784197,0.3361865182840575,0.07886629306098568,3.0050258164992583,3.7610090104211777,0.4456778592096327,29.893145450765715,98.42138066486825,73.61112443310785,3,KL-3
122.64642157981383,40.9655384269045,0.697814172781951,3.1451966094729498,517.3063656728356,62.883014172972786,38.486198766134414,41.54097812524252,0.5971680604399536,0.2497000396929542,0.8377328022463343,5.986668898501944,0.414855779149498,0.147019697237046,3.5681772522803676,0.9133162901355967,0.23672761712173926,25.34597897723778,94.28386240760098,64.03138546510459,3,KL-3
125.94901942279586,41.426623143904074,0.0881577011912914,3.8628333021643244,699.0219277985321,60.671757957198935,63.8451076772451,67.70471098413525,0.48516829188075433,0.2722296910810903,0.8648073689158378,5.436235837015227,0.44935132213043266,0.1254030205002879,2.8146659195927803,1.7427003158511627,0.3852374009763592,33.545341949645014,104.00769750736453,74.83799137642455,3,KL-3
108.88901757383887,46.60193960857338,0.5993314747943537,3.8127741862737246,534.6212961126242,64.28865005608749,48.46208227754019,38.97368185156939,0.5182389949017085,0.1554572074482386,0.7117656982454855,7.135817927306059,0.3210597493479174,0.14243462319450712,4.592732873052679,0.5126798781783519,0.2895381194779549,29.044715715335354,85.10413064148119,66.27194298680712,3,KL-3
117.4495488748528,44.87898779357596,0.20390716390755914,3.2913822539373117,529.5293578758202,58.20687337448382,66.13930030389814,47.56734916961111,0.41519198031650717,0.2643986714722307,0.724814461513771,7.313533697777456,0.5296428462042732,0.14848019269382512,3.44272725819155,0.08453427854274453,0.3050885344275816,29.964494471683764,107.39713796361826,56.54927925703348,3,KL-3
116.28288226047138,36.467235678793685,-0.43756599289729226,3.409471505333866,693.0833326887176,66.54040708417564,47.87147486877334,54.40464165201716,0.6221698674406027,0.13982750725374718,0.7678106621788915,5.7098007107978255,0.4913347591488308,0.03450360607701057,2.922974196253485,0.38159539441712353,0.3830631411865909,31.72452967169884,102.18127348074539,76.8469222056904,3,KL-3
99.62262599631809,27.879023772371184,0.17176938540865214,2.4621148439123806,659.2946977755366,56.70497560228611,43.54346647874466,52.90748626675775,0.4742079551760507,0.10621071806395888,0.6664452985278742,6.713043190584548,0.45735019861802945,0.11530363926084229,2.7012338139983703,0.09460031853502993,0.31351539930547934,26.938935821256553,83.39946651229046,56.977391319584896,3,KL-3
117.22636414823556,39.94683162441771,-0.07256324984862046,4.74721144846456,787.4001774226382,56.26397968219347,59.841401240464634,58.45939034700458,0.4939227961494496,0.2686094376108521,0.7759522580104711,6.054093308131204,0.3767485896217539,0.08741464098305043,3.9315165528214218,1.264495168119501,0.2902240112430993,22.894318229398205,111.83746210879949,62.68569992911508,3,KL-3
131.06566044224502,28.418514924648925,0.5422923521910964,4.174965118302422,608.4588260486948,61.33182783032963,49.01186958077767,52.49518611762673,0.4549517542189419,0.31106671017806936,0.8342871757014991,6.901884796406553,0.42159481877114335,0.13850428933060047,2.986282837803626,1.7668601662706094,0.28538738815296594,30.74365192632831,94.11322377888014,65.90240734449485,3,KL-3
107.48800141734958,35.05389598336671,0.16472989585820527,4.146158440696885,633.9138276563586,68.86086037032739,47.334226345092894,48.12856803697193,0.5834399198731005,0.2097728354550499,0.7030681491882125,6.268116543200192,0.4645210084881511,0.08275586390272316,3.602954506975024,0.09140779931344167,0.16609234035911,35.81958851316918,115.06562771274086,75.54662896527365,3,KL-3
114.78853873111402,35.7542782567977,-0.3361652426225883,2.3489742264350277,675.3805114805822,68.34638892231446,33.996357943574054,83.50202893808928,0.5034675138466551,0.19220695908873248,0.7813553482487543,6.149881084383699,0.3688669216500093,0.0733755073090887,2.68408838587534,0.1896814674062334,0.38605628954205246,26.492043705441223,92.38818705139967,63.288121418478056,3,KL-3
115.60063374016283,37.58814613435924,-0.4248859243634237,3.148608006008571,546.5805378276252,60.99278078607996,52.60217805135828,56.86226544329725,0.5483747661930899,0.3276509193747822,0.7459114647502343,4.850365230190709,0.41597628843809914,0.061978624180406935,3.417118674914702,1.3292167357311673,0.24446959417609648,31.769811331328174,82.00684168587237,60.08626270023933,3,KL-3
108.23003174347095,45.92262886498125,0.16660801703421957,3.3573631768611016,563.2316185980883,60.3828948686144,41.06689617044091,38.23078816223123,0.5158166511983105,0.21331299785312352,0.8569972974376958,5.660697013286658,0.4705191924905491,0.09591975267063593,2.993468461269923,3.2106919138399785,0.4736727524527422,38.52753574274598,79.53956027975912,68.80138457248317,3,KL-3
122.65351856541537,47.226077244381564,-0.7930869885838823,2.08015080637279,783.9318398927064,61.81833928877189,41.52208790926026,60.668979523888915,0.4698672493427196,0.2210538765865644,0.7465104068933474,6.110260334787471,0.3502702499113475,0.13244835787584933,3.185763351914968,1.9777721990360657,0.3019909960148005,30.551175563630764,84.48107854320473,65.78827421418704,3,KL-3
102.29901553117519,44.05244431884324,-0.032266115931160334,4.336960076860869,584.1253950462669,64.13496730669277,41.09451154594828,51.503227303669355,0.5618574849039674,0.3266374335864201,0.8509496543874291,6.199333126351989,0.44162123555102273,0.11268501650583936,2.897231519768726,0.22121567338259604,0.42975518379567657,31.430471858979292,81.894460695644,63.76087520768671,3,KL-3
132.489682780439,44.79504185637083,0.2674121302971367,4.788107590838509,791.8971879739622,66.63985551530594,50.39033834695302,54.38038847248624,0.5151252955660305,0.20378491121830739,0.7451272464594385,5.4925831430313075,0.337261518518941,0.06892055204591568,3.9903757666849624,4.3703557908718125,0.18027751738538547,31.27606176800193,104.00666268350433,69.23188285190277,3,KL-3
121.89308342448368,44.93672273821188,-0.24780660162214327,5.274547964802891,722.8775096801953,54.3573273279692,30.6462372642431,73.52410977622982,0.4106216751322213,0.18575834343930803,0.8135587902667064,5.73561423566186,0.3778076622210673,0.16957977271085672,3.0803976149254044,4.9887079056652075,0.38351864169588784,27.5882778705347,88.40230906539698,57.871230276854945,3,KL-3
98.44847098990658,26.019020052674456,0.5725948627621319,2.7882929379858106,464.29627694132773,66.79449031869913,43.89154657274193,59.62210857457738,0.40836308929524956,0.27393049344822523,0.7875972809181349,6.3767235086254095,0.3997703697161953,0.12448615918474704,3.288925683048179,0.7859572628266819,0.4040844586009449,26.03322740783312,69.38172792925108,53.725275672274556,3,KL-3
137.9701452732938,41.061186092042696,0.6514026199002768,3.718858797467419,713.6454430205346,58.99396091257045,55.80278991109378,51.16884078538538,0.4994061383225307,0.18228863073725302,0.7680863666742849,5.4083946351333205,0.45067778063593894,0.12832230347273058,3.3179146315207535,1.9143181209843971,0.42928509074915466,26.053688153394628,91.30605179046026,84.60984085814606,3,KL-3
115.02152191892394,30.22124767297997,-0.2316803811007807,4.683254615320337,712.6975787712953,61.4574529799996,33.543311306599925,70.35504211948694,0.5600966321910102,0.21632390771266904,0.7354735715473011,6.166864861861769,0.3899605448746898,0.14355086482042972,4.342362072980177,1.3558360705700472,0.20275689817707088,32.84091598503637,90.25615651732343,68.33348874689261,3,KL-3
101.65578724147423,44.05483685402925,0.05578233032140532,3.422105216842437,700.7514330213543,67.30559457227196,47.72878960934585,78.79928996730902,0.6186536438805122,0.14585048389726804,0.7911547710658946,6.718976765744527,0.43127741956645754,0.055793532341226616,3.9091851524348398,5.695444312781522,0.2687825090330456,34.78936180966372,83.12670854597188,68.89344705569816,3,KL-3
129.06831787486786,28.44135111608182,0.5728772605285886,3.171409668925858,632.9747928340387,62.22649800072543,39.68600579729166,71.44246595167814,0.34532292339353576,0.23612382530259074,0.7529732368757543,6.29273481455591,0.3906385931095883,0.07765697584236352,3.8494084549667757,1.4215982588784573,0.3711207962204864,35.02541119218926,91.96110426381125,61.24408495458338,3,KL-3
119.92007279172037,39.9173687878958,0.17447698629796435,2.132185861164407,537.1919053529778,63.577964505222724,41.96306880534367,35.5573331401949,0.4895527879278977,0.22908584923218556,0.740511688759593,6.267743371582988,0.3984691613942424,0.12969034070772817,2.428268026184219,6.4360430653626235,0.33687535830752874,29.10728573122269,88.22068680245323,74.68159074795209,3,KL-3
85.92060443648943,44.28661865611752,-0.382791431239608,4.531097966217399,811.5455319335144,53.13465173374063,62.551522603899066,51.62012597123583,0.5266718129739997,0.28308121648338863,0.8486361370687859,5.089924275411118,0.48753307538930746,0.08067785015935569,2.9811645674384764,0.44464415395883794,0.34846877140510674,36.466542704653236,96.3551844085188,63.232117918833225,3,KL-3
104.61509524134219,34.293452310102126,0.11767157257425874,3.609591395141308,637.8104493532597,68.23649234999745,29.495108164549915,65.56938236763446,0.511153530799581,0.2764353921997038,0.8023765113746613,5.6890436117910514,0.36748859108788806,0.09674959583234854,4.088171229497349,0.8478797134000473,0.2961770715352534,32.53681909755213,95.64974726419865,45.210818497755724,3,KL-3
116.68646005832315,46.770295763079325,-0.16617132891833572,3.04152651282955,543.9912607597558,61.815493688609,53.656303381716164,62.068407136831816,0.5682461684026967,0.2580910805081749,0.8071819475953601,7.12710091679552,0.4629576986973592,0.102667780415061,2.67244151074701,3.0405224636957358,0.4490638892044552,31.353711108955096,93.12883427678887,62.96373327593095,3,KL-3
80.10649983536013,44.03973301971048,0.6182791585703542,3.852085831863088,704.896242330561,57.25852574272398,41.220717312227876,61.07269815272964,0.5399427181193202,0.24865534156686075,0.7554200740693868,5.800419041227034,0.4249468057262509,0.06667783834110247,3.4254081288730376,3.0613526863825857,0.533677235862385,14.303216686982076,73.16372915475922,65.2486953766044,3,KL-3
113.7760512808109,43.28494817502746,0.41737283772983547,3.747404298542932,560.8664035120091,65.05859509514482,40.72336014854333,53.206919685909995,0.4086599853135728,0.2206047531748595,0.7657010826458347,6.732238104773534,0.39622231555460047,0.0941754845359908,2.7358430974435266,2.6349047809125232,0.3333183939207271,26.912951941968085,114.17820073770774,66.1393311653239,3,KL-3
114.8696905905789,45.188009525063194,0.04949722189374879,3.759607281883673,536.1096766057855,76.952643982084,34.88437657511733,48.13299100307072,0.4063166649047415,0.26157335813974814,0.7625711666324443,5.794579555321858,0.36412385837949407,0.13243509652055496,2.7960556467543562,3.9266828957696793,0.3612736996404201,23.394510488813623,70.07817156001227,65.90790669804335,3,KL-3
94.74762176436266,38.844799473400066,0.2318592050120162,3.4513215501386596,604.9432865357073,46.89860398542452,53.53899637273636,89.09338061375624,0.512496388492138,0.15826006957986075,0.7918619456250487,5.961089749245268,0.36768818464504543,0.12688361669453524,4.383471391718523,2.4249925384283784,0.32949949964982533,34.13536753532055,87.20548987821891,62.34068306418978,3,KL-3
116.55967329389945,41.91151318254085,-0.3482486307889946,4.922886527010692,570.1522682818311,49.820139016613744,44.085953837159835,65.32533143766695,0.566740433953802,0.08406203568874145,0.8070901725921252,6.3577934226767585,0.38806774876210265,0.13839043985902405,3.806562384945833,2.0216707041853144,0.4277242719237949,31.475166659650164,75.61679978381437,61.567831522373055,3,KL-3
112.6119575868755,41.060309433405195,-0.12651098342304465,3.518072213390062,540.5309297618511,77.73244247068708,42.82330586205348,72.70546146640902,0.4989734042362156,0.29471506027277355,0.7734874314844213,6.150346507997004,0.4174972796389429,0.1352962762137239,3.964884136676752,1.2283948035020882,0.39132930274054484,25.640068068074456,93.5060579399215,65.11617066566376,3,KL-3
94.63058841172479,40.92470633230313,0.7963116750769972,4.920457661058644,746.7694114714111,59.66355873843499,47.09836929204074,65.07501408300571,0.3612653544345378,0.2654496277348748,0.7353677502909678,6.290756225500539,0.4551754818078201,0.11717621777107752,3.8452448880982675,1.2587969799978556,0.23968955434905245,32.52181279233831,90.4108686976877,54.33619130371268,3,KL-3
126.29340820294237,36.96781354011754,0.1964058610318669,4.076293541120158,636.340662264512,57.776957429052544,44.297128742582,65.55618438365588,0.4037262867746982,0.2173808139432051,0.8130285228513273,5.690804872636506,0.40998803700388187,0.11480035494929097,3.2914269826622986,1.04229574133033,0.27598383916042835,23.882538168968264,86.72480698455749,51.83922964951566,3,KL-3
125.06780692151708,33.54480731166377,0.5470343219165461,3.905936114209385,800.273593461907,55.32691406670268,25.993121202464756,64.25475920228855,0.5428212684692264,0.2894735165067591,0.7766701934104168,5.531864905265621,0.41333445740588903,0.11259992280319853,2.9600419752576617,1.9362830985808464,0.244256256559529,25.78118450866208,106.96327340725423,68.2844439193571,3,KL-3
108.15394369721459,38.97884990426315,0.2678052353632113,3.5343801973774758,547.4588626724077,65.91748800777152,41.09175817022641,51.55464969110682,0.4596083927266294,0.18111015498320834,0.7029581810614509,5.657064192804749,0.42080048883388477,0.08618858498238118,3.133745844349504,1.0439886214450014,0.5405857865756408,27.448893345675298,102.05195100612539,68.41787899411993,3,KL-3
109.52128014912265,38.6483125568344,0.7007127372118097,4.404165354836737,442.69267548363973,77.1399784704823,54.95440890948324,46.82612650358903,0.496936584256263,0.18267044807501095,0.6682352624960155,5.833840929268816,0.44883888457193644,0.07410165828838158,3.259904127367952,0.3191508003071322,0.37582494268656547,33.700681609224326,84.82461588290163,74.53520464043197,3,KL-3
123.39395906393018,36.579614074898664,-0.624535013039688,3.715393414062396,667.8524419099299,50.928491674133234,30.933835358876916,69.63470448493985,0.5727334431321406,0.17435173657834996,0.7898948587730236,5.985359308971294,0.4572401409598255,0.084312079616403,4.44077164159675,0.22528418244072287,0.27734510191121736,37.997208396019516,98.39961570299505,65.45547751703383,3,KL-3
109.49005285332291,46.11232269086015,0.0997129663923974,2.8792950279091745,872.7174706167699,55.47498618248533,35.10062100143645,67.25410888725399,0.3913232761904036,0.25905731850695307,0.7335263100561147,6.61863769031991,0.3556517262214076,0.09521912050327593,2.573186141382282,5.166510949639998,0.2709558367500127,28.069957758280324,107.52616309406145,57.95098229513977,3,KL-3
83.53637699219769,33.966760292866326,0.8329126584865557,2.8526062472015714,713.7184195234403,53.444182971457074,41.73208604601474,76.25937078151648,0.45436058752784364,0.13002251536711482,0.7965531064698226,6.143670728012523,0.4108962645128344,0.08532522165771671,3.0428031308287236,0.05010011338446758,0.38941850183735277,37.612293208041386,101.96614047451556,51.98282547841627,3,KL-3
119.8040483609989,39.97094504665255,0.5574693742242577,3.9629876975474176,1035.8449035455399,62.112919814554225,38.74376581362858,73.82432991970431,0.4456701749300845,0.1789823035930775,0.7362190845568032,6.342298551254292,0.4863702008673961,0.11741495215451746,2.8272219802167706,0.2229075545367936,0.39739361197273065,31.2370177530573,87.11537697438995,60.37843139234507,3,KL-3
100.30111018892238,47.99803826936751,0.7051489035160765,2.899096891866803,689.8470945138906,66.02914750120459,45.72114517858392,55.29785368700395,0.5159322029222293,0.2423829013941681,0.7816592886247503,6.170800506290066,0.3591940023140023,0.11105685648192752,4.008973918512288,1.1786732797099537,0.3888486170467528,32.18069080462612,69.6663891828458,70.88015795246015,3,KL-3
106.6523541837361,46.45477611559731,0.17229416253740365,3.5752151544220006,678.2662653545709,69.21746228266494,35.069232483212595,78.59109570706246,0.5493310542617593,0.15275093544464333,0.7560799236018954,5.542282873235612,0.4287156445224479,0.11427970496160653,4.4872729556034585,0.6101346937821929,0.2909554113080224,30.68097721136278,92.64577485903833,79.03159122727138,3,KL-3
134.36805851927213,48.2977633105837,-0.0398425661653534,4.470747630840873,391.3564794730499,62.38374626096224,42.12145476190627,74.18032634185421,0.36907860344809745,0.18538137566032886,0.8625960405136651,6.108634763002824,0.41645779981016096,0.11554224197747338,3.5602718158958373,1.0412432310806523,0.34946749155313417,30.013431233069674,96.77332402472788,67.93268330217211,3,KL-3
110.49032288986803,37.45531653575464,-0.23586578387517138,3.868176142315467,701.3536928706234,76.40466232994893,45.52005468400666,73.29009883828802,0.48705709126669844,0.09230594537312618,0.8225157828909321,6.165391055095768,0.3966662205031694,0.14086991813353597,3.6096095009061506,0.24987373539183538,0.3338732078106707,33.196500183694624,79.51459719659775,57.79128087731111,3,KL-3
112.5260240381081,45.70572875436624,-0.26377123666460417,3.0472921037370018,670.240131202315,51.6519761343407,52.48940416207971,91.9919215037457,0.5570463283236969,0.26134839896409223,0.8423648450093915,6.479961610670653,0.5045391325521679,0.10474281322838698,3.4297925538251612,0.2806101344304722,0.2500991702049258,34.701605930910226,89.0205432046965,60.46063517995944,3,KL-3
120.14500913195396,34.62217761813121,0.49782422488340766,4.752990009292912,601.1094562154556,49.573675580538364,58.44789386099596,89.52750515009825,0.33911708388313316,0.18372988839946325,0.7762023884559532,5.565705965178267,0.4268417904433937,0.13525108301503833,3.637487393568675,3.2254657570063023,0.2508804925699182,26.576943481820734,87.75534629480771,60.71035260748546,3,KL-3
120.08000915811049,39.344756265100756,0.3802844201683408,4.063300189595761,633.5865359529116,68.00475434652967,43.3845284614656,73.27896519865863,0.48234860468483143,0.15904312499153073,0.816118046955744,5.07979456742582,0.5005572535972157,0.12049756073937501,3.838893097414576,2.846819335310441,0.3579572035634508,30.05349765215247,105.40252762966291,64.25209118748151,3,KL-3
98.71203348933325,39.90946513531884,0.14837062026785597,4.439234389763271,641.8279310789385,57.232658556770694,64.88060241245826,71.78236647005036,0.3902372447373418,0.14729863644248548,0.779582503880057,6.188131907585248,0.42528136026222046,0.13888900609905255,3.630384307732093,0.2201942440964049,0.3407160864834926,39.34637548611632,110.99579410708107,76.46716339995896,3,KL-3
111.59552226698439,37.54495872681194,0.37827626194067226,1.8109533254325578,628.4085016481523,45.24247741267775,44.16095419455476,77.97986218123617,0.43617464771603737,0.199907189267694,0.8484795683716863,6.27692500079419,0.4480127944658866,0.15343889503159716,3.674300596966977,2.2039784576293573,0.36926813686737686,31.885943271592616,102.85257364360842,77.09127560125425,3,KL-3
113.04228791888741,38.82911607149285,0.23198070362082432,3.889682302610197,900.7657955751154,53.721496226900406,54.28875148256531,57.992554763955546,0.2870972328414782,0.13019066478651362,0.7713718967371862,6.010307596841476,0.39613892455365096,0.1222994873993721,3.840248618096325,1.87968851913311,0.3882818430954974,32.43346927214574,87.72333180188667,66.1219528418009,3,KL-3
116.58040344943241,38.03974443501588,0.5598870805597933,4.2987262691039145,605.4965566633989,58.29526923277819,65.31507734726779,58.162048908907394,0.5989187295004021,0.34154278062892,0.7051255329819602,6.114010450363395,0.3966953162351123,0.10811304749015996,2.3080331392469597,2.499075409271747,0.4449506097998023,36.836342694837136,102.5225949633738,68.96456088090878,3,KL-3
116.8383291137493,35.10563713338983,0.5560747019632679,4.985230913838394,670.3176468624629,51.08001409674116,47.39308409235935,73.08105688510295,0.459033669807719,0.08191532296986084,0.675068923737303,6.5393861892914025,0.445467376512443,0.10791923452329924,3.3762053580874354,1.2866157227017943,0.2629276491107162,28.49377750357669,96.53545846996323,61.11953685701228,3,KL-3
151.31161843166186,46.13848103603475,-0.251349640193937,2.453945132679167,601.5318699936552,48.13271450324329,32.264733784224646,54.72228693046913,0.42292465087712683,0.19796285101281058,0.8584155559782256,5.8705972117362455,0.44638487288167955,0.09089501761314485,3.5581254252507106,0.6293854010555224,0.3754188958980305,30.830196890493742,87.85120508341912,53.82073244517035,3,KL-3
94.86210344119132,39.905299982754386,0.28445839498791603,4.589891671355626,744.0117423972656,54.588966907792994,46.90903857207631,72.11323382627906,0.513761363636572,0.23141441575747526,0.7989252237075429,5.96067957892071,0.4548993533295927,0.08988683560271832,3.6246889083115748,2.179379442991203,0.38493590532229477,35.0842244829929,113.8586834680396,81.80670682770196,3,KL-3
127.20137430296934,42.208619263503714,-0.4925467000776329,4.940504228560996,671.2116439966649,47.73373263710631,39.88357111795089,66.88198599843427,0.40411518138502006,0.1784772597518067,0.802212842502087,6.139518222306916,0.4438339143477288,0.13206351489934606,3.272468242929628,0.9283848589174335,0.3000295669979644,37.19451115639171,79.89377872140999,48.92010359525169,3,KL-3
130.25063708749587,41.98266122715713,0.22820829523623848,2.0111688181768166,616.4107312195422,61.331048311841855,43.25567973027548,54.72571874489458,0.39652043768949646,0.2377279042375869,0.849482392114579,5.490092660415328,0.35817895364979574,0.07608989122657332,3.4714508998782914,0.4942396499168592,0.33474905468554145,19.174283532472934,95.9969077073145,52.81327745868358,3,KL-3
119.89175960885291,41.328358550660134,0.4167217118806341,4.007872887895794,418.88384649113806,40.69956122485723,65.84976882495215,65.31039812345959,0.6083263335850981,0.1770239055032303,0.6924132528137021,6.024051387476122,0.3846815661643792,0.15344317906686677,2.9430561571915397,1.0506234643010208,0.30207531546431404,27.316656045523132,98.82472774664708,81.87124684127717,3,KL-3
102.74526907690388,41.55682727633857,-0.35048773791726434,4.119096651472562,679.1969870346501,56.97339942372338,33.772365767761244,80.660979105661,0.6321930422661439,0.31680566782038894,0.7570699392384095,6.068128341332897,0.4674971443074347,0.1004483024128794,2.310093158581362,2.8816686666466187,0.49368723066857395,26.008173468253627,85.3000139257152,67.63292323736357,3,KL-3
137.4700204540144,39.16749667981387,0.008414905815667109,3.363393869878475,612.8508471704299,60.40607910486642,49.00466822305859,65.98844540784604,0.4401349062174014,0.15786737915341337,0.7631965085192483,6.918521107160137,0.3270767317298331,0.19086233679368442,3.964882260783394,1.2917380188424792,0.33338821523528844,30.38087448303976,95.4596582545521,58.49268074329566,3,KL-3
79.62025702889703,49.510381211089175,0.1788105508879209,3.232924431946968,642.7111211735479,55.52567008201299,37.222787196782754,66.03857177141572,0.5728883767932943,0.08392656351910083,0.8121137616603507,5.950942171185769,0.43963036207528017,0.08420653719511148,2.694377038008298,0.7129621067118015,0.3611204086969114,26.38663611703266,100.09596700265374,72.96162904871449,3,KL-3
102.25099954173261,45.564468569812156,0.2685659665493557,4.159283130630258,508.10504633056,64.99578317656699,42.923420587990854,68.94782334685516,0.5159832355190469,0.1470900089728007,0.7403679887449558,6.2000056199722335,0.4194059950465409,0.11250566759941004,3.278727682131743,3.566019101208357,0.30388125624662304,34.32052749754954,91.68561304633496,73.68442644836783,3,KL-3
130.07523295834216,41.11029219662612,0.06355851871006611,3.1330145972714942,821.9938607264235,45.285510126366916,53.448423352044834,70.51026227469931,0.374393496663172,0.24818968648882272,0.7149313128242604,6.559308802694871,0.467479093373618,0.09444452189254743,2.9255222202587965,4.268112357454259,0.2866292346999368,31.862051705244507,94.41994676011338,56.83851483881804,3,KL-3
106.94832594866223,38.31767338420362,-0.2939152609618688,3.451200537265522,752.8091811012647,50.641283988991084,49.18163943473023,61.029914407025686,0.41324944849201717,0.21792453722706812,0.7144825674501446,5.681257637344785,0.4458310593035377,0.08120747725370185,4.327205567925647,1.1356754746379014,0.22083978706386578,35.44595084677082,90.01517347538825,63.2372369882434,3,KL-3
136.44696787200277,40.28707494362552,0.15339711923229668,4.274947920659137,821.6847197168759,53.60972282999288,43.74967731038411,69.20313257560457,0.6115879839357549,0.270127974478927,0.8324709038136009,6.787870193438083,0.3918009860145769,0.13691401052636154,3.327213171294771,0.9390091739021788,0.4129894899780266,35.76503978686784,98.32024133832053,74.50996690964577,3,KL-3
89.822928829824,43.505729098230475,-0.48589742677639125,5.028234440261492,787.6375160937145,61.951796555274456,39.50199674735372,52.41115568491119,0.37335639737406584,0.255104677002658,0.7378733953098441,6.981935116028638,0.3895324980849168,0.07183337416806582,3.1887261222707606,1.897105947382951,0.386474999791728,34.395430092079245,86.00225596967434,60.96475402903607,3,KL-3
95.81847159077988,49.99964055521787,0.08194342532714202,4.0553874180336145,721.0780762552954,57.998060688368966,49.16078192153614,55.41114731799334,0.6699799470459887,0.18682317901648773,0.7473991257839093,6.085551856175662,0.398860826350154,0.08471776479077296,3.8237195212355894,0.11944575489331406,0.30091228444481716,29.321047244449876,85.00842659928574,69.75730990891066,3,KL-3
104.52542744809537,32.761714732009736,-0.0015494454787718923,3.731787596331609,512.9260989528269,73.39692786193935,63.076867171533706,56.946210703092525,0.44179102592705766,0.19565499037226716,0.8067249075363951,5.830286969270309,0.4540031523685314,0.12258959126744731,4.6688845005649116,2.350920752845452,0.25297040775488455,31.521387693783115,88.99672184618981,78.89849749093018,3,KL-3
118.76098916304794,44.958648551850665,0.12129373062423168,3.2118820122713836,871.206459688623,49.80371282420886,36.986480573763764,70.6371522756093,0.6139651925034586,0.20188027346080642,0.740052729588255,6.913559712195194,0.3098893160222378,0.12734882432848213,3.618413716234853,3.0491607558890927,0.3393926821136114,28.695630473400993,102.95402649037972,48.360121347671054,3,KL-3
109.16969774429965,47.760341820671805,-0.048728790990273184,2.816519967479155,538.6837818934987,45.09008881135479,65.11663885457773,66.92279393067533,0.463054896428573,0.33806076500979915,0.6897525788622179,6.497815436384074,0.4328689722178531,0.06324343736317437,3.148548323020899,1.0131424639340734,0.28518425549624243,24.176323430151047,67.7816422159482,64.7700134453699,3,KL-3
105.14401121156368,32.07968918056861,-0.4280723352624802,4.512662593200759,617.7910851110046,70.56271186346449,57.99497450725151,63.38768507307256,0.551492287320092,0.26644933888124217,0.695914941313755,6.140984602331918,0.38084827063863164,0.12245030655646122,3.792956388812814,0.38381272933550314,0.30723659450943025,35.76893923543857,77.8375681994702,69.5930879885399,3,KL-3
133.80594646647785,39.913094739612355,0.028462671764195126,3.5022401190984924,734.8282736752304,44.803131328540935,59.69353367577767,73.28923987502344,0.5991026512096551,0.3385012139507103,0.772159630164227,6.813421909807851,0.43454176489036284,0.10886699740249016,2.4313925588510608,0.05848355778769212,0.22391520443176924,30.579676863653514,116.05924057942529,53.16360491245273,3,KL-3
135.20167463083726,34.61289216150177,0.5473280500149276,4.545562619733383,740.7848944624885,61.71450169119236,49.084323809296016,69.54634499290803,0.5986963054144807,0.2754467623405088,0.799866421518261,6.760496094274659,0.4422248893251684,0.0774682992641541,3.4028575560386383,2.0280585126233626,0.34236556645184235,23.486940179376937,92.0522610012916,63.26310887798025,3,KL-3
106.28430351438666,43.583177670062206,0.6795843215955218,3.361358497603631,718.668407233347,48.42063966382425,57.71129775509895,61.52027864020554,0.44075075753656234,0.2211849963047069,0.7648877378074789,5.931871523020888,0.34188367085356564,0.08133355393993337,4.571374592973847,0.6266655992434983,0.3439602561590999,33.684747855438005,83.86556743644758,75.8559891531345,3,KL-3
86.85348289005506,38.849894405866685,1.1507337114877065,3.105569070911191,601.9653822405093,39.69545319321851,35.91168717549374,52.57722988616226,0.4189089520080699,0.16383831078086009,0.7965221351904533,6.224364926649574,0.4136566786499684,0.04399645716154798,3.469648438011463,1.2468302898970276,0.4125778307391747,29.88025541188626,98.28822202585945,61.865478810048884,3,KL-3
80.1377425621893,40.21916559871925,0.8516601633590656,3.961639111062013,577.168204717343,53.251729649494145,39.319560921514885,55.163494385278966,0.48100303921990917,0.23709118026892462,0.6943581236996181,6.388396243962978,0.4327785178400123,0.15652333283392733,3.439666593694589,0.9766790880717253,0.31294067450939145,20.700980136895605,79.32967599757569,55.62538851291393,3,KL-3
116.08935172170534,38.53366515632916,-0.3037751706672417,3.56377124858528,954.1439082327364,63.44599969981728,53.65813813920392,47.3982864152853,0.38346163031728175,0.22134784966702614,0.6977348229515945,6.1143650149439255,0.4293975047637574,0.1354626124493102,3.3873819242145036,0.3844645222411772,0.2983150018236931,24.131353637676607,63.516533053660154,76.54665458529809,3,KL-3
122.33933433328195,45.32098059660961,0.011624959490936162,2.66057711631141,645.28232738002,46.47583129221541,48.95845055223816,66.6868346018099,0.5066411340488447,0.21938116287970713,0.887696795814712,5.40456470454786,0.41888995234420173,0.06632564969465343,3.1377142317442805,1.4200523390292565,0.20045913071062194,27.49694420669452,93.00759937296867,71.05601354824346,3,KL-3
113.44496678367818,42.37419776358883,0.1658857460648892,5.078894663825478,630.5874338433397,60.85875782515865,44.51620741502231,54.654334610555935,0.42183626781779876,0.21245405538604498,0.8366392136068339,5.6308702481508766,0.3639556240092994,0.12896723018375386,3.563694403418922,1.2308673738438372,0.4130768758690103,32.05256029221943,79.98059399146206,66.94914966796303,3,KL-3
111.43637839378863,42.385560584237936,0.1407760663065201,3.12341298098269,564.3732210873496,62.35290848949161,20.97391109392578,59.05612421619355,0.5741167818834333,0.10185223754542665,0.8134485945949258,5.420868607269886,0.3715685984676729,0.08777932968151,3.840163806996182,1.9571176534016315,0.3964258493245567,34.9400999252528,89.96667733755879,66.71286538313582,3,KL-3
100.43186077958876,41.963730950488724,0.20281333195849036,4.367073216939371,679.360441888515,46.076478867845566,41.645259519618286,63.468911832453635,0.44189100670254894,0.3006503889920793,0.742013766463278,6.346462151512002,0.35609763386230747,0.13244431609049098,3.175907968505535,0.580397124394898,0.3272990753125441,34.76884465348778,92.70280947806162,75.72625976883953,3,KL-3
122.32469690870758,44.434945282712825,1.1380365686190235,4.298485303517185,673.7627360693685,54.427909690301036,34.25946219701734,77.52794229596823,0.34811928244159834,0.22197279064696093,0.7630996904634774,5.507823841438127,0.4527022785419877,0.09011779292522752,1.8805489570195075,0.4832237919491924,0.21866151563757016,34.01431477465151,90.45539403478932,69.85622660007384,3,KL-3
137.67278068348364,39.42816887086206,-0.25782061831695896,2.6174297880685145,648.0528549554846,68.86659857861731,50.935343113115024,76.14548717980183,0.5995731820935437,0.14014481303828147,0.77491613414332,6.196209035408715,0.4192214579096699,0.09409937714676124,3.6543705031672524,3.3677309763809253,0.22783783751294862,30.828188141540103,68.2420550546562,72.66489717014834,3,KL-3
79.24683483996667,51.20464872524556,-0.11041245448571953,2.823089884306812,695.8071976145463,61.454740959709945,44.088314714327645,64.34349834495231,0.5021694402665491,0.2539057625444187,0.8407173056858261,7.015951913137578,0.4224123380353643,0.09634958196727006,4.654875645912062,2.4226142359669054,0.2812315256988568,39.611161552991085,89.0653701110489,61.95946884154332,3,KL-3
111.33748216818427,33.591231492688884,0.8325303720356371,3.3837925282398977,861.6245002930824,54.15806028339183,39.71699455833495,80.18604187280359,0.48983079123360584,0.1736498298836083,0.7951391383222545,6.813885092456073,0.3397253278077553,0.08527933975016061,3.149243155166322,2.9586311002131467,0.402218056709333,34.499356219999434,94.08522329637289,52.161159929546045,3,KL-3
97.944774758796,30.644489310982106,-0.0713925372339409,2.9324827643373466,578.5936752450922,59.57236385003136,72.42910482624305,40.85181788814967,0.5750515827956968,0.25872843737824697,0.8012956900643899,5.18129167653301,0.42331986013693973,0.14697814125699912,2.492301970346038,0.2631575986495574,0.34822701081933094,32.11052684621145,71.94928884130906,72.47530960166763,3,KL-3
90.14301008919223,30.14791658834856,0.3324322601342863,5.006165097502951,655.1700490642544,50.767893532236414,56.38174476694235,87.52664659719815,0.5572261201838525,0.2778993876307476,0.7666172532441249,5.460649264614497,0.45668185359913416,0.13195580979244437,3.7814477908394877,0.507307693731024,0.20553142488945791,33.832940528651804,70.51991729384159,76.30742337332946,3,KL-3
95.55036193823376,28.522471284245384,0.5888629479472834,3.464859490561191,572.2581856939333,65.1595654270802,56.5587214135606,73.30999657165502,0.42655171647916595,0.28617818944015905,0.8146332533420041,5.7117417879100705,0.33290802127128605,0.10829845614999838,4.421299358510402,1.7138350382100136,0.3573369531680176,29.004824984221983,75.92170496974724,65.70350425862013,3,KL-3
118.19509283526607,45.03901888892151,0.36959960669281183,4.336799234251255,685.3638032990754,65.15608051681711,68.02215144682174,66.23363942023916,0.45151747151790717,0.21534499640071075,0.7901161373715636,5.515488155390316,0.39822968706275147,0.1357370449195743,3.6926241418291412,3.8926393220084865,0.25786827366633136,30.71378199482523,97.71117686512284,74.60205267034812,3,KL-3
118.5744329638675,44.308206195695846,0.2517062532409969,4.0359099112001635,581.7836598350697,57.217247320688436,54.02191782683109,54.303683830975245,0.39846357999525295,0.20017333631888895,0.777201136637284,5.273092811339133,0.3464825434227597,0.05618784854263622,4.409820032499907,4.453372252957435,0.2832230218790283,20.59022980224219,64.77021104214916,64.81829765458467,3,KL-3
134.404316417622,48.24665895065357,0.5504443078775937,3.8362179591970826,586.9468410278972,58.09564925166155,38.29045990527134,59.74319160643443,0.37034383559001477,0.18746769838411978,0.7378457913906864,6.09457983013738,0.4039858962635056,0.06814623664346903,3.8512011273754276,3.5665110083682077,0.4027390410017364,29.066261687611988,98.70728621373225,66.77440670945222,3,KL-3
112.63172320718192,34.66017071176687,-0.1822274226019882,3.6572569685916703,474.8571951133249,48.25962499995462,37.121036483082634,72.3122107469365,0.5337874027932311,0.18164663469237016,0.7693214128949183,6.4525502747082815,0.37995040512145384,0.11923664287073887,3.7991105914066154,0.08873560127709193,0.3862403267024665,39.79944007883387,93.45466897948276,81.51943030709818,3,KL-3
86.12667555195632,45.47276872847301,-0.023545251798400547,4.614704566230958,661.7353739383609,45.43370858345737,55.64902758754235,72.58495260237697,0.5188747448033345,0.22396619614734495,0.7210233648110022,6.577017019361444,0.44404544168208016,0.12706609667423666,3.0641995903547325,3.439389509515276,0.4124479906260338,31.74187638643548,85.65997659361703,65.16783957034855,3,KL-3
108.92745686436042,41.340944372895834,0.38925503538606543,2.964925621331987,701.5723546285973,53.23716204846775,25.406457202248234,73.02072044708945,0.5483663369218014,0.2124394162564956,0.7729930497006522,5.862761914628095,0.4334619781713196,0.11338222638767254,3.54624413445193,4.587075835192987,0.323149318473263,31.533698886808057,70.98244405119505,64.69544485957285,3,KL-3
91.70431391676324,41.99951899493516,-0.6527757036857005,5.00606824836527,873.2571623830754,55.55078632247057,45.22220368990434,56.25803918760248,0.5900284353196754,0.17548177105067,0.7794455678982449,5.9640481498422036,0.4895752202817022,0.04851915974765044,3.357317425969334,0.11684591110096502,0.3956419646292949,35.993020475746405,79.19238946130538,52.54016381434148,3,KL-3
94.39806170366992,44.753737372097646,0.7416335293378771,2.595221455596724,706.3402977427814,64.75101997910392,24.288756224435517,53.841827443817486,0.5494579835940538,0.1563729147718257,0.6547740807696842,6.277838622562378,0.4222961075349753,0.07312996426986756,3.336758567660009,1.076670788715874,0.27810909889895535,32.78912707811189,98.13284862412762,73.02058527984794,3,KL-3
121.20838587609742,36.46230949362534,0.29635695007911245,4.250209380497939,596.0379052043216,63.629422004946484,46.98843508389506,67.34246293223008,0.5565767581044206,0.21847463446448503,0.7634830230449747,6.045757219080425,0.44192439010521367,0.11749775599512505,3.2226809232293596,1.538373889046233,0.30439472523157646,27.067580978717025,103.83070242212032,61.821269076365546,3,KL-3
115.4127135839163,56.523494812426925,0.23621270111246007,2.500868912048174,486.8385094776692,57.728663106872744,54.54070250711953,74.23824749325767,0.321263099346229,0.19894814292337015,0.7162059897697702,6.505303388047901,0.3971146259175761,0.17779416867723802,3.5103680804751325,0.5298861429648183,0.2988965420476167,31.118287560951618,76.37364618830483,68.67780008810153,3,KL-3
121.31348393152996,48.99128182565212,-0.47720515105642297,3.372435558218432,503.4455593201426,65.77431187498229,48.79415534603632,65.0382181940583,0.4629411806460005,0.15651798160308805,0.7999319662758346,6.315182431417257,0.36984676743857103,0.14153737995175283,2.597193009517964,1.4541760427201535,0.3269092014579595,25.323904376607427,102.45236212340535,64.97968730053826,3,KL-3
107.13760729092408,37.809764276027835,-0.3396436501598953,3.6996479504487736,494.5245992633633,48.70211056948477,55.381093589705976,82.77781096262201,0.5646661195735989,0.2748342608052844,0.8068579871775496,5.911847788242985,0.46673812173450435,0.15231912895412317,3.862031039568945,4.3423381617386765,0.2220807130950337,31.91806085310142,96.98050279249755,63.933658276064456,3,KL-3
124.35794345138034,34.455571653659916,0.015566534279655288,3.235643720936389,875.3650442539257,64.86869509822697,65.64826941659915,65.39764954628134,0.39404330110358265,0.3313255650495149,0.753683009116734,5.171681844173278,0.487162752677354,0.11519176266570896,2.848352824331882,4.033947922106517,0.306999607750131,26.811250237980296,88.66795362682258,66.55816408110685,3,KL-3
106.29895652564834,40.47257502917185,0.4979719401182396,3.479664344306487,684.5372596311644,49.92657028520426,44.564615627379915,64.99149627400416,0.4948337106270211,0.28275529283905343,0.8024511043560957,6.849515802740997,0.46028278496191266,0.11497472942368131,3.2248372649971753,5.621404816995985,0.4411325841214991,35.64147306016872,79.89573844431517,67.17318128352474,3,KL-3
129.25024249113372,42.09355066149225,-0.6556464048794342,2.515423641655365,580.0440536885728,66.16755624051395,74.0765078327888,73.04671989431203,0.5290571552490805,0.18178871929943732,0.804553346816753,5.756958855277839,0.4315614061564766,0.07399543598231771,3.573335935821099,1.3237226474587733,0.23759774705508524,28.44879689114336,81.77331974464012,76.9086324770818,3,KL-3
117.66958409207314,47.39369155824986,0.49034592031094254,2.835039625021159,534.8168473816083,56.14322828184015,48.12669956170155,79.63076165110446,0.5229282795070789,0.2219862189246038,0.7635142080294115,6.278779322865129,0.3762953222757362,0.1335546615915485,2.818635948962693,1.0571882565860362,0.21865429744679737,26.876480454327275,110.6250713938516,79.66169485354064,3,KL-3
109.39504694273074,33.98767453059004,0.030987470356653304,4.023611765756706,547.2670591527294,40.2637065876981,55.49165062690359,48.80893688234546,0.517003704636664,0.3174257371012476,0.8517143487651828,5.1417041656404505,0.4820814086713473,0.10280454892376992,2.1951221626168484,2.1919584306945588,0.2251049337870217,30.435840058442608,90.8913017705567,72.7057208195327,3,KL-3
115.68139566264145,42.712921659195,0.08563061090333912,3.648737459981956,576.8840726592346,62.091257312251535,39.889372854349325,51.583859503572825,0.535413017523646,0.1545780214333504,0.7387462531496748,6.094341708307097,0.4539754657818506,0.12578197126391158,3.1451719933814957,1.0783150077323946,0.5379487555259712,32.82695909564857,104.70842010413091,77.67244730776684,3,KL-3
112.23208948537624,31.825909853511266,0.2764371766763227,3.0725775793427945,807.9506259506182,62.726366076006244,62.193139796306816,61.24086274707154,0.5019595115942576,0.2719557076011135,0.8485682851626583,6.150130980431099,0.5262439304664723,0.10592059058642804,2.51634150444978,0.08569933939809644,0.36218815846963015,24.96334001580079,91.6486957994577,74.33317976597372,3,KL-3
136.44159772969385,43.618145560466715,0.28272689513856464,4.684422210503737,646.4067863530701,52.59735956409134,56.41710198542629,102.90730141506396,0.3704657434087189,0.1381150075113606,0.7637400285408397,6.174301036273831,0.36727880248800465,0.11337355274252219,3.802386559602282,2.545370374381677,0.30337876925268936,28.393667013382068,83.3176248929028,71.45691281548656,3,KL-3
116.18156433868184,40.3549746772517,-0.10997143597463886,2.6490552800078273,476.3040299271261,53.27992337284787,60.71451302567998,61.86237724950882,0.5280564428322795,0.3260422576458797,0.7328336823387015,7.606896641358998,0.468128325062369,0.10236815651104134,2.6828978564747246,0.659743173432209,0.33046563304065085,31.525811528467013,95.75908216522163,79.14114348234756,3,KL-3
112.47580991408238,52.62007857371458,0.4249640353875371,3.3357276273087497,927.2551129676445,54.97363776092317,46.545044217739544,63.538604683873174,0.5102797248442995,0.1991811285149406,0.7574225762097808,5.784440813103283,0.4524553252437399,0.11173874093468678,4.266093338225497,0.10066185683566795,0.3432111519397454,37.691842747682635,114.6440208649587,57.032202952597416,3,KL-3
108.92263714423801,31.72398473468194,-0.7527592559585755,3.2204749774572226,513.1806632760923,40.84878549898983,33.44582435616711,72.42022315769502,0.3715201239315637,0.35874262347142877,0.7200305386135337,6.510332113478346,0.4078986399875972,0.1350022967263569,3.3715242664588647,0.041673319561981614,0.2737640019416495,18.356421178531125,81.02060007416684,62.024302390006106,3,KL-3
125.14776328867516,49.22365028894063,-0.005167554627061997,4.117030102208836,579.0997628091359,37.332174615238856,50.60397439625406,76.72314683376169,0.5978788168869257,0.3286838279185098,0.81422789336946,6.3616162261046885,0.4931917440101552,0.06701311412792328,3.4105045167565375,5.357796611155005,0.28362266010327175,34.07581601841619,99.71642684136823,60.932787785151255,3,KL-3
123.11870008580257,30.777011989002688,0.2364727052707616,3.6635309529097553,807.2173265160659,66.66300510504311,29.029801866764842,67.03742139745707,0.5302070159798432,0.21861416942511672,0.694861551096236,5.760680503666206,0.4451172574212274,0.0602123272105467,2.1866212028732015,0.5809078440106978,0.31238534942383755,29.08217217796946,91.03610778745151,65.08889666688434,3,KL-3
108.39237554531057,33.03673835356098,0.03702027391421008,3.5384678027723226,699.817955913088,49.657458660715385,42.63814196378048,78.97216994048307,0.3770721343218033,0.18183567761337535,0.8444804276884412,6.502834701590465,0.3781553485769173,0.11777593732916697,3.4619175773103144,1.1880492542752525,0.2670195929412075,28.52694826552166,71.35578380353225,72.98720286467436,3,KL-3
95.16537728065786,30.937432649167008,-0.5557641215863928,2.1496266369062087,593.6092400450949,71.09211287661091,47.91080436632251,50.67234580368896,0.42212198688222796,0.2366865283134548,0.7282066399126769,6.017839531534598,0.41908304918627953,0.1482172289372285,3.3268920498760477,6.014656612777996,0.2932452314383049,27.59436519932121,71.087513885921,58.579172382506016,3,KL-3
98.9704779243247,42.50211565070632,0.4782109515041883,4.3170275845056745,502.23596886873986,67.21321440911132,69.77224292510768,55.8069389030873,0.4423758366603056,0.21419046200120614,0.8168326685922976,6.537621608788359,0.3775570596448444,0.15578233850403245,2.595546579044718,1.2604085338822422,0.3532473261864276,29.18052208182872,83.32619503673745,71.52239357448885,3,KL-3
109.73756190686706,33.9578071354776,-0.3243551248508208,3.4507393481346105,533.9971869289968,68.78756251415791,49.18548611941941,78.94984340695567,0.4423189248959481,0.20090598218486444,0.7762112930530233,7.080481311710857,0.4015742142307243,0.06826769346869785,3.4273610032780852,0.16374229080193334,0.24522774563039199,34.104086004559974,92.91986300969103,62.803512652766095,3,KL-3
132.73391259178624,32.91001096831677,0.14799439698868416,3.717528814088336,541.2204657108241,51.04760838026276,47.39537469083039,65.13131737740169,0.5109440151054754,0.12551320472530217,0.7885407641524798,6.1753994453170495,0.4601913076769866,0.09291378493792879,3.1362461935155457,1.6056386101472788,0.5337959536758281,28.316067644223626,99.29047563626216,64.72348757450446,3,KL-3
108.74735056129629,42.216605609740284,0.23621383882704913,3.026149423924898,650.843815741946,43.38279050455535,45.36967575964707,49.85059273989602,0.40939185991533905,0.19412678498072478,0.7454978314361317,5.959437385465774,0.4744637022617108,0.06062354236665272,3.2449273092627844,0.1846662688084424,0.38525252887089595,39.292960079068116,69.89904335222519,69.10332530747085,3,KL-3
103.58814585051654,43.71065231524814,0.18293086150614685,2.900336989746342,672.9274180737565,47.554941547245164,32.57909095234982,49.12954482059351,0.5777509397697548,0.1583712526946256,0.7926404000166565,6.6257780919052065,0.4360606166894683,0.0884816512083864,3.3905290573164275,0.19983488634441557,0.2233932209189878,34.11933392146202,96.58237024188564,80.949985112492,3,KL-3
86.0892103012703,41.23909582490195,0.6426043703455261,4.82443020678055,632.1614445642389,52.67836218277671,46.858258400130076,55.268710335863545,0.5711642761094393,0.25809886238551416,0.7817487144275431,6.798326582967171,0.38749625617052336,0.13868544285148085,3.092127472105079,3.8140318949738505,0.126767719271951,31.989860625764354,87.32943693363754,61.80122358196698,3,KL-3
135.20312153403444,40.02668510587068,0.15369497600252527,2.20640913739007,645.2943423290805,37.26416213719488,47.028826761367725,65.025506505895,0.5370453847679671,0.2844642789958455,0.7021044465915335,5.658371230303975,0.44408042101976786,0.104613246493248,3.5228739761693206,0.6833518260033752,0.2699997371889777,30.169719410916883,88.78976537839058,66.85925285205252,3,KL-3
121.0354221897219,51.973457794623066,0.3459821618787761,2.7816407777737826,523.9132165766814,52.446594487006664,36.31391504546283,70.60855483672147,0.49103934203150806,0.26944104023541576,0.726874999853337,5.873521455230962,0.46116998189788183,0.09378377761128637,3.323066710589422,2.2705745386013754,0.37974885196857977,36.94927101914051,95.81334215239416,58.874198195223556,3,KL-3
124.44014955008787,41.87501759745182,0.15263838673950356,4.8093937221352645,685.1763327468667,54.63657577991111,34.13254385571635,61.051280000670324,0.562495801212123,0.24554250537765043,0.7479543944495096,6.437711635920631,0.3263944127380141,0.12135257269233629,3.658661081031945,1.4223141197200269,0.3642375915560083,37.68009843379158,109.70326384140789,61.72441826924223,3,KL-3
126.92532077894062,45.8341488435335,0.42018243366650987,4.137597104798923,803.6622364204395,45.894632227306445,41.18429317232267,69.61999027087423,0.46542418217567927,0.17382557597154585,0.7372501740936774,6.03398399479264,0.43082393875154584,0.08114843730571586,3.057795243616805,0.5028975091301914,0.3161321191721109,25.193089263728776,92.39370160487317,58.801268520604204,3,KL-3
110.02904656861556,41.857532754139754,0.7323981188190093,3.364629974606064,630.4649981900518,47.92611921403334,46.649329785726934,59.75520215967662,0.42954089108934324,0.2373240463561146,0.8376405472691825,5.622833993506606,0.4154905100800334,0.1527893509464557,2.7360481482396244,1.45887682008467,0.2768846031085531,27.49050947300455,72.46915620749151,69.45828070373257,3,KL-3
113.76885950621303,34.412742270471895,0.23001673178887752,4.622277051430922,628.1255952284632,54.48521183055359,41.42445818618542,79.68704241940301,0.5827087716495792,0.27256590861866253,0.7753507091923749,6.370347413947697,0.47268556277047863,0.1052185491672442,2.9496788829371168,0.14297811709906233,0.25266949008064554,34.17315103196014,86.50488984484932,70.90247015591022,3,KL-3
134.82902912927992,44.2993260914121,0.48774014303319985,3.982488093116807,659.9601262463418,59.10029238648241,35.491245503484784,95.62208113486827,0.5129034205615207,0.1898258655360162,0.7360664326180059,6.435744857853386,0.44428445824307494,0.09294617271120302,4.240594061311067,0.8530067867751562,0.2927933543112394,35.68340472222011,98.97560827775777,72.99639477379061,3,KL-3
115.19371333978705,37.065216131181245,0.757131573952879,3.8111280735795354,784.184583171127,49.123418655998044,48.89272252004306,60.28864721498691,0.43277538875348864,0.23213918528370037,0.750461508799848,5.932807122051512,0.4492175850736393,0.12260547704386834,3.9485799157240478,1.479791006500453,0.24400960209379177,29.498297258453658,99.37052076299857,61.47080231274927,3,KL-3
121.31287935095992,40.45408317176458,0.7178736987897086,3.805449613681934,542.6332400673631,58.58802087661015,51.38866824169229,70.75919372958735,0.45408061063667365,0.2162723046438046,0.7497768458226466,6.130674382665618,0.4009044516809519,0.13317858480633138,4.103027479559465,0.5185633201790555,0.293089779503324,27.287775701437486,96.73989248908369,71.5635446283602,3,KL-3
125.55826075800766,42.83241609136056,0.020884238555515737,3.997190573771595,824.1016802878563,57.34476806390284,47.21297709222235,69.78092988980134,0.42858576129877857,0.3247420001766291,0.7605975263997466,5.81171346552694,0.4250825858566218,0.15287925720447776,4.1446283749021315,2.158726277150015,0.43147607486582573,31.393063129832722,82.62962613593118,68.40480062598414,3,KL-3
122.14396998633966,29.35149159868014,0.589572942298067,4.029554001037963,700.5466687322286,56.62508687214713,40.370172861230664,66.6643451151191,0.6492739887062884,0.27609288811587146,0.7212335297640199,5.552381287044013,0.4721842484901944,0.09870093281225507,3.0952091656960787,0.10640480313929705,0.263300816060048,38.383467153729924,72.33609642859247,67.03798002198938,3,KL-3
110.5774624460026,31.34298725664963,0.27450846401887713,5.381778442316766,653.4416834838642,51.033887009147385,51.948410212322585,72.8390113440955,0.48782787499604197,0.2615495767049035,0.734303444470134,5.851467696685907,0.42175601335148616,0.1375816956808115,3.5524871612450775,1.3264386321638995,0.373870502644159,31.205171300260712,95.82409306988714,57.56861737993832,3,KL-3
111.99174235779121,46.45675503498538,0.6218919990935655,3.4690857506618626,795.5886603997184,45.58296323171694,44.094627102730186,70.74585426775792,0.5001217049002935,0.12199837596207389,0.8133303455582105,6.136966175087953,0.43373347778657867,0.1080363483569999,3.4205034017087774,2.510502592659301,0.3860739050387362,24.680296150874344,74.17915768482482,68.72602799454492,3,KL-3
124.16460656963913,37.01752132040633,0.40245383342518,3.493762249481437,508.15255113482533,69.82161583920592,34.10916292654851,59.34735715538127,0.5451975238289553,0.23537023960605497,0.7842671551683456,5.362455389265351,0.3482021350778967,0.08665859937078915,3.770723115354853,1.1240485784436587,0.23863189451712666,31.547916137887103,97.0661321971022,68.97965295928933,3,KL-3
124.1400428990209,37.30206806534684,0.2852672304144752,2.635485449943429,712.6454643493649,61.29244733165941,56.362443550013985,80.79854927147225,0.39027112139143955,0.21569919426452577,0.7673831226729899,5.88799353437392,0.4215729981836392,0.08169565412987297,3.20149905286142,4.15227665172141,0.25753025003523966,34.91374035614927,97.06947230433562,68.31382755633787,3,KL-3
130.02348898529192,41.998630384224924,0.34858883213854175,3.5834820905431854,701.6371477407941,64.29585322448591,49.5350801926649,67.41999496984131,0.5752237813028979,0.21518057336580762,0.7751311408657549,6.143915065296369,0.3244000015946945,0.07209049669100988,3.4307844942546026,2.0003926802878103,0.41051547495894314,30.49311344325121,83.13768475922764,70.70040605821768,3,KL-3
120.76645474964758,38.685964417268785,0.2770951824155725,5.115309519635855,537.7453922727449,55.58096252128862,44.80709694304261,60.38239496203564,0.43887230953697176,0.13119519163550158,0.7727219621712293,6.6973299550624334,0.39919275653208713,0.08274918003332658,3.418362886571811,6.363782337865623,0.25093887682794414,37.29083406241955,87.40044052019017,73.05676527255544,3,KL-3
121.44908420388082,43.505530289856736,0.29273321805460406,4.412588001947725,705.2765747544585,54.9377964619189,30.28947795165275,94.31843028616882,0.6339013028892119,0.15973388266214583,0.7645434447634177,5.943703822599734,0.428175777886345,0.1384711986528025,3.694357439949419,0.6684905121383233,0.3204011400631357,35.32924517758743,91.13413440543464,58.715813528338245,3,KL-3
105.8064994982333,40.693269267601735,0.11146705576723644,3.1900658048997377,683.9966215256584,60.175277445803104,38.551397208647884,63.6054394741328,0.46248730159883256,0.220918950725653,0.8008552419353738,5.477048824945388,0.46335153972422854,0.1262012880535811,3.7684303326429593,5.586867544438436,0.488198705773482,30.691205381518223,81.3722239201467,65.76643130857319,3,KL-3
103.78275733392148,42.19161770108269,0.07431026375699308,3.649033091617028,628.5514256372079,41.572493196382034,66.18565712382927,68.05932609708499,0.5705112011810549,0.29186134669142766,0.7971579992923962,5.995169993651135,0.3750420028274012,0.0677636503217415,3.43120261940412,1.8669886874947095,0.40338658056490906,31.215720098202308,72.16983959067936,71.62614081251395,3,KL-3
124.20946011527242,36.78884965854648,0.8802699717490677,2.5878492995320044,753.5381066276399,47.33285224517484,30.916579381193028,67.10528413496404,0.28775615063047305,0.1895685258096346,0.6964118513386391,5.816715347954954,0.4436842071735051,0.05260827239355193,3.449394470439485,2.7343870911574375,0.33181843613884526,21.79120147408388,88.27936867543714,65.35284143299998,3,KL-3
103.88722397975438,42.161568939685566,0.36601116444447357,2.849704524561355,581.3894897170803,49.867800975773015,43.48650720358307,63.441264668585504,0.39348935391312234,0.20100367637374394,0.7684218907045378,6.376089277528681,0.4984246702181064,0.07163120532610767,3.5105388124492225,4.648866409421968,0.3922584459625003,37.05113362456081,89.53039132575815,75.17538845649476,3,KL-3
112.18948495324707,47.63053452101266,-0.05432196889255991,3.744552922090974,682.4385495012043,52.6134686196659,45.8366423764638,70.38397646052819,0.4640114272801899,0.33186551971717243,0.6997090300329617,5.931047336818885,0.39296280671421885,0.08169791375258553,4.362930852373825,1.6023433183558142,0.3205262331748785,29.352413256648447,105.08256836383663,68.22142797354053,3,KL-3
133.18534861456936,37.593510703314806,0.06403302742814253,3.229436317743638,634.1991461053617,49.21243456423877,49.20476789411555,54.8600010909005,0.3250373601500087,0.20719065664992978,0.8067788601727852,4.744716689210364,0.34764735391386714,0.09590202868268974,2.337001325209841,3.9636250786607974,0.40645854665627784,29.000216303618256,79.36609514046569,51.860618871011596,3,KL-3
130.80855438517634,46.49190980163291,0.5975033813791805,2.7893201684972655,576.23638123908,58.91245700200597,31.02829064173586,72.15852063827668,0.5355707559073123,0.2172726285687851,0.8133833278425141,7.945812250598902,0.4394919978528544,0.14018590569026143,2.7931922032693155,1.5604492194825512,0.16129876549228228,28.250731967362913,101.57195408537333,74.21543135358155,3,KL-3
117.02683246195775,40.690638090064105,-0.11947468403544781,4.016872611790314,710.3461622142526,56.901577875702685,47.741762564046006,43.89975165929084,0.5125366500348999,0.2180853130768955,0.7444610551179152,6.171181645795465,0.36540014967318535,0.08856849423301,3.779207757867565,1.8285801072187342,0.31385872029000433,33.28348781245048,74.98516625288276,66.56317418515737,3,KL-3
108.05790630249435,45.406889935867625,-0.4178110727244043,3.559199930677341,625.0717103181019,67.39291751801102,29.138945375283203,49.42316298491445,0.4082337880112098,0.14426969121572936,0.7691620522332642,6.144595755154289,0.384050071326324,0.1554149988053182,3.5368706393034546,1.1779295796682712,0.1580928074725742,25.356534996186703,72.61477360361475,53.34231333499771,3,KL-3
110.64931634484743,41.772627910118665,-0.3883796562408178,2.3709597026471685,473.23922495485436,76.0400732569005,46.97428796195511,86.90869456602218,0.4862233096108401,0.25930788740490684,0.6694279851438876,5.329295014001484,0.4711668470851243,0.05459400323035897,3.532649730090526,0.3148018666598294,0.33790841505854624,26.07913609143728,85.1396506634887,65.48168111770562,3,KL-3
125.51490211583422,40.79953447941244,-0.5165902400819151,1.9648824270657694,433.8720674338419,46.147198078812536,39.47602080990418,49.925839679338566,0.55201817839385,0.18582743288493966,0.8236394907046012,5.367715367019194,0.518844963768834,0.09454102437713081,3.7754972992280136,1.6126462404692357,0.3061057681381841,30.737374491503235,77.45909187268333,57.35308497108309,3,KL-3
111.95251083830752,43.0983780924582,-0.3445259433057833,3.1689908011405965,744.6868961699843,57.42844171174756,37.3413073308219,41.48049377555767,0.3192560386504021,0.22319576297761567,0.81048368701257,6.054025521163483,0.37496549418292574,0.12856646007409203,3.503395735874258,7.5838834713549,0.43385838773138635,27.86743334207566,72.44661031145867,73.52505028475322,3,KL-3
104.12576410484604,48.28158537381349,-0.29734637592032415,2.3543878852467777,503.5279871327803,57.41420702565579,54.348171586675875,50.22300597120575,0.38562087870122747,0.25166237786506784,0.8325042630868762,6.2680856661558195,0.3881290129992293,0.130416157570993,3.039430512930466,3.0946734283025212,0.38194618948781334,32.67616786686541,112.08196378977728,67.21327215883068,3,KL-3
130.73662134611962,42.416583765290454,0.7290949518432556,2.1298708748234767,683.5261392080728,56.136415441882704,43.64393756636118,85.8806872303608,0.46069293606213246,0.3415534553421235,0.8493272070168549,6.4510570695883755,0.403006551879559,0.0949285813083482,3.7522854840649553,2.7526760586164776,0.2829129849967946,28.050553603169085,83.3302283637287,60.11003708158587,3,KL-3
115.22400208693922,43.871184985450384,0.15652831493629266,4.528175361121669,656.5942272353781,47.571403432275986,50.737108049075715,43.49765911672742,0.48939789013059803,0.1459337973272254,0.7137945353511611,6.21871882865913,0.39760959732372864,0.1350526030135259,3.3875322977994466,2.0617697303315787,0.29250269947353075,38.97518132187793,116.485643041075,73.98678445570287,3,KL-3
103.8411626851238,38.789090518539794,0.029694584345313225,3.5468312881077657,605.776186763492,48.9124204348596,51.06826911377818,53.53022980890139,0.4828110862718765,0.2768989311039734,0.819402210081922,5.507028898415933,0.5216646256906017,0.12936589327520648,3.106453692666268,0.8551413110519521,0.3554557224183824,34.46728753392202,76.81319441321709,71.16820532796999,3,KL-3
119.68410283398947,50.42531884397015,-0.40236522520742957,3.4126428974195977,884.8002148658408,58.173244895328956,58.69953488955102,47.50169018819616,0.5586435828348568,0.27712339537043806,0.8489652222209229,4.847766695459975,0.39847160851561064,0.08453656022062468,3.7892163747467467,0.371732129040334,0.2791951525957381,34.40443106189474,68.24744120040401,65.61388210379714,3,KL-3
127.06827619788763,44.84202266557803,0.11774944101146397,3.4742753470794008,671.5608822152535,48.6871994135421,33.91742258378975,61.7104496349199,0.5256768996524317,0.18670711363324358,0.7002711064485381,6.049888825310897,0.40561240427369355,0.11444785405333266,3.7656203149692,0.5086276768305027,0.32241017708923636,27.975191230893458,104.2454766271399,57.53522048370911,3,KL-3
97.3849040281836,41.46625076015003,-0.519931225025677,2.714734279365624,740.6760179218478,57.52417577733606,55.19015662519757,59.76774922183116,0.5432307872456847,0.2609702308831189,0.7664394394077142,5.833012664695436,0.5058088736587413,0.12610839852230535,3.5038598949604753,0.01268431716192312,0.4303358451611895,43.028398372197245,80.03012041287701,60.76020965170725,3,KL-3
109.49319129970598,40.26407796647196,0.027233131485454056,3.953780932011335,684.177945840777,54.282401723635154,46.16461622438047,59.230921919275595,0.37630994137565077,0.3236061690775135,0.7568299008385287,5.4687141379438575,0.45383381557696506,0.08668395697281525,4.405271492396734,2.2385307308858358,0.2586695853175697,28.80494492862836,90.41638957838583,60.64033672235169,3,KL-3
121.19745804896583,43.80245457988739,0.5092691059956597,4.756377185594052,531.7075065985734,48.39126911372048,44.13627361237546,53.10447747875319,0.3706749151962627,0.21207681738607467,0.7399254050043313,5.933135070818748,0.5256249133754436,0.07395461699245247,2.7386109005206896,4.945516594420556,0.5669151825622317,38.844840972076575,88.44549274586296,68.06519425354048,4,KL-4
84.7865407153366,44.048257891784075,0.6002049678447474,5.893578128047219,540.0581971484593,69.88183822394501,37.17356881477825,109.17147413042812,0.40732477838690234,0.1465570810537848,0.8297967391710588,6.943159506486902,0.5103367597869801,0.1382566271021597,1.7125007968974688,1.1454320264398874,0.4204948963327704,34.96041320952517,89.79183772241005,71.42541423758243,4,KL-4
109.29147775155376,44.997536347617825,0.6601715958181695,3.1173930219487054,598.6703368638836,54.23466700696524,58.79718780087006,85.73885664193531,0.5733706763271542,0.12930687045982364,0.6789458311450216,5.836630330260359,0.496089970577645,0.08325025937726498,3.8715847659683313,1.3178854940737004,0.3953482057300515,36.12991520617833,79.17885263272247,75.38879314215957,4,KL-4
106.2457341384187,37.24573193552823,-0.39844585303578184,4.723041956760487,720.3542179002492,63.232062294013005,40.53140828327377,77.46763212889448,0.5427598362858906,0.20090786464091337,0.844294564021432,5.966637843712274,0.489459286788145,0.08715947815516428,3.6461616428158785,2.1185593337659987,0.3354467311082902,33.216169377162316,100.38335160321388,69.71353904362643,4,KL-4
125.53308526663125,38.65124608381719,-0.2657390960560079,3.4342308434416995,580.7384577490094,58.99553983432378,39.99596041481226,70.90756444812985,0.3312460350616839,0.23422349931206454,0.7549859923058774,6.384974259848898,0.5650758838535208,0.10780765459026682,3.42658164396644,0.5663819042816431,0.4908253138029665,30.076073074288512,87.82144162887917,64.49590016676353,4,KL-4
113.4910483651298,42.7787316442315,0.7684678650515366,3.09723496795919,694.8639396213333,83.18031192097547,29.041015392629813,62.57526346233644,0.44322908902153946,0.08325129379630535,0.7409936805011748,5.90052439492347,0.5038308794333216,0.11435550580364959,3.0566436041710214,1.250118485255348,0.33646694255327164,35.224535853660555,82.93999462018506,66.43113095350489,4,KL-4
118.02815427715502,42.87194229596247,-0.012695657236674835,3.0968814969152185,656.0853332215257,63.535243632286694,47.19217013079769,54.27776512784952,0.5663964545897802,0.17005379055175754,0.7976689169400839,6.7375122509967795,0.40753414976877433,0.11758781040573993,3.996448210895218,2.8972394622205733,0.5135043201819469,30.75595398034045,70.31725766504172,76.17943827522689,4,KL-4
102.11959994404972,36.50843580822221,0.030941662014576217,4.112588581141574,494.5993151782832,45.10287392603725,31.257777180531676,68.63412847012691,0.4326863202153984,0.3105273264733035,0.6466366965470816,5.90459893887141,0.462295027573416,0.1432676409904191,3.755171057437501,1.3267577765781124,0.4534418934885705,27.867429264238776,98.81594390819377,69.79029858813321,4,KL-4
91.53502718742108,49.489356286078305,-0.20513700886572725,3.2553651010453843,494.50447584154523,69.40348605277268,47.42436912880715,59.682872371658505,0.42848454492742694,0.22875365310019727,0.8190159787289876,6.48031667385334,0.43676416158863685,0.10985656570212102,3.928713641275206,5.927601790185793,0.3400380725093106,30.888321044284236,85.89966562902278,49.64621096690437,4,KL-4
105.11786036185262,47.348804065304954,0.13802084426100716,3.514523382965212,545.9680089682226,56.902792291154526,48.80091726498003,60.38269781616105,0.537419010139446,0.29225876202142986,0.8428862914474191,6.442241231498253,0.5532238158398974,0.08799040533465853,3.4173002882683385,2.3882320584301096,0.30412460272417274,24.789598999832027,85.93946985383621,67.17481349008601,4,KL-4
121.65743578889648,37.84169988782123,0.16027357452621158,3.6476789354101906,439.5794814405278,58.39257758440757,35.50324888025635,52.99892032270548,0.5289655395420172,0.1619573028926849,0.804398643372955,7.131944036204235,0.5125718779797729,0.07411062253794548,3.073677510750649,0.41740357442980225,0.48521556119283366,26.80739814177881,74.84645804284793,74.25339704212719,4,KL-4
121.62335946727653,41.749803922499886,-0.07498427507406305,3.4080257280808715,538.3033373040728,54.619901895919654,52.565799310177134,72.99595662317326,0.5248242676304479,0.17252565410033358,0.6448857315544642,6.882650933147864,0.5515975512310543,0.08598515150400965,2.7605010773911203,1.6708649272971487,0.3087126911839621,43.14554124694745,95.72554896673878,71.46301613131469,4,KL-4
103.54118643326456,55.057237904782696,-0.12123309795029782,3.349932357840683,781.6120100077661,61.5649001491077,40.25124560708762,65.47607793012527,0.42904122006606954,0.2580039992206704,0.7882083898900242,6.035236229273173,0.41200027358826086,0.1345204947128665,2.238645694520477,3.6180717491890224,0.3893497260993429,38.62981472481022,71.3829102912462,61.835642222895956,4,KL-4
97.08884293027162,43.96346222700569,0.4274652368702824,2.05667218998522,596.2331597007155,61.46010510139857,28.2875630409578,76.42085889791043,0.5030310413020037,0.2374112213226995,0.8322999279009342,5.667753796763877,0.5050837339274981,0.04839101090932894,3.3012273692798066,2.5774670362529988,0.45574439316128496,31.79926367230262,58.503154372775526,64.03128675432318,4,KL-4
94.1498131263922,45.37411573120039,-0.023067706755371717,4.069562632089495,508.0256800695056,54.83618257881097,58.45287340313692,75.48518552385745,0.5695796411164176,0.19433692543641887,0.8271374393867877,6.7189844209887175,0.38177355084819836,0.06542975650622718,3.3512144008773626,5.412794315299605,0.43708573603722145,35.610699913722335,76.4949606231295,54.41088226348103,4,KL-4
107.95060095910158,39.34638669321322,0.05747509720869537,4.0541371916467615,829.8893582184572,55.93484383610857,33.76529425925681,72.75357556095595,0.4460101041225138,0.1242490514438897,0.6795955376386803,5.973304582623337,0.37039338329310084,0.08343039769399314,2.7901312008556056,3.465564873876205,0.3837726895067972,28.24738577485209,89.16424937624323,74.39494725373449,4,KL-4
112.04826757578999,41.12132734882995,-0.5745113387096323,3.3621241202115906,488.3259216328555,60.81028906470653,48.0707054126648,101.91328309665019,0.4177272302949063,0.2694111177336146,0.8008178415801503,6.132161631048124,0.43015219337629523,0.06503053591359781,3.36820861686998,0.1589841461120692,0.3416278904418102,36.30795381457441,89.06075617940367,74.97439799839333,4,KL-4
132.09787269463638,52.06795591470041,1.07528009701241,4.288307416310697,484.5740439833534,41.2581481079195,47.25794474047244,79.88446616278654,0.5484058111271707,0.35061368885166266,0.8397785201389574,5.7700861549681814,0.5256187568747852,0.07773684045473554,2.8006933010405137,0.2984025259921167,0.45776778797670875,34.30610127712002,86.68589714870873,68.93285470786546,4,KL-4
111.84996136428312,43.679766563755216,0.6767296117898802,5.117526025652549,747.5382818168039,48.468020235970386,46.89184673924345,54.87320787220122,0.6136351842317698,0.1056880287021948,0.751473285932301,6.6395059653934165,0.40036924795230433,0.14418703615039533,3.5204566148081766,2.622760946571834,0.24952375588879547,29.475253109719546,82.93490593822197,67.19745421940789,4,KL-4
119.20648990710707,42.57443068676271,0.10207757866922318,4.018863866267427,679.3581671520384,73.35993676878415,46.718619159301355,75.50483737505763,0.6192003906852658,0.2842171489849663,0.677364938860514,5.976753441781246,0.4491594076588378,0.08105720881110122,2.4707356241143685,0.6808606132159761,0.4207640209368012,31.383620792703717,86.90341605821087,61.34823649191371,4,KL-4
98.29298018143672,43.04584651561879,-0.05963237426308815,5.064206223324982,584.3929376968337,62.62256755456193,33.29812363439998,69.35177508437813,0.42003908001800394,0.1719019314405577,0.7914326296362467,6.2824791558486055,0.5094421434102943,0.10234945695488833,2.3669330789947787,2.2158282203767614,0.29626569427914556,31.03657282228263,119.32356869268048,72.65898796634987,4,KL-4
110.62551507393687,58.27229673049111,0.30435551889324997,5.790505536341696,699.8290679986994,55.80072810607376,59.91349601502721,53.90163315008239,0.4280767800402486,0.179991880937711,0.8026928984325875,6.290248467053767,0.4923206580579651,0.040254094500127936,2.8556527636688114,3.9281596566958115,0.3298213671650697,37.250017412658245,87.99738877806224,56.86253316025581,4,KL-4
112.10117683305297,43.23884501888731,0.2933865641609384,6.024419751296219,636.0720001475,46.431337347705316,52.562491502006395,52.9404054390803,0.367667013349076,0.21617836925230002,0.7430395917837048,6.391780309956956,0.560809328935643,0.05692688192044609,3.497271237301372,2.1505534551507597,0.42946618092874933,32.59313090140594,79.93115298339805,76.21460932047734,4,KL-4
107.89204208233433,38.01953980471839,-0.2103866278058589,3.049411130791999,457.6569101113409,59.54947068042818,47.750567312504,75.43843500735483,0.4594441859531838,0.12766860325160015,0.6904638272068088,6.630819250859823,0.450168599610493,0.11798050828866002,2.304728721204586,1.3424473577415257,0.3400293794564948,25.109297769194313,83.74361345397652,74.63341799301917,4,KL-4
109.6727180469511,39.06789459030857,-0.720214491568944,3.0535495948650637,312.28983515828327,67.88153673424884,29.67023764484371,78.37057041854278,0.3640704854833986,0.19777169330333688,0.7990936042018082,6.17858981405289,0.4279185227684666,0.14004085315634668,3.6298122114055174,2.5980556206153533,0.49258386078444105,30.755510021731638,82.511247378259,79.34547441233114,4,KL-4
111.89327701430159,47.68453601432862,0.08956963699333242,3.644456002619431,531.9185817951252,81.11364883719952,33.21632124344566,57.44491360810568,0.4078693246634004,0.10332478233186981,0.7115595567189121,5.929286209056729,0.3952759459460511,0.09664231791865571,2.0144471193688727,0.3876010679720257,0.4565150165546223,29.088169749390524,85.83182823822749,70.40278440235848,4,KL-4
117.21555219641473,34.42911324011934,-0.32534981235980537,4.102972161007872,730.1909803077936,75.13645139996558,49.57456626689164,81.64200463833573,0.5060903838529911,0.22856494938669228,0.7698673363269435,5.370227683122277,0.4316000029941299,0.08081951221831003,2.8519524746434257,3.2112223528613777,0.3441992799365146,25.610184816912614,74.06215089766168,65.84006245071984,4,KL-4
127.53677065120642,45.70349788878538,0.3685519786894167,5.269321599874864,548.5835893984062,52.90449583897172,22.96315888303183,73.4189727617834,0.48119819281115167,0.3340233222777901,0.8279083177506473,6.3513148146838345,0.39482005204070475,0.10488484892666428,2.1521543237384155,2.9852634011145622,0.381978856221227,29.194051362790994,94.58724296914093,73.45746458268883,4,KL-4
76.01678312540434,38.65709483410335,0.37123262666426976,4.501792976872764,655.2116638019093,56.03360374892568,46.38703859940371,84.35030988331023,0.3051422955866378,0.16162811065018023,0.6670600951523991,6.221500479690985,0.36017773600451924,0.012076964513437479,1.4340603814900608,1.8059424218356748,0.31171047682034453,22.20748646611611,88.562332162719,76.24733803011249,4,KL-4
126.70606271208031,31.847382661287952,-0.08928507933676338,3.037370296262,622.138253813408,48.22800615810662,29.68823202614379,83.07544478007091,0.5756233838619509,0.18987539970249728,0.7953881998984627,5.944763584939504,0.5481696290671043,0.09687364030554128,3.2198710828651524,0.8171437492885397,0.4378382436539955,28.346093279930347,75.53065366846846,60.73848298405341,4,KL-4
84.33787825523035,37.11956669851843,0.08616629293781879,3.5106740732205375,396.7799646462721,53.266759467008384,34.31968222490387,68.0987570151641,0.36304031302786105,0.1928313094356351,0.73967089848401,6.331276231076268,0.45244533996376957,0.05861668199677496,2.893313334821331,3.9933260943989475,0.5254504554944415,33.980519165795,97.23722239596881,69.44614827221339,4,KL-4
114.63144231555128,43.16520285807196,1.0052166767912334,3.9663998336275883,551.232516755242,58.29725469500198,28.88932392332404,89.62719676122514,0.37312528608967965,0.25918811563946015,0.7409673358007712,6.727991336307443,0.5795733435614563,0.11382278946672125,2.1617406403017068,1.7861839670074162,0.3043900404686661,35.26865016498498,62.16800875522882,72.12290992634902,4,KL-4
145.3344345363271,51.3710043609569,0.6100514105083852,2.808672017483604,643.0655196535894,57.06290402699085,45.461064157823024,56.5106069185544,0.350886227858844,0.22433434214310805,0.7757158217266413,6.85594404247359,0.40803557816637576,0.02423103275457167,2.6900316852091324,0.15250038698950988,0.4150727008311411,35.51725359713467,110.83087640233472,73.85040076570554,4,KL-4
109.36189567361328,48.47997647167983,0.11909889171643835,4.010934766032731,505.542449339476,76.43653845263545,54.163614518342975,98.68353405940834,0.39709733291487925,0.2552207606211157,0.7114307984292921,5.532431290787804,0.42855956956479946,0.07114872072272159,3.2650951361575884,6.2713355434507925,0.4258758252622682,37.78676971394715,107.6224235077575,67.18161706813099,4,KL-4
112.70028709121962,41.23785864297548,1.2167837307743916,3.0492515271526037,556.4954211566458,49.477144460190274,46.48017523812685,59.45457183416926,0.3782554897067337,0.1696258798878576,0.6912490431535678,6.119569349492332,0.4112315494121447,0.08877072485676014,2.7791101998064986,3.6494909928530554,0.29999697681529885,38.93805646897509,105.70170730588876,75.04813589305354,4,KL-4
105.34610429119299,48.83312241890856,-0.17877496478865793,2.6794230931541025,647.0096510516533,59.63924440649682,47.578330489222466,69.42396721986783,0.38020532470488777,0.22601414028918776,0.6607902613984661,6.780512606199213,0.4179621967503617,0.06714626451132139,2.880791330658961,2.1975183632174784,0.3193278341384494,27.877331218347226,79.0416504520376,62.318459516582486,4,KL-4
120.00893520897405,40.85932102456567,-0.025077889926621952,3.2424117764243086,608.7155998971575,43.49232190162685,44.679588961548816,63.19374041664685,0.25285823586148437,-0.002068343976151486,0.8115881354709608,7.098020517261512,0.49368018721047213,0.07873546799435573,2.7609260578061696,1.4354144571008347,0.2553334480597648,26.1166903497668,87.88804664265493,86.14434133310688,4,KL-4
115.43312828959613,34.200930491524666,0.25579433171682914,4.328816843913868,725.6291689109657,62.647126243901866,49.82693510870639,65.47850814544313,0.46039419136430504,0.24004775431934175,0.7314163907445518,5.891368173420791,0.4783161983132187,0.11713303052029524,2.6506187211420245,8.04092853641391,0.44486807062220124,33.212940636423156,77.53812118804379,65.00496445091919,4,KL-4
99.85929132831393,43.12652581379606,-0.3124028261505262,4.323292568789215,646.0405095796175,49.2663572745924,47.67085614250014,105.08264395016755,0.46856521342524476,0.12693243747228422,0.7784970206178683,6.989161464616289,0.4937704712708881,0.08926511956448226,2.6427976351541536,3.729365805345695,0.37122509508570717,35.73303154273435,90.16813822165005,73.26217188453697,4,KL-4
108.28470417222769,33.96439602995929,1.0161236658511388,4.077323133349952,485.298000191758,68.82101046706234,15.849018060028182,64.44735175106706,0.6295525390313768,0.18034436711000446,0.7257483962559172,5.624951858882691,0.517113579607597,0.06208257585106275,2.625181580222559,1.9142574111133825,0.341949791232841,28.823327406827744,85.22038374603,65.57969748307586,4,KL-4
93.22345244334181,47.748449844910375,0.3732608154837122,4.793290928432702,542.6943943284557,57.67179285587767,52.063067376616445,80.21330046751505,0.4889072798132448,0.24471506651865227,0.6919119748312522,6.874142281559973,0.5053677522083742,0.11821200198023374,2.5481142743561556,2.6471852484555454,0.5651455049825554,34.3232225664292,79.47695235628697,70.78389364780338,4,KL-4
108.21587868151528,47.83528053404127,-0.015979542759917892,4.708466587370747,602.4355541071533,48.78412585373685,51.01151961960901,67.17516506456299,0.41027287842254834,0.10783461004280552,0.782615630496957,6.159121833897329,0.3995755127779006,0.09752942607213487,2.3896232413855185,0.8238670877262562,0.2558386302850038,42.112671363201905,79.34908031222949,61.366062302053436,4,KL-4
103.70941719624895,37.720180362818425,0.4791147805619046,4.163505073656222,760.609809181685,43.178385971536336,39.376871693415936,81.23860515505297,0.3539428017221263,0.2653659678933215,0.7663981286862411,7.081411632821875,0.42380907181654864,0.0987746243875499,2.7721726093693024,0.5445069179049973,0.5028018999962179,26.318767134031475,85.9898330008446,78.60458641243443,4,KL-4
112.04811427386075,43.87358504095397,0.3584223393191565,4.053105480020564,543.1769243661233,52.17090009112263,23.25793272267308,63.4700857795481,0.442297883216059,0.19254171132267653,0.7381550423006287,6.067984391872353,0.45607414050358186,0.06322466924315688,2.6160432886031897,0.7981711011179469,0.22767471487563276,33.02956106012088,120.23433387749508,63.46091283165778,4,KL-4
99.35129154287091,43.816295405148644,0.17813956634966133,4.103637364176078,392.0917437122366,61.915047125942706,45.424740256344066,73.07358512391005,0.4858978311514047,0.28718692917723426,0.7650948031720735,6.145054636619831,0.6363916672381593,0.01357179982013843,2.356980821690584,0.8672928353452252,0.3583402358640547,38.193755630206596,100.66640803847636,70.65274944056598,4,KL-4
106.783524648707,48.231780290603446,-0.1834060667285921,3.8818838560503344,652.8680284189426,63.372109177251694,46.26660804136498,77.5443796056729,0.40973211045447633,0.1458293504578528,0.7019757721877998,6.2333036853980754,0.4886200071065687,0.06281606299930884,3.459608793214172,3.365170486306232,0.2641165244976763,32.011111878828686,86.0280050191128,69.4889718436445,4,KL-4
110.13159162782216,35.529590476096914,-0.27448477021164286,2.260525818697859,509.3282101987201,56.01249615061381,38.59516517439156,61.338262559962224,0.4548812821078857,0.09123273653918308,0.8030299887277655,5.531474922638553,0.45533444042033944,0.059763942658935504,3.7395815831500294,0.3772346745852856,0.3343984828971597,35.064325278888404,82.82575859503257,64.38669246538232,4,KL-4
111.17626546934984,46.59692514140908,1.1747203989772907,4.908387875855856,445.76384165100376,67.40637634746375,44.86699724346691,103.0927110907071,0.6017883275247056,0.19826319707971768,0.8146197319267238,5.41876366462067,0.4836637360872875,0.07160109128457834,2.9999383352379603,3.7580504300699302,0.3567286989798932,37.55056886951332,92.47595104501747,49.63856778990033,4,KL-4
114.11425573558763,35.099384493966944,-0.24109395404399891,4.318018265514941,602.2563615391007,50.91405685683944,53.71840257970371,78.17129251880557,0.4192711898368669,0.2352245640708345,0.787965228566846,6.555077096520356,0.4198442972794572,0.06474433002023085,3.0398837927585034,1.8526697022029661,0.34322064570877747,31.4915110090516,77.64461798100722,78.4752071854309,4,KL-4
107.3874850207852,47.66313242603722,0.9791862077405503,3.026938043338351,716.7441170169964,36.583521259931445,66.97521718295167,67.28834854579148,0.2990579556166008,0.24025621632861327,0.7314007120453165,6.794231173676678,0.4631212755501152,0.09338095527140898,2.5844616204782414,1.213597781885277,0.420005440694899,27.694161057253215,82.26328651514206,71.15504867187354,4,KL-4
98.19959511602455,49.37618440799888,-0.03790365904638232,5.14225329541795,531.1343352406777,62.26042920593999,44.46903672915866,61.63318579779169,0.5198789429913148,0.13187071184436583,0.7529673397341705,6.603788751420551,0.49773310924050357,0.11642632413137108,3.6402188140745984,0.8931024373804806,0.47021713371312196,32.49571980520888,61.58141511881603,56.07757710472208,4,KL-4
111.23109908974367,38.98245163816065,0.6160130270161289,3.5280161054297836,659.5888664619156,70.32076650146706,46.33913681353242,71.10067628352378,0.47514571566520425,0.10252201579280533,0.8284418224067381,5.673012192910738,0.4485502157729329,0.12228484282058637,4.042908669045804,1.799757899371638,0.39094800104598126,27.52655448460495,86.09024302454988,54.693690550510254,4,KL-4
107.31713261606356,50.31477319924924,0.48617323603231183,3.9137847978731024,681.829639565092,70.39466938926195,34.76211124814606,55.40802387263837,0.3132806390993669,0.1812605615659061,0.8140583108805589,6.5400943725360206,0.4121723372976406,0.11511635575090884,2.901723702584603,0.9550495094037997,0.4258710587465096,30.24795597946807,86.39530156068857,67.42357286390636,4,KL-4
125.36968463160815,33.55580222188727,0.5661674801185668,4.818860476454603,695.0155792399954,49.601526075077324,37.986079540234215,91.38754316619932,0.4842114941821035,0.23098663942853542,0.8496934545254363,5.804898013148148,0.44610629736601537,0.06307125072564886,2.687132082964487,1.4028949080685185,0.5248788807892321,35.209740709142096,78.47443725426407,69.34025476774009,4,KL-4
127.2611225136554,49.59750067126329,0.5928057088960761,4.176111486711671,512.1273228457678,55.64245450142754,41.639573696285204,75.17504526881297,0.3701709160689802,0.2279472069263792,0.7109740573343413,6.503826354111832,0.43402116957019077,0.09176702379959516,3.2048851595729073,3.358233636334536,0.34416078323809984,33.90566998398582,90.41667757730774,68.28031648111529,4,KL-4
89.41879346844468,51.63073742897584,-0.3446262489350044,5.068300673532719,465.47015304799373,65.79056012592406,54.77718035390598,68.94416719106326,0.48530579218915243,0.29432758018832866,0.7064893858006434,6.865649572601218,0.3821436290164551,0.13695497544510157,3.0773586264230333,2.458738719668566,0.4723098612808231,37.98912585696722,86.49362058503867,81.55149410958049,4,KL-4
119.25731822626626,45.07489116490919,0.029461603010329157,3.7183188007657684,481.82962740496856,54.98315113632984,51.18957756028058,82.55173425228055,0.6025810807363433,0.17759268791495497,0.7567185143791054,6.483733426667509,0.42142239199036957,0.0424579700108127,2.699906714725626,3.4456406482145017,0.6020470655034986,34.16005052079897,78.61847079241417,56.643461368700024,4,KL-4
122.26616241634862,41.82684531382383,-0.2472191836870857,5.352938569024269,694.9169606546964,60.84307888486795,62.29353344007963,61.34182266296839,0.43584245325254223,0.08930621370651866,0.770344787864815,7.034266951120966,0.38035936068347775,0.1304469013327539,3.28271749981941,3.120453484267375,0.5451311824295524,29.10157507321048,94.87656953874752,71.69833861131156,4,KL-4
89.8125305620379,44.874518920599535,0.37572042433903885,3.3777576801339824,680.0871785604974,54.26848083351774,28.09773824339791,56.128484962834754,0.5366616959229189,0.2717999862970541,0.7428855417470218,6.2250062643236275,0.3881602554751987,0.060116899908309616,3.5628945644339383,4.219478466247339,0.530345967758376,28.01644064207913,82.84378098180642,75.16504853740835,4,KL-4
118.69209228369071,39.37744978761324,-0.22933773284969053,5.054097863447694,485.14192791595985,51.284889940309014,29.762650293510276,68.43840313925514,0.35172101457180976,0.21171171884664525,0.7305157786082297,6.191675339347817,0.39295277560667646,0.09881295862752248,2.528508959205132,0.5631455882913586,0.45824911746841696,36.138987815950344,72.43009097112427,74.99572106267095,4,KL-4
123.43932376649451,58.74776007497646,-0.49241887082928854,2.187912624880482,855.9172831612364,52.82901078874594,54.02082935235932,71.53052379363508,0.3284464682929855,0.21693127463005463,0.8133697591414565,6.33367564889039,0.4976725649112931,0.10238355350907086,4.525220387829362,13.308062235644433,0.49209280392951615,34.201088871663266,63.86457079960613,77.15081649223768,4,KL-4
95.75530043182114,39.48081225739425,0.20500906538257016,3.11984635893268,470.83632400954014,67.64580154360985,57.48860376314489,76.36703447911324,0.6113896377916537,0.246025423526395,0.745463395472643,5.628679458100629,0.524458253167975,0.09569739109708411,2.080234705741303,1.6145640445569176,0.3612923849184935,32.039481367389754,102.22490440629194,70.93524699062206,4,KL-4
106.45487565318442,50.90440701794391,-0.5836316209949785,4.238372910791456,719.9356901640872,60.11026211704699,43.33128121670933,52.28466500281328,0.4746252010845069,0.27581861542211966,0.6892394291040838,6.098524462191441,0.3731960161480886,0.15685418682607735,2.4889855641954592,3.1666864273779765,0.39349057192266285,34.694080867472046,86.5109846922044,71.96902738131458,4,KL-4
112.79479903730332,38.55263549545515,0.40349527788838263,3.679643659085514,782.3598527046254,70.17505310724447,-1.656038635288775,64.52419803976922,0.5009335952929069,0.19861880095098783,0.6950155456532238,6.142433415129967,0.5290091833137245,0.08097504298586122,3.140380818181418,2.8310703574638336,0.3841917318247365,29.47870430037662,86.00219251583881,67.36125573580391,4,KL-4
118.55687090148918,52.580849677021895,-0.2030518093510967,3.9402011040779494,613.1709127192037,64.16336555963535,35.56470838101252,32.99842248197734,0.5421617842276301,0.2705930979996841,0.7623532162566751,6.158000028356559,0.3936702913519726,0.04081536375229075,4.348123871025929,2.0876415544504456,0.34693258904418883,20.77249090611296,84.47442712302242,57.92293946756311,4,KL-4
95.17340884328594,55.073971490531015,-0.03623189923209121,4.033320736128569,507.6331387703003,72.85172185184754,46.354936521493904,55.8118099491269,0.4077748152161633,0.23312817584850706,0.9001326242455844,6.434145583581706,0.4873440046986179,0.10069341202580535,2.662445584991625,13.691349504101977,0.4117263741228077,38.213867145268594,99.61639571064285,72.63033035949175,4,KL-4
127.35510046723418,45.31594486611606,-0.6121663892630802,3.0472779134983563,510.2546367061984,66.54454554366988,34.00587013422267,78.58313840440486,0.5160093087810134,0.16066505652152005,0.7012028128127411,5.559835440088355,0.4629279285383152,0.0848988004582662,2.360552212442648,0.612565120819207,0.35802585605719106,36.24463407416761,86.71126596165813,66.77886112882992,4,KL-4
79.55977804901596,44.719943611402904,0.9600408855234184,3.107256308101946,568.5491759564551,66.07472664197364,44.85126156937716,81.53230970289682,0.5038835329847053,0.1860056916698893,0.734256296566347,5.727193008069749,0.4817925772356426,0.10664403624657516,3.3295448870572475,1.369281081361196,0.40497894172483034,32.56516330169073,103.57637337482763,64.04802772719343,4,KL-4
129.8561832338825,37.26052585129253,-0.2851659547912316,4.185697639046737,729.704493368164,59.03609681091454,61.985554488719764,56.29594557624376,0.3464156143374108,0.23700464140391034,0.870240238763302,6.866034798319236,0.39171284735945183,0.11646285725621197,2.8508433553691575,0.3416422777182786,0.2895403305027851,28.506740972212285,86.74967065878641,72.97995540823301,4,KL-4
118.25401201684878,36.54599434259029,0.15439950618084203,3.466933638542576,456.0149024760183,84.0736526119732,57.26132819595001,66.10474541110749,0.5710388249130148,0.15747051414536625,0.7257859635080766,5.296375887968095,0.35938213586639467,0.08898930984886612,3.399153416972659,0.5017295702713999,0.35732479496713637,31.932396772643603,52.90352031555572,73.69170415127334,4,KL-4
100.67342733285794,44.787487630993766,-0.4166954369844985,5.0728270871689345,379.34807611046693,60.901585759156276,51.088922453701386,70.30727386153593,0.5545488412783626,0.2531875461281871,0.7727730420635702,6.608185534436422,0.4098545794933714,0.10308931291926894,2.957531670059748,3.1203696426072547,0.5052507083745998,24.3516527216627,100.20257574571035,64.35429618383257,4,KL-4
122.9660876406062,51.74915486308672,-0.034267123352308936,3.846442275653772,643.4465988683164,44.212613046992956,42.35550721161842,82.93732166610532,0.3473026208769817,0.20949101005083237,0.8437955361295616,6.113220159601158,0.4713434324980328,0.09432713796711091,2.485700074722027,0.012136106315495979,0.4155963880839256,33.57252502141336,88.78325713791769,72.00007007017413,4,KL-4
94.28301434596806,39.71078506510582,1.0007287124096842,4.575000994485465,669.7935301510896,62.144268316911734,38.05331942099608,88.34913839820388,0.46602291531694356,0.22289709434598903,0.7024260659548088,6.380061240831726,0.547845208774293,0.14375662332224134,4.409325582248538,5.514114497058381,0.5067764105792875,23.32058812356442,78.91718389892658,69.35017733477873,4,KL-4
111.72404081590813,56.247575306765114,0.4189906941061391,4.354281335445686,836.1563336159122,52.14166205410056,50.57751315277474,71.83698706267627,0.43151362104696445,0.2864303194130091,0.7345369888989219,7.0790493926669695,0.39851382011569597,0.07888314741397004,1.2273656405515685,2.5072405912981255,0.35155360217952,33.53307164262353,81.91936997366865,71.51911728842545,4,KL-4
113.57757310712893,39.33912436222097,0.010547601475768137,3.519071154261851,434.1217229679923,68.13617217281292,43.25394652500227,66.87260013301321,0.563464597594075,0.22139401265457187,0.725781703318273,6.234408607067339,0.44505812566758446,0.06938789405970411,4.092143250209863,1.4535899250270832,0.38013605432852754,29.47307991425565,81.30707147120515,80.02854157296086,4,KL-4
113.54202220938521,44.37635164449983,0.28633060813781464,2.415736970438102,583.8232065645313,65.80653406544751,43.5970443937237,52.67567669559239,0.33715103951051106,0.20428471123491881,0.6741052318516404,6.612694002752884,0.412546040074519,0.11642192709333683,3.5599571425403562,1.0062778406315596,0.41719440102455746,32.26200920699885,70.10165838245408,73.54024136647725,4,KL-4
97.4042366432698,44.392098798421934,0.0757763773253554,4.947953094096838,739.4204918544574,58.46789080053879,27.487843871189728,71.29683081473273,0.7381932019368423,0.1950446922135126,0.8284682972844313,6.329283483840958,0.44913869086118274,0.0621246055397185,2.552646425083671,0.3374712731156854,0.3844249359910886,27.30405576950874,95.52665991431415,72.93565616592065,4,KL-4
102.55884241463635,42.390793748586894,0.2630317680689653,3.216872738642286,614.5034601123278,52.89685589245471,35.854696177741076,94.89907001788319,0.43604126645025,0.19192058241315546,0.7207297830765067,6.245311915123348,0.35346073194851685,0.10176473416747638,4.123452062900259,6.363635629643607,0.2884579222266468,40.54089212665855,79.64964692083544,62.91831732153027,4,KL-4
111.90117299226223,30.73703490204262,0.5975474876131844,3.6769935556170044,576.5472973126172,61.171405813766434,50.51860467316814,85.48231059924782,0.5090756132944952,0.2187379618522164,0.7061877162089054,6.183412351079818,0.5249021667694951,0.08491232538992537,2.1771484804534436,3.1147865243766537,0.44534839669960163,34.802493865555384,74.58238810266354,64.04520843640407,4,KL-4
99.09884385550131,39.285561397414625,0.1675608040371843,3.879326046746741,694.788659631545,54.87012953714356,31.989331592514127,72.09829955510685,0.5609998665602242,0.2817993790469849,0.7277783055964789,6.650529174253113,0.45120180391431525,0.086960379463742,3.6048665772045148,1.025162926449776,0.3211528478758686,29.557458963573215,136.58629086758512,73.85243574151269,4,KL-4
114.07179191414912,44.19783575381723,0.3879965895700419,3.959190745517055,528.0733242952082,66.30243194227069,45.65707098602457,73.64053370440132,0.4343200525463884,0.16329342437994984,0.7964415702577052,5.934199066939329,0.4958582831993042,0.1631191387203051,1.7504129321717339,0.18394461100389087,0.399166192305658,32.10261652018282,71.16349329198447,57.29872708868467,4,KL-4
100.78811047660132,42.42408942411872,0.39459819905930216,4.769566930031215,702.1693010344978,64.44812571406436,47.12503594864139,61.73780366257532,0.44080464915237766,0.1587525716797422,0.755644676850394,5.733988405724368,0.43838989883154456,0.12702260234766702,2.3124730842177748,0.9851367560187964,0.2295614605198006,41.03041540391346,83.94656804166779,67.14887035582385,4,KL-4
125.00000039115865,46.817215956416696,0.1695417410809026,4.004659246338622,449.57241693716696,83.48773273994749,47.708878157540184,65.71437245468172,0.4097735284945097,0.2771023937118817,0.7104166847284819,6.337237486715543,0.4595314038063471,0.12064738599958295,2.3109829046112735,0.5102963708985928,0.34811265742690595,28.251139209562094,57.39395197318376,63.89397609864513,4,KL-4
133.44027425856405,47.54101547195111,0.005629604131977723,3.8981167277925355,417.6681956060524,56.4390836907926,48.60264216357689,71.77119010701219,0.37916274990951054,0.16603118360848676,0.7704574922457527,6.396392001794247,0.5064436246323373,0.1059171192143092,2.5496060037427206,3.857643112154834,0.38990053835036653,27.438510598069687,100.05159823053583,68.86235210712455,4,KL-4
105.53803738014112,41.55952923292654,0.0899266573582157,4.814764765236011,567.1694377305204,57.57259497212284,49.27726053140065,71.80761208382131,0.4717487318234176,0.21296569198116222,0.7906297348874286,5.387920917300519,0.4565858411547112,0.06925457635679473,3.006948669227195,3.178833583087104,0.4449050907330803,27.224445813862168,81.61064463710663,68.2748289983603,4,KL-4
123.80388141455158,37.22541776610732,0.5796741006140307,4.480521897509428,292.405225572412,58.76179460850581,36.76206907957471,82.12899919483672,0.4391786655860036,0.16449215211104803,0.7488117706048621,6.294756285694668,0.4583853162057727,0.09784445060213162,2.5044141815351053,1.7236879631002817,0.3011655492684655,29.59361279503339,94.80303891077654,71.04463192898417,4,KL-4
106.815431876351,52.28990623230048,0.6129666819901802,3.4115436432154764,610.1639564055483,59.112115725831345,28.323454363388265,81.54499519289556,0.4092500641339603,0.09923093249861245,0.738261953556717,5.686561539392744,0.410302947868725,0.1074997290248601,1.7781534289813268,5.425409921338771,0.3287051392008251,40.47529751352919,73.68074830694441,73.72115088292087,4,KL-4
95.95353204887984,34.86722601690609,-0.15511773250738847,3.0822756980169337,392.09263887543466,68.21663150369184,34.2646458761665,76.24680136253299,0.4139228841573038,0.21189351159751768,0.800793796919111,6.61342155372391,0.423278821916045,0.09596956290418106,3.2780704612204072,0.49820347735133574,0.5411433654982014,30.200658127498713,65.61190837061153,77.73285538046366,4,KL-4
103.61423389167257,39.42815665940711,0.1956042662447966,3.3410401798400646,633.8904624679652,57.78923483950294,50.29921196904911,58.01024586160854,0.4960986763114513,0.26691007364156305,0.7410407376743279,5.398157572051684,0.39935921810795316,0.09284250982031883,3.0293705537564874,1.5035429842553398,0.5572178115521323,30.914856910780024,76.04814918385402,78.33439264586936,4,KL-4
111.2835461113432,37.90024045615719,-0.0011687476409339593,3.9606241998494283,622.2551325740335,75.77905372914796,30.99153406204305,58.463016145818365,0.3861949176519564,0.1962767088924365,0.8304095753145012,7.262537914931544,0.4130991205760167,0.07807652103631785,3.245356404538908,3.1000390651789274,0.4411764666782071,34.008262090503734,101.14574441008578,68.10304477168614,4,KL-4
83.19563503359393,47.47874573081265,0.6199809718864564,3.0031569798636624,591.8445136602219,64.65820087780561,32.59389320115493,59.34530235658497,0.43024281852862156,0.1111004862046263,0.7121182563954844,6.130900791682086,0.5125614555232083,0.09820375949043848,3.1031507455595864,0.17552603915787374,0.5023715316083389,32.844207082050495,91.9262815997499,65.27271877119291,4,KL-4
119.38485142168244,50.90213184688355,0.11151878408803961,4.072602437729975,652.369040104571,56.114111616095805,32.53855999242326,72.82624347047994,0.5218933913431285,0.2065442349830249,0.7109543267119603,5.867519025756343,0.5404304655003569,0.0742328594563942,3.5725411691910995,1.1657357369312664,0.36840760185804217,37.847391528809226,65.60260515313773,63.697874803259595,4,KL-4
111.29031273404546,41.95783974693433,1.1803695270285472,3.896641352167727,624.5036962336904,54.07003452015463,24.540255452567397,45.6841473429263,0.46977803760554393,0.15464291668127647,0.7048101609957828,6.158513769815904,0.3876362557685304,0.11110269538701781,2.954710588103338,2.1196230436208268,0.4522652434983124,37.10644831744225,55.96520271417039,67.42082537176478,4,KL-4
125.00815936203732,44.37866056200947,0.3871589559588211,1.9659847741515502,564.8399276002474,68.32697754726766,31.529956338682005,69.92469913042454,0.36603525869131126,0.04282969500525429,0.7380576771655009,6.578135429316945,0.4697585892518387,0.029526863965270895,3.607512380886186,1.142436349117417,0.448245338197833,34.6364092725924,81.14537204514947,62.09734764366384,4,KL-4
119.12206330657038,45.572630925934895,0.7727985816892888,2.875059850986164,819.7208376572559,60.22816121509449,53.0039691332367,86.90371259744964,0.44809031450024234,0.19514697669658757,0.750125203068316,6.745235044617468,0.43411543048997775,0.13076230699349828,2.534582011139263,1.6357730308063057,0.32467203226891717,31.851026547514174,98.10846234645726,73.75721663290165,4,KL-4
111.79922475745833,53.82402459153317,-0.10584433072134644,1.691399805052677,647.1972832262932,60.07248043005404,35.83235347284439,78.00191241616768,0.48496172969143747,0.23106105163328194,0.6837182045213593,6.162844344987581,0.5198484283357881,0.05065002294396331,2.568797772396688,2.3419884910671636,0.4157205235208198,37.79909248557802,75.89779541700918,78.18771247666452,4,KL-4
104.66247596975806,32.35855934672094,0.3046888596343462,3.7248775511645524,692.6289704773053,55.21215818860705,25.51061843445654,65.7912686686506,0.5291417752988994,0.27066232868791495,0.7548378633957092,5.580654792593904,0.4567430109088959,0.057982349277913285,3.8256236372389156,1.1487103408102173,0.37637266750862175,29.06394394979073,97.91572428799266,57.8030300310417,4,KL-4
132.84292582554482,47.46533139476157,0.5464692393480894,4.8592109162768,728.7695692767111,59.50843455263594,37.883561450854174,61.62093503500264,0.3895697066604079,0.3054112843977284,0.7782677093642978,5.693851433188909,0.44962621476295656,0.10226562556865038,3.8134011949363735,0.2801639050409469,0.42942693497667483,28.743773342449984,86.52364308861144,70.07588222317615,4,KL-4
142.5480903025405,45.25914848763702,-0.11332009672872013,2.4874736356575964,680.1779254850508,54.88836119357782,48.10547215893667,79.66858341732019,0.4053176221839092,0.23905614064319056,0.6767254222603485,6.443193849370372,0.4127615343920132,0.10619825491063986,3.3442452856685,0.3754429123415499,0.35719312259615327,30.96028126074259,106.03322154087482,82.44762859244844,4,KL-4
104.91275892410283,40.77496284852508,0.3081370847242309,2.9421705441653083,847.5399502709766,70.89369164980798,24.692272351163375,73.67266439262728,0.3943872009023842,0.25601404451633564,0.7239414286809557,6.793663564755226,0.37341099804537925,0.15234833929213107,2.4665352522841153,1.8716707070439773,0.2836107426370111,38.80874619128121,76.85544446170151,58.147135648780804,4,KL-4
125.63440210553827,44.957360414321776,0.7207436128802146,3.869009706181455,619.9208261785435,65.73648121804318,52.53310309766012,67.04281056900712,0.39835838404865687,0.122926072995316,0.778374286428449,6.858737625792059,0.48804692413747436,0.09888853587927378,2.418220538822546,0.48014205460322656,0.4013804657528652,28.815402990503745,84.27947197294309,81.81786650127457,4,KL-4
99.39875511552046,47.44497385497951,0.1690199968306057,3.148997576917258,599.1646384996726,58.601849285593815,28.590191846409212,62.931629453126305,0.4824003772557692,0.2973095480927752,0.6955290367062039,6.384046287705391,0.46764892873757213,0.08878635702021498,3.7968383774167624,5.514409959498785,0.466449024049291,29.998102329147567,77.13767767320006,63.12156353112057,4,KL-4
101.18471069466409,46.49897627489682,-0.04070100182905011,3.145061786346566,522.0513494632062,58.484255335578155,39.04516361013314,70.91659587624729,0.4975591303906919,0.276041610894293,0.7342010739043269,6.783649783090711,0.46887220702602145,0.09573898135628472,3.7635989565468955,4.492216754480266,0.46646080533678796,33.86986471765081,96.82420851758928,65.14253268058471,4,KL-4
104.20632572752251,55.95100363549779,1.0211837821890073,4.433275284938528,569.2471276128022,60.73739334591374,38.91734890004383,66.36355883215614,0.5340722794306466,0.1779730709020086,0.8044091784466899,7.256174608796,0.42003364486707007,0.13771463283863333,2.961852385397925,1.073237247832227,0.2579037933804702,32.71675474115294,92.08980948410739,74.94051438200725,4,KL-4
120.27024031409525,43.76488952676211,-0.1686981206585195,3.6040836443416633,512.2530517138605,59.95567808902294,37.385598932444736,79.41255483900058,0.44270600727393844,0.24089960751727058,0.8397591381563009,6.895173856368146,0.44271157772449804,0.16273199971993138,4.405130956181912,4.444451653960712,0.41459481466386683,31.102792543515307,64.61876767854966,74.0606252301483,4,KL-4
93.87630058491413,43.16143109974196,0.36235625135263494,2.8106200900816147,681.2654295601848,52.34451056552666,42.35198301518477,84.8940291517446,0.337574163617642,0.23486409100691658,0.7719957605624563,6.761018950702185,0.4895535493056791,0.08445599103273044,3.2753400431676836,1.9045707712943385,0.455085529612378,35.33518752183758,93.30609432792804,69.15674488694398,4,KL-4
133.24946340506352,41.91220728598135,0.016689464665277293,2.3298272879543194,490.5220503217634,44.793806972920144,50.78560353976698,53.593002065887404,0.503557613156597,0.2882128106330236,0.7415373357086193,5.896721408453858,0.49910563148655557,0.10628317248516336,2.3356803755813282,0.4330604451004104,0.4109626060520626,30.634441574509182,67.13191012115655,63.89251385258717,4,KL-4
124.06808386059544,46.31787302287533,-0.07473369554302088,5.766726216050985,608.8550603877753,53.61839466847177,42.59198418696791,55.29016512965393,0.4627314942726067,0.19093353367040694,0.7249300989682136,6.781309810214001,0.39107641920407343,0.0877683244651342,2.834621340199265,2.3811672653759057,0.4691725168927681,38.28015016512729,74.06524217495772,60.04867141879971,4,KL-4
119.92272808143322,42.80765043108431,0.5966628330813037,4.9026472436501365,667.145632116285,58.97186007467975,36.94326339906737,86.17667425178477,0.4547975583452802,0.15522604173799928,0.7955377049385773,6.530616238944374,0.4183325964749301,0.08717200976238403,3.0032823468032244,2.844301234664592,0.28715549474431035,34.18708202438885,93.94829168856825,69.38685455224855,4,KL-4
105.59278000995967,43.0792548703886,0.21778563533498482,3.638693323150387,618.0388663914265,54.097334418260075,47.573486847608955,71.98982731196746,0.34732772093510217,0.17060009782031935,0.8066703199557835,6.625322814183569,0.38050582889639284,0.146371518715943,3.051839182049468,0.21905139299234655,0.3083997641389981,38.082447440084856,69.94645002120829,68.30161114043533,4,KL-4
122.44231384785112,43.10697916003754,0.4623545861678791,4.07028640933115,492.49021493160876,66.55470424316455,45.07263728622506,56.4201923585339,0.43433313091157266,0.253807759001832,0.6921782101441176,6.930553139472256,0.4600632206296682,0.06222804828409531,3.750001930711025,0.9438458778378371,0.44714817920185707,29.046839656469455,80.54300499960605,63.66183047196417,4,KL-4
66.23955708045403,42.19234858305944,-0.6020582884500778,3.6091751503224097,683.8733896807181,58.16677491279397,36.30496440073175,81.7990192799277,0.35450761710994244,0.08480777539145996,0.7955213407971966,6.479278924184095,0.4942169156051614,0.01997156373350015,2.4262266524013847,0.013496333766646537,0.37213796498057367,32.25885871211669,94.11263053984896,67.95569371731312,4,KL-4
116.61352045238749,39.347963187085554,0.5012479127848242,4.408365384633001,589.7592349756864,74.98858860022897,43.42301422084366,74.10022119866599,0.4885571990756607,0.02017559364538985,0.7196476849136889,6.248726834669268,0.436064224147529,0.09952333077139659,2.2010926205326697,0.951061158596031,0.49383829374938165,23.513070336167935,89.98246988157956,72.00713823496224,4,KL-4
112.40183101494118,45.50863922918146,0.01176163527346656,3.3166285058256957,255.274534026426,55.50804593416681,35.47657496792411,96.43894914309871,0.41560847770369275,0.2536549404180787,0.7070222113023878,5.76506709616954,0.41685716845001425,0.1260301958628622,3.3613942098030574,1.0215953405514036,0.42454406147425505,39.685524219039976,89.28069340921913,78.55894726832116,4,KL-4
81.70676652173158,41.28971460990029,-0.45154078046330753,3.5654614268185414,481.9977971299936,61.125734389612454,34.34261271603057,67.1763798728135,0.4084372482908353,0.21648832784931796,0.7423177898224786,6.151741841177337,0.4332349073097354,0.09659689878753092,2.6958092946444876,2.4870407213255543,0.328368228725591,44.46944861282932,94.50155538455621,71.56050244390906,4,KL-4
116.09379474098253,46.68207701692266,1.0538958219148704,4.364320672155597,768.1358683683279,57.689105950641725,51.058012141499056,83.30444796482455,0.3270275613528774,0.20110780017819063,0.7995806621281182,6.406426133581342,0.5653156657488243,0.10506610653624035,4.454103674080095,0.554870913487474,0.32433761161610636,31.55936079650467,100.68426716937745,68.59507915895205,4,KL-4
118.86337588814109,43.664605773567985,0.5404054105978509,5.163087283557126,778.1186209817621,63.51822446187858,47.46958806569155,52.61398673040688,0.5321676695747234,0.12166720232069261,0.7654702662419837,6.438809670091264,0.5095964049961774,0.1125718014338068,3.5659322288853796,0.07638253158643936,0.24985911514994094,34.86364348584243,70.11365120932572,63.41246418074451,4,KL-4
82.19400882748732,40.68055074202572,0.39091096507183914,4.593132075729684,663.1333452078238,68.52600903197634,50.70379635236548,86.75233060196287,0.4293148295016515,0.09740661412428271,0.7641165832395408,6.421938149335162,0.486549858636483,0.09332733220228817,2.684762128595856,0.948157990731978,0.45499820232522487,33.566189279465085,88.9989474081782,64.04426408353149,4,KL-4
92.19842873521878,52.38898243021039,0.7997675398959463,4.987131102072742,694.0882772349996,64.86624767141677,49.35128501151511,81.32992069853385,0.4569584616270206,0.16192825499010882,0.7676220826999841,6.7797549298805215,0.46600339477913355,0.10668922870344975,3.7277122432705236,4.366289627402756,0.3906614025999213,26.539713884886247,96.57422297363314,71.7315627678913,4,KL-4
140.96583727776428,42.38612448671814,0.3990277125554144,3.7500661299910565,506.60472224905624,43.75362984427153,34.12780740945947,89.25216920552528,0.3911607927445956,0.22170170596218086,0.7733829009345181,6.73268235010856,0.44936292676904754,0.10618835695960979,3.4382464770498036,1.2735049505597589,0.4733065326993749,39.23733024674375,94.2142414744217,72.16599180953766,4,KL-4
107.20469680846301,46.73693808737084,-0.019445604057442473,3.5015916740984454,568.7826697513129,63.99889288378294,53.01281930066792,83.32696381010483,0.3179539952026676,0.16485465723396767,0.7442924391236767,6.268955879271701,0.404668391795231,0.031241862082815375,3.380218288477967,1.3407593372817743,0.420619547332338,31.62703876998913,83.08806708601227,68.22200486739258,4,KL-4
124.6343908924758,38.80010256404739,0.2300129558070491,2.449295088734461,748.2439920551565,51.91297486175169,40.02392889718078,68.81142176949187,0.40746995294581967,0.25400601201452133,0.7815944382695993,5.876368946272025,0.3969154787845984,0.09341600681189374,2.9266536410469044,1.5826129162995792,0.4091607710181436,22.758437757961286,82.39477471463975,77.24061385229686,4,KL-4
126.90202886434513,30.846764013212923,0.02865351472317916,4.0577586858730275,651.109829107449,57.52184657266978,52.292178232672164,55.9464812315577,0.4202766929781829,0.14275643947878247,0.7170158902012482,6.491678968388785,0.4216044661743394,0.04281651501121507,3.2522705109830796,3.4836885161464206,0.4652323399059466,29.420615912022132,94.8919754721621,70.47069566496089,4,KL-4
115.90905220992902,39.59800499393772,0.09985884287011626,4.303237625085153,607.7938060664462,65.5146334946987,41.74883390028704,62.775365195631544,0.4734208016731874,0.16883929561042493,0.7825503825472765,7.423168773807728,0.4023110060098983,0.08885485484677733,1.7382252596444014,1.6349358462781474,0.3921668037347708,26.028071567833614,87.56830031008839,66.1088912280796,4,KL-4
125.25862026783918,30.17530776160124,-0.20308146634369656,3.7599956834182353,577.5829748528378,51.041912732679684,46.131630878793224,48.866195353622565,0.4215974071288694,0.24219206328106213,0.7928492673916995,6.460621387639522,0.41960935189900767,0.07514157153481697,3.7902536425332305,0.2393032302246545,0.37341087496717584,33.61108968595728,98.12957058835333,64.75966459797532,4,KL-4
78.30667462752923,41.57882279908451,-0.08800823032012785,3.3786389391202123,740.9366401481649,69.24758405988041,46.43227928947017,58.94921162579548,0.3925320912242176,0.17738509901092603,0.784956829728349,6.15203802381339,0.44490521869402105,0.12102033763103484,0.9383625661991866,0.5779386762272577,0.39999101016146205,33.58111144906631,86.31843847072628,64.22284258567105,4,KL-4
106.54205882479013,51.81188208723432,0.6578342130674701,4.994722751874505,734.6438584260176,57.17291280359014,51.1320038528439,75.11033619050119,0.32973284822861326,0.1803590023806442,0.7875514415847049,6.56791807623358,0.44873492057185205,0.09733238277629992,2.7347261435844508,0.5203213786958367,0.4673398765785813,38.93081998859528,80.51733429675812,73.8402159952315,4,KL-4
63.79101909239109,37.568289867540095,0.4328301755212992,4.505443421757323,677.9606100922514,77.36749898334492,26.65453878991129,69.42696545409777,0.4538762796338198,0.1613906927810712,0.7732432820115073,6.597868129380636,0.41898093623077626,0.10419578538264686,2.0425736680835795,1.7724969823752272,0.324653529179975,42.149029041181564,63.83838875670061,65.02925835708588,4,KL-4
83.80859503149128,30.36373685443487,0.09879477898739657,5.050260360415209,607.9530079299074,60.5494226063501,27.23602287290573,67.31691831841334,0.3862751844983306,0.1502635555518291,0.8086721457671308,6.592325300202888,0.4747604777320102,0.08425647846113248,2.699489315261086,0.07596623425204231,0.4739775740391851,42.55723380450076,82.23476190459395,70.8605416584546,4,KL-4
101.80978254522579,52.00154194607516,-0.11121274578525411,3.2371367239870366,557.1892217079854,73.64274194121415,49.71710865102176,60.482765008630025,0.5556645227012558,0.22125064123377258,0.636419310801067,6.98644009752285,0.44054968139258077,0.12156543787819088,2.9555296365527366,0.83384948089908,0.4050689079704526,27.873219189470667,70.22854947926618,63.212080573396456,4,KL-4
100.01923341505729,40.14787142005449,0.13784120847682677,3.4334126987615816,683.1616463621656,69.58143379626807,46.56362464993363,48.73121186970058,0.4620117329070481,0.2290223776786775,0.7926872978782581,6.493046478476735,0.46073493155890893,0.04208023978431799,2.281923879650273,2.3361045584169005,0.36927398887285284,36.09632265515921,63.045467598896174,68.66378885915215,4,KL-4
110.6211543371372,42.905569706987876,-0.37353992118682755,4.962541794601277,467.77081860306237,55.11115934356402,35.24356351811379,72.184997358847,0.4949682272026392,0.21362890625307693,0.8487728763578938,6.962706117705174,0.41277048075332123,0.06313492643635982,1.3353136544164557,1.094908801173228,0.41465983091028674,36.98424061414429,74.6134592415299,69.56368613898077,4,KL-4
109.69024232595515,47.729679814786465,0.350652239769741,3.9621223361953675,492.65161828961493,49.58647417893182,46.643089090167415,74.54992230962372,0.43009690669686623,0.16302898366679353,0.7189052262520571,6.4151170568687546,0.48464362772550035,0.1285892136482641,3.1242394344846347,3.0750405085384753,0.49411158075389405,30.382568289600332,93.43734785663975,88.91313174614062,4,KL-4
