rmse,absrel,delta1,delta2,delta3
0.02922926677080492,0.0033453163884890574,0.9998906250000001,0.9999991319444445,1.0
