miou,pixel_acc,mean_acc,fw_iou,dice
0.002211820128468747,0.2797760416666667,0.005703193548566075,0.1221110368689383,0.0033608069595919827
