epoch,loss
1,4.911473107337952
2,3.615092666943868
3,3.263513735930125
4,3.13668897151947
5,3.096834111213684
